Message ID,Thread ID,User ID,Organisation ID,Timestamp,Message Type
MSG005025,THR01199,USR0261,ORG078,2026-08-09 18:30,question
MSG000613,THR00165,USR0216,ORG064,2026-02-12 19:32,question
MSG004991,THR01191,USR0032,ORG012,2026-08-30 08:24,question
MSG004632,THR01122,USR0172,ORG051,2026-08-13 11:53,assistant_response
MSG004780,THR01151,USR0012,ORG004,2026-08-11 20:11,assistant_response
MSG001887,THR00487,USR0112,ORG036,2026-04-07 13:42,question
MSG004897,THR01174,USR0005,ORG002,2026-08-04 21:41,question
MSG005052,THR01204,USR0028,ORG011,2026-08-14 18:15,assistant_response
MSG003769,THR00926,USR0180,ORG054,2026-07-10 21:55,question
MSG002767,THR00699,USR0170,ORG050,2026-06-07 13:13,question
MSG000187,THR00056,USR0111,ORG036,2026-01-27 11:40,question
MSG005220,THR01247,USR0156,ORG047,2026-08-03 12:07,assistant_response
MSG003713,THR00912,USR0083,ORG027,2026-07-23 16:29,question
MSG004710,THR01138,USR0079,ORG025,2026-08-04 18:27,assistant_response
MSG000854,THR00231,USR0093,ORG030,2026-03-22 07:46,assistant_response
MSG000201,THR00059,USR0264,ORG079,2026-01-19 14:45,question
MSG005332,THR01272,USR0268,ORG080,2026-08-21 10:34,assistant_response
MSG004108,THR01008,USR0140,ORG043,2026-07-05 07:26,assistant_response
MSG003339,THR00819,USR0078,ORG025,2026-06-22 21:35,question
MSG004039,THR00993,USR0258,ORG077,2026-07-26 17:14,question
MSG003816,THR00937,USR0133,ORG042,2026-07-21 22:44,assistant_response
MSG003360,THR00823,USR0177,ORG053,2026-06-02 16:00,assistant_response
MSG002250,THR00574,USR0261,ORG078,2026-05-13 17:57,assistant_response
MSG003961,THR00973,USR0233,ORG068,2026-07-04 10:16,question
MSG000360,THR00103,USR0208,ORG061,2026-02-10 21:08,assistant_response
MSG002880,THR00718,USR0014,ORG005,2026-06-12 09:44,assistant_response
MSG000362,THR00104,USR0213,ORG063,2026-02-16 21:13,assistant_response
MSG003121,THR00772,USR0160,ORG048,2026-06-01 16:44,question
MSG000910,THR00246,USR0176,ORG053,2026-03-21 10:53,assistant_response
MSG001537,THR00401,USR0046,ORG016,2026-04-07 21:21,question
MSG005230,THR01250,USR0030,ORG011,2026-08-12 07:10,assistant_response
MSG003255,THR00804,USR0250,ORG076,2026-06-22 20:08,question
MSG004757,THR01146,USR0085,ORG028,2026-08-23 07:42,question
MSG004142,THR01015,USR0074,ORG024,2026-07-04 12:17,assistant_response
MSG000526,THR00141,USR0090,ORG029,2026-02-14 13:11,assistant_response
MSG000827,THR00227,USR0169,ORG050,2026-03-15 17:27,question
MSG004874,THR01170,USR0009,ORG004,2026-08-30 11:44,assistant_response
MSG001791,THR00464,USR0161,ORG048,2026-04-01 14:42,question
MSG000467,THR00128,USR0167,ORG050,2026-02-22 22:33,question
MSG003270,THR00806,USR0093,ORG030,2026-06-15 20:41,assistant_response
MSG001777,THR00461,USR0054,ORG018,2026-04-14 22:51,question
MSG004671,THR01132,USR0067,ORG022,2026-08-16 13:28,question
MSG004536,THR01099,USR0252,ORG076,2026-08-04 20:31,assistant_response
MSG000412,THR00115,USR0259,ORG077,2026-02-15 15:52,assistant_response
MSG004678,THR01134,USR0217,ORG064,2026-08-15 22:48,assistant_response
MSG000437,THR00120,USR0154,ORG047,2026-02-19 17:32,question
MSG003097,THR00769,USR0051,ORG017,2026-06-27 11:13,question
MSG001615,THR00419,USR0097,ORG031,2026-04-05 14:57,question
MSG001123,THR00297,USR0256,ORG077,2026-03-21 09:39,question
MSG004235,THR01032,USR0094,ORG031,2026-07-13 19:54,question
MSG004133,THR01014,USR0161,ORG048,2026-07-11 19:51,question
MSG000420,THR00115,USR0259,ORG077,2026-02-15 15:56,assistant_response
MSG002894,THR00720,USR0099,ORG032,2026-06-08 08:26,assistant_response
MSG005073,THR01208,USR0115,ORG037,2026-08-23 14:33,question
MSG001991,THR00508,USR0021,ORG008,2026-05-22 17:39,question
MSG003327,THR00817,USR0043,ORG015,2026-06-05 10:04,question
MSG001519,THR00396,USR0206,ORG061,2026-04-02 19:58,question
MSG000199,THR00058,USR0235,ORG069,2026-01-03 10:55,question
MSG001364,THR00356,USR0245,ORG074,2026-04-01 17:58,assistant_response
MSG002707,THR00685,USR0006,ORG003,2026-06-21 19:03,question
MSG001221,THR00324,USR0158,ORG047,2026-03-04 13:37,question
MSG002345,THR00599,USR0066,ORG022,2026-05-02 20:30,question
MSG000179,THR00054,USR0075,ORG024,2026-01-05 08:32,question
MSG000675,THR00185,USR0112,ORG036,2026-02-16 13:59,question
MSG001104,THR00293,USR0197,ORG058,2026-03-12 20:32,assistant_response
MSG004477,THR01086,USR0155,ORG047,2026-08-25 21:10,question
MSG002814,THR00706,USR0157,ORG047,2026-06-11 22:37,assistant_response
MSG002571,THR00658,USR0135,ORG042,2026-05-18 18:29,question
MSG000143,THR00044,USR0122,ORG039,2026-01-15 16:50,question
MSG001163,THR00307,USR0084,ORG027,2026-03-16 18:33,question
MSG005075,THR01209,USR0170,ORG050,2026-08-26 19:13,question
MSG001801,THR00466,USR0198,ORG059,2026-04-05 08:00,question
MSG003247,THR00802,USR0097,ORG031,2026-06-18 20:02,question
MSG000680,THR00186,USR0061,ORG020,2026-02-24 22:58,assistant_response
MSG003470,THR00854,USR0022,ORG008,2026-06-13 10:13,assistant_response
MSG004336,THR01053,USR0021,ORG008,2026-07-15 18:45,assistant_response
MSG002579,THR00660,USR0187,ORG055,2026-05-25 14:34,question
MSG005322,THR01271,USR0018,ORG007,2026-08-29 13:28,assistant_response
MSG002078,THR00527,USR0035,ORG013,2026-05-09 10:15,assistant_response
MSG003025,THR00755,USR0035,ORG013,2026-06-10 16:33,question
MSG002897,THR00720,USR0099,ORG032,2026-06-08 08:34,question
MSG003418,THR00839,USR0133,ORG042,2026-06-27 15:11,assistant_response
MSG001668,THR00436,USR0008,ORG004,2026-04-29 17:49,assistant_response
MSG000689,THR00189,USR0255,ORG077,2026-02-15 11:05,question
MSG003380,THR00827,USR0022,ORG008,2026-06-04 18:54,assistant_response
MSG002248,THR00574,USR0261,ORG078,2026-05-13 17:51,assistant_response
MSG005248,THR01254,USR0235,ORG069,2026-08-09 13:00,assistant_response
MSG003947,THR00969,USR0053,ORG018,2026-07-24 12:04,question
MSG000116,THR00038,USR0048,ORG016,2026-01-21 20:32,assistant_response
MSG004560,THR01105,USR0054,ORG018,2026-08-23 09:20,assistant_response
MSG002518,THR00644,USR0128,ORG041,2026-05-13 21:15,assistant_response
MSG002625,THR00670,USR0098,ORG031,2026-06-07 14:41,question
MSG004374,THR01062,USR0029,ORG011,2026-07-24 09:35,assistant_response
MSG001920,THR00495,USR0262,ORG078,2026-04-26 16:48,assistant_response
MSG002442,THR00624,USR0018,ORG007,2026-05-22 19:16,assistant_response
MSG001270,THR00333,USR0156,ORG047,2026-03-27 08:15,assistant_response
MSG001989,THR00508,USR0021,ORG008,2026-05-22 17:30,question
MSG002499,THR00639,USR0005,ORG002,2026-05-08 09:09,question
MSG004213,THR01027,USR0095,ORG031,2026-07-21 21:50,question
MSG003601,THR00887,USR0077,ORG025,2026-07-30 07:26,question
MSG003496,THR00859,USR0055,ORG018,2026-07-04 22:39,assistant_response
MSG004043,THR00994,USR0104,ORG033,2026-07-16 09:56,question
MSG000716,THR00194,USR0252,ORG076,2026-02-15 12:48,assistant_response
MSG000668,THR00184,USR0021,ORG008,2026-02-28 09:18,assistant_response
MSG005240,THR01252,USR0036,ORG014,2026-08-13 13:22,assistant_response
MSG005357,THR01280,USR0206,ORG061,2026-08-21 17:00,question
MSG003196,THR00790,USR0176,ORG053,2026-06-18 14:11,assistant_response
MSG001092,THR00291,USR0078,ORG025,2026-03-30 20:39,assistant_response
MSG001010,THR00275,USR0138,ORG043,2026-03-21 20:24,assistant_response
MSG005198,THR01242,USR0066,ORG022,2026-08-10 07:37,assistant_response
MSG003422,THR00840,USR0103,ORG033,2026-06-20 19:13,assistant_response
MSG001289,THR00337,USR0032,ORG012,2026-03-27 14:08,question
MSG005078,THR01210,USR0004,ORG002,2026-08-12 07:04,assistant_response
MSG000979,THR00267,USR0053,ORG018,2026-03-24 14:19,question
MSG001111,THR00294,USR0044,ORG016,2026-03-08 17:07,question
MSG003373,THR00825,USR0200,ORG059,2026-06-16 15:10,question
MSG000911,THR00247,USR0090,ORG029,2026-03-18 12:21,question
MSG000357,THR00103,USR0208,ORG061,2026-02-10 21:04,question
MSG003167,THR00785,USR0058,ORG019,2026-06-12 22:36,question
MSG005120,THR01223,USR0034,ORG013,2026-08-06 20:08,assistant_response
MSG000235,THR00069,USR0243,ORG073,2026-01-09 08:51,question
MSG004330,THR01052,USR0019,ORG007,2026-07-16 15:10,assistant_response
MSG005119,THR01223,USR0034,ORG013,2026-08-06 20:08,question
MSG004831,THR01164,USR0238,ORG071,2026-08-31 16:50,question
MSG005363,THR01282,USR0112,ORG036,2026-08-14 16:49,question
MSG000061,THR00023,USR0253,ORG076,2026-01-15 21:49,question
MSG004274,THR01039,USR0097,ORG031,2026-07-14 12:32,assistant_response
MSG001047,THR00280,USR0025,ORG009,2026-03-02 10:40,question
MSG002113,THR00539,USR0149,ORG046,2026-05-05 21:32,question
MSG000859,THR00233,USR0210,ORG062,2026-03-22 22:08,question
MSG004698,THR01136,USR0109,ORG035,2026-08-15 22:05,assistant_response
MSG001082,THR00289,USR0071,ORG023,2026-03-13 11:42,assistant_response
MSG002878,THR00717,USR0137,ORG043,2026-06-20 14:38,assistant_response
MSG002270,THR00582,USR0205,ORG060,2026-05-12 19:25,assistant_response
MSG002845,THR00713,USR0070,ORG023,2026-06-14 11:41,question
MSG004707,THR01138,USR0079,ORG025,2026-08-04 18:22,question
MSG003469,THR00854,USR0022,ORG008,2026-06-13 10:13,question
MSG003457,THR00850,USR0200,ORG059,2026-06-29 10:41,question
MSG003821,THR00937,USR0133,ORG042,2026-07-21 22:59,question
MSG001760,THR00457,USR0225,ORG065,2026-04-20 15:56,assistant_response
MSG001226,THR00324,USR0158,ORG047,2026-03-04 13:39,assistant_response
MSG002628,THR00671,USR0213,ORG063,2026-06-24 10:49,assistant_response
MSG000255,THR00077,USR0223,ORG065,2026-01-09 08:04,question
MSG001976,THR00506,USR0112,ORG036,2026-05-31 22:35,assistant_response
MSG001303,THR00341,USR0026,ORG010,2026-03-06 20:53,question
MSG003163,THR00784,USR0170,ORG050,2026-06-26 17:33,question
MSG002757,THR00697,USR0044,ORG016,2026-06-04 08:22,question
MSG003654,THR00898,USR0035,ORG013,2026-07-18 13:13,assistant_response
MSG003316,THR00815,USR0156,ORG047,2026-06-24 15:05,assistant_response
MSG004747,THR01145,USR0174,ORG052,2026-08-18 08:45,question
MSG001282,THR00335,USR0154,ORG047,2026-03-09 12:21,assistant_response
MSG004276,THR01040,USR0231,ORG068,2026-07-30 14:23,assistant_response
MSG003354,THR00823,USR0177,ORG053,2026-06-02 15:48,assistant_response
MSG002346,THR00599,USR0066,ORG022,2026-05-02 20:30,assistant_response
MSG004927,THR01180,USR0117,ORG038,2026-08-29 15:24,question
MSG002275,THR00584,USR0179,ORG054,2026-05-12 15:14,question
MSG003174,THR00786,USR0066,ORG022,2026-06-17 10:25,assistant_response
MSG002279,THR00585,USR0207,ORG061,2026-05-19 07:16,question
MSG001242,THR00327,USR0202,ORG060,2026-03-03 08:27,assistant_response
MSG003289,THR00811,USR0144,ORG044,2026-06-15 09:35,question
MSG001744,THR00453,USR0052,ORG017,2026-04-29 15:41,assistant_response
MSG000820,THR00225,USR0254,ORG076,2026-03-20 13:29,assistant_response
MSG000149,THR00045,USR0123,ORG039,2026-01-10 23:07,question
MSG001827,THR00473,USR0156,ORG047,2026-04-29 13:41,question
MSG002258,THR00578,USR0267,ORG080,2026-05-10 08:49,assistant_response
MSG005156,THR01236,USR0141,ORG044,2026-08-07 11:59,assistant_response
MSG001324,THR00348,USR0164,ORG049,2026-04-20 14:04,assistant_response
MSG000611,THR00165,USR0216,ORG064,2026-02-12 19:28,question
MSG005023,THR01199,USR0261,ORG078,2026-08-09 18:26,question
MSG002770,THR00699,USR0170,ORG050,2026-06-07 13:16,assistant_response
MSG002283,THR00587,USR0263,ORG079,2026-05-31 15:56,question
MSG002982,THR00742,USR0153,ORG046,2026-06-11 09:03,assistant_response
MSG004988,THR01190,USR0225,ORG065,2026-08-25 10:40,assistant_response
MSG001449,THR00379,USR0103,ORG033,2026-04-04 07:13,question
MSG004110,THR01009,USR0091,ORG029,2026-07-21 08:46,assistant_response
MSG005080,THR01211,USR0059,ORG020,2026-08-05 16:28,assistant_response
MSG002234,THR00570,USR0142,ORG044,2026-05-22 19:48,assistant_response
MSG000708,THR00192,USR0079,ORG025,2026-02-07 17:14,assistant_response
MSG000658,THR00180,USR0116,ORG037,2026-02-10 11:51,assistant_response
MSG004341,THR01055,USR0146,ORG045,2026-07-06 12:47,question
MSG004034,THR00992,USR0051,ORG017,2026-07-26 22:09,assistant_response
MSG002163,THR00552,USR0170,ORG050,2026-05-24 10:32,question
MSG002154,THR00548,USR0265,ORG079,2026-05-13 19:07,assistant_response
MSG001230,THR00325,USR0144,ORG044,2026-03-03 08:58,assistant_response
MSG002830,THR00708,USR0132,ORG042,2026-06-29 20:02,assistant_response
MSG004961,THR01186,USR0116,ORG037,2026-08-23 20:06,question
MSG004149,THR01016,USR0029,ORG011,2026-07-16 18:44,question
MSG004799,THR01157,USR0104,ORG033,2026-08-08 14:31,question
MSG000925,THR00250,USR0110,ORG036,2026-03-07 15:49,question
MSG001232,THR00326,USR0267,ORG080,2026-03-14 18:29,assistant_response
MSG000500,THR00136,USR0056,ORG018,2026-02-20 14:15,assistant_response
MSG001738,THR00452,USR0057,ORG019,2026-04-27 22:11,assistant_response
MSG003169,THR00785,USR0058,ORG019,2026-06-12 22:35,question
MSG001714,THR00446,USR0079,ORG025,2026-04-07 07:19,assistant_response
MSG002421,THR00618,USR0231,ORG068,2026-05-14 12:29,question
MSG003518,THR00864,USR0021,ORG008,2026-07-05 10:54,assistant_response
MSG000364,THR00105,USR0161,ORG048,2026-02-28 17:46,assistant_response
MSG003629,THR00891,USR0009,ORG004,2026-07-16 16:15,question
MSG003997,THR00983,USR0241,ORG072,2026-07-16 12:32,question
MSG002713,THR00687,USR0026,ORG010,2026-06-22 19:28,question
MSG003932,THR00965,USR0234,ORG069,2026-07-20 16:55,assistant_response
MSG005153,THR01236,USR0141,ORG044,2026-08-07 11:54,question
MSG003336,THR00819,USR0078,ORG025,2026-06-22 21:23,assistant_response
MSG000155,THR00048,USR0071,ORG023,2026-01-28 15:03,question
MSG003138,THR00774,USR0081,ORG026,2026-06-09 10:20,assistant_response
MSG002253,THR00576,USR0075,ORG024,2026-05-16 20:05,question
MSG002004,THR00510,USR0152,ORG046,2026-05-29 13:22,assistant_response
MSG000937,THR00252,USR0059,ORG020,2026-03-09 22:49,question
MSG001136,THR00300,USR0111,ORG036,2026-03-02 08:50,assistant_response
MSG002005,THR00511,USR0004,ORG002,2026-05-21 09:13,question
MSG001923,THR00496,USR0161,ORG048,2026-05-31 08:05,question
MSG001988,THR00508,USR0021,ORG008,2026-05-22 17:28,assistant_response
MSG002252,THR00575,USR0027,ORG010,2026-05-06 19:40,assistant_response
MSG005213,THR01246,USR0097,ORG031,2026-08-16 10:21,question
MSG001450,THR00379,USR0103,ORG033,2026-04-04 07:13,assistant_response
MSG003181,THR00787,USR0037,ORG014,2026-06-26 16:34,question
MSG001166,THR00308,USR0133,ORG042,2026-03-06 18:08,assistant_response
MSG004024,THR00988,USR0160,ORG048,2026-07-19 10:00,assistant_response
MSG001391,THR00360,USR0166,ORG050,2026-04-05 13:04,question
MSG001228,THR00324,USR0158,ORG047,2026-03-04 13:57,assistant_response
MSG003141,THR00776,USR0146,ORG045,2026-06-19 14:10,question
MSG000275,THR00084,USR0199,ORG059,2026-01-30 10:20,question
MSG003795,THR00930,USR0210,ORG062,2026-07-21 15:26,question
MSG001080,THR00289,USR0071,ORG023,2026-03-13 11:41,assistant_response
MSG005060,THR01205,USR0097,ORG031,2026-08-22 22:56,assistant_response
MSG001512,THR00394,USR0177,ORG053,2026-04-29 20:16,assistant_response
MSG001560,THR00405,USR0185,ORG055,2026-04-23 13:17,assistant_response
MSG004656,THR01128,USR0120,ORG038,2026-08-12 16:18,assistant_response
MSG001006,THR00273,USR0065,ORG021,2026-03-23 11:15,assistant_response
MSG001971,THR00505,USR0207,ORG061,2026-05-03 18:23,question
MSG002785,THR00702,USR0139,ORG043,2026-06-02 22:05,question
MSG003829,THR00940,USR0185,ORG055,2026-07-14 18:03,question
MSG000491,THR00133,USR0195,ORG057,2026-02-13 18:55,question
MSG000306,THR00093,USR0038,ORG014,2026-01-05 17:41,assistant_response
MSG001350,THR00354,USR0073,ORG024,2026-04-19 13:53,assistant_response
MSG001929,THR00497,USR0227,ORG066,2026-05-27 15:04,question
MSG003345,THR00821,USR0044,ORG016,2026-06-05 11:53,question
MSG003000,THR00748,USR0030,ORG011,2026-06-04 09:37,assistant_response
MSG001439,THR00375,USR0106,ORG034,2026-04-07 20:49,question
MSG001845,THR00477,USR0268,ORG080,2026-04-12 10:16,question
MSG002711,THR00686,USR0164,ORG049,2026-06-18 11:22,question
MSG002335,THR00598,USR0141,ORG044,2026-05-16 12:48,question
MSG003565,THR00879,USR0224,ORG065,2026-07-05 13:59,question
MSG000148,THR00045,USR0123,ORG039,2026-01-10 23:03,assistant_response
MSG003648,THR00896,USR0029,ORG011,2026-07-17 18:56,assistant_response
MSG002294,THR00590,USR0015,ORG006,2026-05-16 10:16,assistant_response
MSG002868,THR00715,USR0211,ORG062,2026-06-10 21:53,assistant_response
MSG000858,THR00232,USR0108,ORG035,2026-03-15 17:00,assistant_response
MSG003717,THR00913,USR0079,ORG025,2026-07-06 14:07,question
MSG001678,THR00438,USR0067,ORG022,2026-04-04 19:33,assistant_response
MSG001041,THR00279,USR0146,ORG045,2026-03-11 11:36,question
MSG000178,THR00054,USR0075,ORG024,2026-01-05 08:24,assistant_response
MSG001702,THR00443,USR0020,ORG008,2026-04-13 15:54,assistant_response
MSG002627,THR00671,USR0213,ORG063,2026-06-24 10:49,question
MSG000460,THR00124,USR0088,ORG029,2026-02-17 19:19,assistant_response
MSG004662,THR01129,USR0072,ORG024,2026-08-23 19:33,assistant_response
MSG004491,THR01090,USR0222,ORG065,2026-08-14 22:52,question
MSG000457,THR00124,USR0088,ORG029,2026-02-17 19:10,question
MSG002053,THR00522,USR0192,ORG057,2026-05-31 07:37,question
MSG001852,THR00479,USR0202,ORG060,2026-04-07 21:52,assistant_response
MSG005277,THR01259,USR0094,ORG031,2026-08-23 10:25,question
MSG002099,THR00535,USR0072,ORG024,2026-05-29 13:16,question
MSG005164,THR01237,USR0005,ORG002,2026-08-25 16:26,assistant_response
MSG004926,THR01180,USR0117,ORG038,2026-08-29 15:18,assistant_response
MSG003646,THR00895,USR0139,ORG043,2026-07-23 14:02,assistant_response
MSG004082,THR01003,USR0154,ORG047,2026-07-28 20:26,assistant_response
MSG004187,THR01021,USR0131,ORG041,2026-07-10 10:03,question
MSG004681,THR01134,USR0217,ORG064,2026-08-15 23:01,question
MSG000545,THR00145,USR0235,ORG069,2026-02-21 15:45,question
MSG001686,THR00440,USR0173,ORG052,2026-04-14 11:24,assistant_response
MSG001891,THR00488,USR0068,ORG022,2026-04-23 12:35,question
MSG002545,THR00650,USR0125,ORG040,2026-05-01 08:47,question
MSG003567,THR00879,USR0224,ORG065,2026-07-05 14:03,question
MSG003542,THR00872,USR0077,ORG025,2026-07-22 22:31,assistant_response
MSG003442,THR00847,USR0247,ORG074,2026-06-04 18:22,assistant_response
MSG004977,THR01188,USR0129,ORG041,2026-08-08 10:30,question
MSG000252,THR00076,USR0228,ORG066,2026-01-12 21:02,assistant_response
MSG003904,THR00960,USR0259,ORG077,2026-07-28 22:27,assistant_response
MSG001272,THR00334,USR0128,ORG041,2026-03-31 18:25,assistant_response
MSG001814,THR00468,USR0252,ORG076,2026-04-11 14:36,assistant_response
MSG001236,THR00326,USR0267,ORG080,2026-03-14 18:31,assistant_response
MSG000824,THR00226,USR0004,ORG002,2026-03-31 19:28,assistant_response
MSG000009,THR00005,USR0081,ORG026,2026-01-12 16:46,question
MSG002581,THR00661,USR0199,ORG059,2026-05-07 22:49,question
MSG001255,THR00331,USR0239,ORG071,2026-03-11 20:07,question
MSG003206,THR00792,USR0091,ORG029,2026-06-10 19:11,assistant_response
MSG001200,THR00319,USR0160,ORG048,2026-03-11 09:35,assistant_response
MSG004228,THR01030,USR0164,ORG049,2026-07-15 22:57,assistant_response
MSG002700,THR00683,USR0154,ORG047,2026-06-02 19:11,assistant_response
MSG005278,THR01259,USR0094,ORG031,2026-08-23 10:25,assistant_response
MSG003872,THR00950,USR0073,ORG024,2026-07-23 14:19,assistant_response
MSG001633,THR00426,USR0115,ORG037,2026-04-24 16:29,question
MSG001830,THR00473,USR0156,ORG047,2026-04-29 13:44,assistant_response
MSG001436,THR00374,USR0016,ORG006,2026-04-14 12:47,assistant_response
MSG004345,THR01056,USR0109,ORG035,2026-07-19 07:33,question
MSG000131,THR00041,USR0020,ORG008,2026-01-22 18:01,question
MSG000922,THR00249,USR0015,ORG006,2026-03-24 13:29,assistant_response
MSG000736,THR00200,USR0009,ORG004,2026-02-17 20:53,assistant_response
MSG002582,THR00661,USR0199,ORG059,2026-05-07 22:49,assistant_response
MSG004270,THR01039,USR0097,ORG031,2026-07-14 12:29,assistant_response
MSG000236,THR00069,USR0243,ORG073,2026-01-09 08:51,assistant_response
MSG000117,THR00039,USR0159,ORG048,2026-01-06 13:21,question
MSG002291,THR00589,USR0174,ORG052,2026-05-31 21:43,question
MSG002602,THR00665,USR0132,ORG042,2026-05-02 18:15,assistant_response
MSG004227,THR01030,USR0164,ORG049,2026-07-15 22:57,question
MSG002146,THR00547,USR0194,ORG057,2026-05-12 09:33,assistant_response
MSG003853,THR00946,USR0097,ORG031,2026-07-26 10:26,question
MSG002120,THR00540,USR0258,ORG077,2026-05-01 15:00,assistant_response
MSG003237,THR00800,USR0202,ORG060,2026-06-21 17:45,question
MSG001363,THR00356,USR0245,ORG074,2026-04-01 17:58,question
MSG003973,THR00977,USR0267,ORG080,2026-07-25 22:50,question
MSG001418,THR00369,USR0212,ORG062,2026-04-16 19:29,assistant_response
MSG004311,THR01049,USR0145,ORG044,2026-07-29 15:44,question
MSG001474,THR00386,USR0215,ORG063,2026-04-18 22:38,assistant_response
MSG000370,THR00105,USR0161,ORG048,2026-02-28 18:07,assistant_response
MSG001352,THR00354,USR0073,ORG024,2026-04-19 13:58,assistant_response
MSG000930,THR00252,USR0059,ORG020,2026-03-09 22:33,assistant_response
MSG000325,THR00098,USR0129,ORG041,2026-01-07 15:08,question
MSG002887,THR00719,USR0241,ORG072,2026-06-23 18:15,question
MSG001908,THR00493,USR0032,ORG012,2026-04-23 16:13,assistant_response
MSG003295,THR00811,USR0144,ORG044,2026-06-15 09:57,question
MSG002678,THR00681,USR0048,ORG016,2026-06-19 19:37,assistant_response
MSG002085,THR00530,USR0157,ORG047,2026-05-23 11:36,question
MSG004420,THR01075,USR0130,ORG041,2026-08-12 15:37,assistant_response
MSG001981,THR00507,USR0178,ORG053,2026-05-15 14:57,question
MSG002689,THR00682,USR0248,ORG075,2026-06-06 23:06,question
MSG000623,THR00167,USR0202,ORG060,2026-02-17 12:00,question
MSG000329,THR00099,USR0048,ORG016,2026-01-17 12:37,question
MSG003743,THR00918,USR0152,ORG046,2026-07-16 17:09,question
MSG004611,THR01116,USR0085,ORG028,2026-08-14 08:29,question
MSG004894,THR01174,USR0005,ORG002,2026-08-04 21:24,assistant_response
MSG003977,THR00978,USR0255,ORG077,2026-07-16 15:34,question
MSG001620,THR00421,USR0255,ORG077,2026-04-10 15:58,assistant_response
MSG003628,THR00891,USR0009,ORG004,2026-07-16 16:10,assistant_response
MSG004635,THR01123,USR0160,ORG048,2026-08-17 17:49,question
MSG001916,THR00494,USR0232,ORG068,2026-04-04 14:49,assistant_response
MSG002774,THR00700,USR0248,ORG075,2026-06-20 11:48,assistant_response
MSG000567,THR00153,USR0189,ORG056,2026-02-20 14:16,question
MSG002924,THR00729,USR0028,ORG011,2026-06-23 11:44,assistant_response
MSG004543,THR01102,USR0059,ORG020,2026-08-20 14:10,question
MSG001856,THR00479,USR0202,ORG060,2026-04-07 21:54,assistant_response
MSG000805,THR00221,USR0212,ORG062,2026-03-13 09:46,question
MSG000898,THR00244,USR0179,ORG054,2026-03-16 10:28,assistant_response
MSG005047,THR01204,USR0028,ORG011,2026-08-14 18:14,question
MSG003955,THR00971,USR0256,ORG077,2026-07-09 15:54,question
MSG003803,THR00933,USR0238,ORG071,2026-07-08 07:50,question
MSG005087,THR01215,USR0052,ORG017,2026-08-01 11:24,question
MSG001510,THR00393,USR0052,ORG017,2026-04-30 10:50,assistant_response
MSG004231,THR01031,USR0168,ORG050,2026-07-26 16:12,question
MSG000959,THR00261,USR0259,ORG077,2026-03-21 22:32,question
MSG000478,THR00130,USR0136,ORG043,2026-02-20 22:18,assistant_response
MSG002401,THR00615,USR0173,ORG052,2026-05-14 20:00,question
MSG001774,THR00460,USR0086,ORG028,2026-04-04 11:44,assistant_response
MSG004156,THR01016,USR0029,ORG011,2026-07-16 18:56,assistant_response
MSG002274,THR00583,USR0036,ORG014,2026-05-30 09:35,assistant_response
MSG000304,THR00092,USR0246,ORG074,2026-01-17 20:49,assistant_response
MSG002409,THR00617,USR0203,ORG060,2026-05-09 21:55,question
MSG000371,THR00105,USR0161,ORG048,2026-02-28 17:58,question
MSG003082,THR00766,USR0192,ORG057,2026-06-26 08:49,assistant_response
MSG004559,THR01105,USR0054,ORG018,2026-08-23 09:20,question
MSG000039,THR00015,USR0236,ORG070,2026-01-30 09:55,question
MSG000055,THR00022,USR0102,ORG033,2026-01-06 11:48,question
MSG002042,THR00518,USR0024,ORG009,2026-05-23 09:34,assistant_response
MSG002266,THR00580,USR0262,ORG078,2026-05-17 14:39,assistant_response
MSG001325,THR00348,USR0164,ORG049,2026-04-20 14:03,question
MSG001947,THR00500,USR0220,ORG064,2026-05-09 15:08,question
MSG003557,THR00878,USR0212,ORG062,2026-07-28 13:28,question
MSG004664,THR01129,USR0072,ORG024,2026-08-23 19:36,assistant_response
MSG003595,THR00886,USR0008,ORG004,2026-07-24 20:55,question
MSG003544,THR00873,USR0023,ORG008,2026-07-02 18:18,assistant_response
MSG004981,THR01189,USR0028,ORG011,2026-08-27 17:40,question
MSG001684,THR00440,USR0173,ORG052,2026-04-14 11:21,assistant_response
MSG000219,THR00063,USR0009,ORG004,2026-01-12 09:22,question
MSG004066,THR00997,USR0244,ORG073,2026-07-14 13:37,assistant_response
MSG005231,THR01251,USR0201,ORG059,2026-08-06 10:08,question
MSG003309,THR00814,USR0151,ORG046,2026-06-10 12:02,question
MSG002990,THR00745,USR0154,ORG047,2026-06-11 18:57,assistant_response
MSG003009,THR00750,USR0067,ORG022,2026-06-20 22:37,question
MSG001042,THR00279,USR0146,ORG045,2026-03-11 11:36,assistant_response
MSG002060,THR00524,USR0177,ORG053,2026-05-07 20:57,assistant_response
MSG000738,THR00200,USR0009,ORG004,2026-02-17 21:06,assistant_response
MSG002333,THR00597,USR0022,ORG008,2026-05-28 22:28,question
MSG001729,THR00450,USR0210,ORG062,2026-04-10 12:08,question
MSG004359,THR01060,USR0246,ORG074,2026-07-15 15:38,question
MSG005162,THR01237,USR0005,ORG002,2026-08-25 16:22,assistant_response
MSG000540,THR00144,USR0259,ORG077,2026-02-15 15:12,assistant_response
MSG000702,THR00191,USR0075,ORG024,2026-02-01 15:41,assistant_response
MSG001872,THR00482,USR0248,ORG075,2026-04-30 12:51,assistant_response
MSG004539,THR01101,USR0082,ORG027,2026-08-06 08:51,question
MSG001750,THR00454,USR0136,ORG043,2026-04-15 08:20,assistant_response
MSG002890,THR00719,USR0241,ORG072,2026-06-23 18:15,assistant_response
MSG000207,THR00061,USR0044,ORG016,2026-01-17 18:04,question
MSG001520,THR00396,USR0206,ORG061,2026-04-02 19:58,assistant_response
MSG005157,THR01236,USR0141,ORG044,2026-08-07 12:00,question
MSG003060,THR00762,USR0016,ORG006,2026-06-11 19:40,assistant_response
MSG002908,THR00724,USR0195,ORG057,2026-06-24 17:30,assistant_response
MSG003598,THR00886,USR0008,ORG004,2026-07-24 21:02,assistant_response
MSG000289,THR00087,USR0164,ORG049,2026-01-22 18:45,question
MSG003048,THR00760,USR0029,ORG011,2026-06-27 16:46,assistant_response
MSG003663,THR00900,USR0258,ORG077,2026-07-22 20:17,question
MSG001754,THR00455,USR0149,ORG046,2026-04-12 17:34,assistant_response
MSG002039,THR00518,USR0024,ORG009,2026-05-23 09:40,question
MSG000999,THR00271,USR0087,ORG029,2026-03-11 16:18,question
MSG004124,THR01011,USR0187,ORG055,2026-07-22 09:29,assistant_response
MSG003242,THR00802,USR0097,ORG031,2026-06-18 19:53,assistant_response
MSG000747,THR00205,USR0244,ORG073,2026-02-02 07:44,question
MSG004695,THR01136,USR0109,ORG035,2026-08-15 22:02,question
MSG001824,THR00472,USR0001,ORG001,2026-04-27 09:50,assistant_response
MSG003486,THR00856,USR0073,ORG024,2026-07-16 07:54,assistant_response
MSG005328,THR01272,USR0268,ORG080,2026-08-21 10:24,assistant_response
MSG002938,THR00732,USR0084,ORG027,2026-06-23 10:05,assistant_response
MSG000830,THR00227,USR0169,ORG050,2026-03-15 17:33,assistant_response
MSG004718,THR01139,USR0074,ORG024,2026-08-05 20:06,assistant_response
MSG004447,THR01079,USR0041,ORG015,2026-08-24 15:57,question
MSG001545,THR00402,USR0192,ORG057,2026-04-27 08:35,question
MSG001246,THR00328,USR0150,ORG046,2026-03-09 17:59,assistant_response
MSG002461,THR00628,USR0188,ORG055,2026-05-14 15:09,question
MSG000404,THR00112,USR0241,ORG072,2026-02-10 07:54,assistant_response
MSG000305,THR00093,USR0038,ORG014,2026-01-05 17:41,question
MSG003709,THR00912,USR0083,ORG027,2026-07-23 16:17,question
MSG000243,THR00073,USR0266,ORG079,2026-01-09 09:46,question
MSG001496,THR00391,USR0142,ORG044,2026-04-17 21:58,assistant_response
MSG005001,THR01192,USR0034,ORG013,2026-08-26 11:27,question
MSG004938,THR01181,USR0130,ORG041,2026-08-22 21:12,assistant_response
MSG004932,THR01180,USR0117,ORG038,2026-08-29 15:32,assistant_response
MSG003111,THR00770,USR0268,ORG080,2026-06-04 07:23,question
MSG001584,THR00410,USR0114,ORG036,2026-04-21 14:43,assistant_response
MSG002375,THR00608,USR0265,ORG079,2026-05-18 17:50,question
MSG000403,THR00112,USR0241,ORG072,2026-02-10 07:54,question
MSG003356,THR00823,USR0177,ORG053,2026-06-02 15:50,assistant_response
MSG002054,THR00522,USR0192,ORG057,2026-05-31 07:37,assistant_response
MSG002147,THR00548,USR0265,ORG079,2026-05-13 18:52,question
MSG002318,THR00595,USR0136,ORG043,2026-05-07 14:18,assistant_response
MSG004563,THR01106,USR0055,ORG018,2026-08-26 10:52,question
MSG002644,THR00676,USR0110,ORG036,2026-06-13 15:23,assistant_response
MSG003776,THR00927,USR0228,ORG066,2026-07-24 20:58,assistant_response
MSG004648,THR01127,USR0003,ORG002,2026-08-15 17:15,assistant_response
MSG002468,THR00631,USR0221,ORG065,2026-05-26 16:38,assistant_response
MSG004262,THR01037,USR0098,ORG031,2026-07-31 15:20,assistant_response
MSG002756,THR00697,USR0044,ORG016,2026-06-04 08:15,assistant_response
MSG003792,THR00929,USR0156,ORG047,2026-07-16 17:07,assistant_response
MSG003459,THR00851,USR0225,ORG065,2026-06-24 13:08,question
MSG005295,THR01262,USR0259,ORG077,2026-08-25 17:26,question
MSG002819,THR00707,USR0181,ORG054,2026-06-12 16:29,question
MSG005211,THR01245,USR0201,ORG059,2026-08-13 13:25,question
MSG004453,THR01081,USR0236,ORG070,2026-08-23 20:00,question
MSG002148,THR00548,USR0265,ORG079,2026-05-13 18:52,assistant_response
MSG000257,THR00077,USR0223,ORG065,2026-01-09 08:07,question
MSG002272,THR00582,USR0205,ORG060,2026-05-12 19:26,assistant_response
MSG004319,THR01050,USR0085,ORG028,2026-07-11 22:55,question
MSG000119,THR00039,USR0159,ORG048,2026-01-06 13:23,question
MSG000391,THR00109,USR0161,ORG048,2026-02-07 12:37,question
MSG003778,THR00928,USR0218,ORG064,2026-07-24 20:08,assistant_response
MSG002932,THR00731,USR0013,ORG005,2026-06-06 21:39,assistant_response
MSG005355,THR01279,USR0119,ORG038,2026-08-07 10:22,question
MSG004638,THR01124,USR0133,ORG042,2026-08-08 16:46,assistant_response
MSG005118,THR01223,USR0034,ORG013,2026-08-06 20:00,assistant_response
MSG002550,THR00652,USR0174,ORG052,2026-05-30 08:03,assistant_response
MSG004010,THR00986,USR0188,ORG055,2026-07-12 07:50,assistant_response
MSG001779,THR00461,USR0054,ORG018,2026-04-14 22:53,question
MSG000176,THR00054,USR0075,ORG024,2026-01-05 08:18,assistant_response
MSG004739,THR01143,USR0259,ORG077,2026-08-21 21:48,question
MSG000842,THR00228,USR0070,ORG023,2026-03-10 17:54,assistant_response
MSG004594,THR01111,USR0044,ORG016,2026-08-09 18:51,assistant_response
MSG000883,THR00239,USR0221,ORG065,2026-03-04 07:06,question
MSG004792,THR01156,USR0051,ORG017,2026-08-11 11:30,assistant_response
MSG002245,THR00573,USR0061,ORG020,2026-05-24 14:32,question
MSG003533,THR00870,USR0049,ORG017,2026-07-20 18:55,question
MSG001498,THR00391,USR0142,ORG044,2026-04-17 22:04,assistant_response
MSG005275,THR01258,USR0090,ORG029,2026-08-14 14:35,question
MSG000084,THR00030,USR0032,ORG012,2026-01-15 10:51,assistant_response
MSG000894,THR00242,USR0213,ORG063,2026-03-30 09:13,assistant_response
MSG004117,THR01011,USR0187,ORG055,2026-07-22 09:32,question
MSG005145,THR01232,USR0092,ORG030,2026-08-15 14:17,question
MSG000557,THR00150,USR0169,ORG050,2026-02-10 07:16,question
MSG000705,THR00191,USR0075,ORG024,2026-02-01 15:44,question
MSG003588,THR00885,USR0251,ORG076,2026-07-28 13:37,assistant_response
MSG005337,THR01275,USR0015,ORG006,2026-08-01 17:52,question
MSG003809,THR00935,USR0092,ORG030,2026-07-16 14:01,question
MSG004299,THR01045,USR0190,ORG056,2026-07-05 08:37,question
MSG001780,THR00461,USR0054,ORG018,2026-04-14 22:53,assistant_response
MSG005302,THR01264,USR0237,ORG070,2026-08-13 17:47,assistant_response
MSG002641,THR00675,USR0191,ORG056,2026-06-14 21:02,question
MSG000938,THR00252,USR0059,ORG020,2026-03-09 22:49,assistant_response
MSG002654,THR00677,USR0146,ORG045,2026-06-20 07:33,assistant_response
MSG003777,THR00928,USR0218,ORG064,2026-07-24 20:08,question
MSG001393,THR00360,USR0166,ORG050,2026-04-05 12:58,question
MSG004220,THR01028,USR0103,ORG033,2026-07-21 16:22,assistant_response
MSG004848,THR01167,USR0063,ORG021,2026-08-27 11:46,assistant_response
MSG000671,THR00185,USR0112,ORG036,2026-02-16 13:55,question
MSG000778,THR00210,USR0200,ORG059,2026-02-22 17:31,assistant_response
MSG000445,THR00122,USR0214,ORG063,2026-02-19 16:50,question
MSG004566,THR01106,USR0055,ORG018,2026-08-26 10:53,assistant_response
MSG002074,THR00526,USR0028,ORG011,2026-05-28 21:47,assistant_response
MSG000726,THR00198,USR0192,ORG057,2026-02-02 22:42,assistant_response
MSG002139,THR00545,USR0024,ORG009,2026-05-02 17:12,question
MSG003729,THR00916,USR0084,ORG027,2026-07-18 16:13,question
MSG004750,THR01145,USR0174,ORG052,2026-08-18 08:54,assistant_response
MSG002597,THR00664,USR0051,ORG017,2026-05-02 19:48,question
MSG003752,THR00920,USR0060,ORG020,2026-07-10 07:25,assistant_response
MSG004030,THR00991,USR0012,ORG004,2026-07-11 19:36,assistant_response
MSG003481,THR00856,USR0073,ORG024,2026-07-16 07:34,question
MSG000324,THR00097,USR0083,ORG027,2026-01-11 14:25,assistant_response
MSG000253,THR00076,USR0228,ORG066,2026-01-12 21:07,question
MSG004450,THR01080,USR0003,ORG002,2026-08-13 10:00,assistant_response
MSG004742,THR01143,USR0259,ORG077,2026-08-21 21:50,assistant_response
MSG000209,THR00061,USR0044,ORG016,2026-01-17 18:09,question
MSG003035,THR00759,USR0247,ORG074,2026-06-05 22:01,question
MSG004172,THR01019,USR0028,ORG011,2026-07-23 14:22,assistant_response
MSG004436,THR01078,USR0231,ORG068,2026-08-20 15:28,assistant_response
MSG003305,THR00813,USR0006,ORG003,2026-06-16 21:44,question
MSG004573,THR01109,USR0051,ORG017,2026-08-05 18:21,question
MSG001937,THR00499,USR0091,ORG029,2026-05-22 09:11,question
MSG003113,THR00771,USR0171,ORG051,2026-06-15 08:06,question
MSG003823,THR00938,USR0009,ORG004,2026-07-28 15:10,question
MSG002777,THR00702,USR0139,ORG043,2026-06-02 21:41,question
MSG004425,THR01076,USR0009,ORG004,2026-08-04 21:13,question
MSG002329,THR00596,USR0055,ORG018,2026-05-04 10:11,question
MSG005095,THR01217,USR0088,ORG029,2026-08-31 20:58,question
MSG004883,THR01172,USR0040,ORG015,2026-08-18 08:09,question
MSG001739,THR00452,USR0057,ORG019,2026-04-27 22:27,question
MSG000203,THR00060,USR0001,ORG001,2026-01-20 18:15,question
MSG004339,THR01054,USR0058,ORG019,2026-07-28 11:07,question
MSG004531,THR01097,USR0185,ORG055,2026-08-26 23:15,question
MSG000453,THR00123,USR0243,ORG073,2026-02-09 14:46,question
MSG004900,THR01174,USR0005,ORG002,2026-08-04 21:27,assistant_response
MSG000490,THR00133,USR0195,ORG057,2026-02-13 18:50,assistant_response
MSG004878,THR01171,USR0089,ORG029,2026-08-14 22:48,assistant_response
MSG001031,THR00278,USR0033,ORG013,2026-03-26 19:13,question
MSG002447,THR00625,USR0140,ORG043,2026-05-18 21:13,question
MSG003016,THR00752,USR0001,ORG001,2026-06-04 07:29,assistant_response
MSG002505,THR00640,USR0176,ORG053,2026-05-14 17:02,question
MSG005106,THR01221,USR0028,ORG011,2026-08-21 15:55,assistant_response
MSG004588,THR01110,USR0213,ORG063,2026-08-25 07:30,assistant_response
MSG004880,THR01172,USR0040,ORG015,2026-08-18 07:57,assistant_response
MSG002929,THR00731,USR0013,ORG005,2026-06-06 21:41,question
MSG004781,THR01152,USR0163,ORG048,2026-08-13 15:05,question
MSG003161,THR00784,USR0170,ORG050,2026-06-26 17:29,question
MSG000612,THR00165,USR0216,ORG064,2026-02-12 19:28,assistant_response
MSG001595,THR00413,USR0005,ORG002,2026-04-08 15:44,question
MSG004745,THR01145,USR0174,ORG052,2026-08-18 08:42,question
MSG004612,THR01116,USR0085,ORG028,2026-08-14 08:29,assistant_response
MSG000195,THR00058,USR0235,ORG069,2026-01-03 10:53,question
MSG003787,THR00929,USR0156,ORG047,2026-07-16 17:11,question
MSG000885,THR00240,USR0266,ORG079,2026-03-18 14:28,question
MSG000273,THR00084,USR0199,ORG059,2026-01-30 10:16,question
MSG001895,THR00490,USR0214,ORG063,2026-04-22 16:56,question
MSG001906,THR00492,USR0103,ORG033,2026-04-09 12:25,assistant_response
MSG002376,THR00608,USR0265,ORG079,2026-05-18 17:50,assistant_response
MSG003668,THR00901,USR0177,ORG053,2026-07-15 22:36,assistant_response
MSG000554,THR00148,USR0049,ORG017,2026-02-06 11:30,assistant_response
MSG004597,THR01112,USR0126,ORG040,2026-08-05 20:50,question
MSG001902,THR00491,USR0055,ORG018,2026-04-01 19:09,assistant_response
MSG001616,THR00419,USR0097,ORG031,2026-04-05 14:57,assistant_response
MSG002341,THR00598,USR0141,ORG044,2026-05-16 13:09,question
MSG003307,THR00813,USR0006,ORG003,2026-06-16 21:44,question
MSG004204,THR01024,USR0212,ORG062,2026-07-30 17:45,assistant_response
MSG000058,THR00022,USR0102,ORG033,2026-01-06 11:50,assistant_response
MSG001193,THR00316,USR0164,ORG049,2026-03-09 09:36,question
MSG005037,THR01201,USR0160,ORG048,2026-08-19 20:52,question
MSG005143,THR01232,USR0092,ORG030,2026-08-15 14:16,question
MSG001570,THR00407,USR0251,ORG076,2026-04-20 21:20,assistant_response
MSG004582,THR01110,USR0213,ORG063,2026-08-25 07:15,assistant_response
MSG001656,THR00433,USR0141,ORG044,2026-04-07 12:43,assistant_response
MSG000655,THR00179,USR0154,ORG047,2026-02-13 12:48,question
MSG003179,THR00786,USR0066,ORG022,2026-06-17 10:40,question
MSG001153,THR00304,USR0034,ORG013,2026-03-10 20:49,question
MSG002527,THR00646,USR0166,ORG050,2026-05-06 08:48,question
MSG004246,THR01034,USR0087,ORG029,2026-07-02 19:39,assistant_response
MSG004217,THR01028,USR0103,ORG033,2026-07-21 16:20,question
MSG001694,THR00441,USR0207,ORG061,2026-04-01 14:14,assistant_response
MSG002649,THR00676,USR0110,ORG036,2026-06-13 15:41,question
MSG002459,THR00627,USR0178,ORG053,2026-05-16 14:51,question
MSG005051,THR01204,USR0028,ORG011,2026-08-14 18:15,question
MSG000879,THR00237,USR0044,ORG016,2026-03-04 14:48,question
MSG003865,THR00948,USR0186,ORG055,2026-07-05 22:02,question
MSG004152,THR01016,USR0029,ORG011,2026-07-16 18:49,assistant_response
MSG004158,THR01016,USR0029,ORG011,2026-07-16 19:08,assistant_response
MSG003022,THR00754,USR0109,ORG035,2026-06-01 13:44,assistant_response
MSG004528,THR01097,USR0185,ORG055,2026-08-26 22:55,assistant_response
MSG004853,THR01168,USR0108,ORG035,2026-08-20 18:02,question
MSG003715,THR00912,USR0083,ORG027,2026-07-23 16:39,question
MSG004801,THR01157,USR0104,ORG033,2026-08-08 14:35,question
MSG002843,THR00712,USR0071,ORG023,2026-06-19 13:55,question
MSG003399,THR00832,USR0180,ORG054,2026-06-08 16:16,question
MSG003643,THR00895,USR0139,ORG043,2026-07-23 13:53,question
MSG002855,THR00714,USR0061,ORG020,2026-06-06 17:53,question
MSG000389,THR00109,USR0161,ORG048,2026-02-07 12:35,question
MSG002737,THR00693,USR0221,ORG065,2026-06-11 09:10,question
MSG004793,THR01156,USR0051,ORG017,2026-08-11 11:40,question
MSG001469,THR00386,USR0215,ORG063,2026-04-18 22:36,question
MSG004040,THR00993,USR0258,ORG077,2026-07-26 17:14,assistant_response
MSG001340,THR00351,USR0029,ORG011,2026-04-25 14:40,assistant_response
MSG002209,THR00563,USR0221,ORG065,2026-05-17 20:31,question
MSG002371,THR00606,USR0121,ORG039,2026-05-18 20:54,question
MSG003039,THR00759,USR0247,ORG074,2026-06-05 22:18,question
MSG001877,THR00484,USR0197,ORG058,2026-04-14 14:17,question
MSG003027,THR00756,USR0059,ORG020,2026-06-22 17:21,question
MSG000939,THR00253,USR0059,ORG020,2026-03-12 18:54,question
MSG000849,THR00230,USR0202,ORG060,2026-03-12 10:59,question
MSG004910,THR01176,USR0156,ORG047,2026-08-26 14:26,assistant_response
MSG002349,THR00599,USR0066,ORG022,2026-05-02 20:36,question
MSG003532,THR00869,USR0155,ORG047,2026-07-12 20:01,assistant_response
MSG003718,THR00913,USR0079,ORG025,2026-07-06 14:07,assistant_response
MSG002112,THR00538,USR0242,ORG072,2026-05-21 11:23,assistant_response
MSG003941,THR00966,USR0220,ORG064,2026-07-07 10:01,question
MSG004829,THR01164,USR0238,ORG071,2026-08-31 16:49,question
MSG004555,THR01105,USR0054,ORG018,2026-08-23 09:03,question
MSG001966,THR00505,USR0207,ORG061,2026-05-03 18:14,assistant_response
MSG002168,THR00554,USR0083,ORG027,2026-05-05 08:57,assistant_response
MSG004452,THR01081,USR0236,ORG070,2026-08-23 19:55,assistant_response
MSG004202,THR01023,USR0209,ORG062,2026-07-26 08:41,assistant_response
MSG000598,THR00162,USR0112,ORG036,2026-02-19 09:02,assistant_response
MSG002305,THR00593,USR0176,ORG053,2026-05-03 12:30,question
MSG005268,THR01258,USR0090,ORG029,2026-08-14 14:11,assistant_response
MSG002339,THR00598,USR0141,ORG044,2026-05-16 12:52,question
MSG000975,THR00265,USR0262,ORG078,2026-03-04 10:27,question
MSG002183,THR00557,USR0247,ORG074,2026-05-06 14:53,question
MSG003148,THR00779,USR0092,ORG030,2026-06-23 21:39,assistant_response
MSG000997,THR00270,USR0106,ORG034,2026-03-26 08:36,question
MSG005291,THR01260,USR0081,ORG026,2026-08-09 16:58,question
MSG003326,THR00817,USR0043,ORG015,2026-06-05 09:56,assistant_response
MSG004711,THR01138,USR0079,ORG025,2026-08-04 18:22,question
MSG004210,THR01026,USR0181,ORG054,2026-07-14 17:30,assistant_response
MSG000487,THR00133,USR0195,ORG057,2026-02-13 18:49,question
MSG002116,THR00539,USR0149,ORG046,2026-05-05 21:35,assistant_response
MSG000643,THR00174,USR0120,ORG038,2026-02-27 17:36,question
MSG004552,THR01104,USR0137,ORG043,2026-08-29 12:06,assistant_response
MSG004394,THR01067,USR0251,ORG076,2026-08-15 19:30,assistant_response
MSG004502,THR01093,USR0162,ORG048,2026-08-18 09:21,assistant_response
MSG004785,THR01154,USR0079,ORG025,2026-08-10 20:43,question
MSG004052,THR00995,USR0206,ORG061,2026-07-26 14:39,assistant_response
MSG005259,THR01255,USR0127,ORG040,2026-08-17 18:02,question
MSG000908,THR00246,USR0176,ORG053,2026-03-21 10:45,assistant_response
MSG003318,THR00816,USR0027,ORG010,2026-06-22 16:51,assistant_response
MSG000780,THR00211,USR0041,ORG015,2026-02-17 18:03,assistant_response
MSG001105,THR00294,USR0044,ORG016,2026-03-08 16:49,question
MSG002945,THR00734,USR0194,ORG057,2026-06-18 19:02,question
MSG000144,THR00044,USR0122,ORG039,2026-01-15 16:50,assistant_response
MSG004521,THR01096,USR0174,ORG052,2026-08-30 21:36,question
MSG000609,THR00164,USR0093,ORG030,2026-02-25 11:55,question
MSG003409,THR00835,USR0095,ORG031,2026-06-29 10:44,question
MSG003736,THR00917,USR0164,ORG049,2026-07-05 07:50,assistant_response
MSG003972,THR00976,USR0168,ORG050,2026-07-05 16:40,assistant_response
MSG002962,THR00737,USR0104,ORG033,2026-06-01 15:00,assistant_response
MSG001544,THR00402,USR0192,ORG057,2026-04-27 08:32,assistant_response
MSG004595,THR01111,USR0044,ORG016,2026-08-09 18:57,question
MSG001177,THR00311,USR0029,ORG011,2026-03-16 12:23,question
MSG002320,THR00595,USR0136,ORG043,2026-05-07 14:18,assistant_response
MSG004892,THR01174,USR0005,ORG002,2026-08-04 21:23,assistant_response
MSG002199,THR00561,USR0091,ORG029,2026-05-16 08:58,question
MSG001996,THR00509,USR0145,ORG044,2026-05-01 18:32,assistant_response
MSG004832,THR01164,USR0238,ORG071,2026-08-31 16:50,assistant_response
MSG004584,THR01110,USR0213,ORG063,2026-08-25 07:18,assistant_response
MSG004554,THR01105,USR0054,ORG018,2026-08-23 08:59,assistant_response
MSG001355,THR00354,USR0073,ORG024,2026-04-19 13:59,question
MSG000271,THR00083,USR0128,ORG041,2026-01-31 10:06,question
MSG004653,THR01127,USR0003,ORG002,2026-08-15 17:33,question
MSG002155,THR00549,USR0004,ORG002,2026-05-17 11:28,question
MSG002848,THR00713,USR0070,ORG023,2026-06-14 11:44,assistant_response
MSG002479,THR00634,USR0041,ORG015,2026-05-14 14:45,question
MSG000348,THR00102,USR0255,ORG077,2026-02-21 16:41,assistant_response
MSG003841,THR00944,USR0074,ORG024,2026-07-01 11:33,question
MSG000376,THR00107,USR0137,ORG043,2026-02-15 14:09,assistant_response
MSG001767,THR00459,USR0140,ORG043,2026-04-27 19:48,question
MSG001374,THR00358,USR0012,ORG004,2026-04-05 11:49,assistant_response
MSG000594,THR00160,USR0263,ORG079,2026-02-14 21:36,assistant_response
MSG001772,THR00459,USR0140,ORG043,2026-04-27 20:05,assistant_response
MSG003759,THR00922,USR0114,ORG036,2026-07-26 15:12,question
MSG003770,THR00926,USR0180,ORG054,2026-07-10 21:55,assistant_response
MSG002502,THR00640,USR0176,ORG053,2026-05-14 16:50,assistant_response
MSG001960,THR00503,USR0155,ORG047,2026-05-16 18:08,assistant_response
MSG001990,THR00508,USR0021,ORG008,2026-05-22 17:30,assistant_response
MSG002331,THR00597,USR0022,ORG008,2026-05-28 22:23,question
MSG002019,THR00515,USR0129,ORG041,2026-05-18 09:36,question
MSG004823,THR01163,USR0126,ORG040,2026-08-18 20:59,question
MSG004358,THR01059,USR0166,ORG050,2026-07-05 07:11,assistant_response
MSG004449,THR01080,USR0003,ORG002,2026-08-13 10:00,question
MSG004205,THR01025,USR0052,ORG017,2026-07-27 12:44,question
MSG004828,THR01164,USR0238,ORG071,2026-08-31 16:42,assistant_response
MSG002145,THR00547,USR0194,ORG057,2026-05-12 09:33,question
MSG003004,THR00749,USR0148,ORG045,2026-06-14 17:16,assistant_response
MSG002681,THR00681,USR0048,ORG016,2026-06-19 19:45,question
MSG000450,THR00122,USR0214,ORG063,2026-02-19 17:02,assistant_response
MSG002852,THR00713,USR0070,ORG023,2026-06-14 11:56,assistant_response
MSG004972,THR01187,USR0050,ORG017,2026-08-01 22:34,assistant_response
MSG001970,THR00505,USR0207,ORG061,2026-05-03 18:20,assistant_response
MSG000828,THR00227,USR0169,ORG050,2026-03-15 17:27,assistant_response
MSG000124,THR00039,USR0159,ORG048,2026-01-06 13:27,assistant_response
MSG005214,THR01246,USR0097,ORG031,2026-08-16 10:21,assistant_response
MSG004232,THR01031,USR0168,ORG050,2026-07-26 16:12,assistant_response
MSG002418,THR00618,USR0231,ORG068,2026-05-14 12:17,assistant_response
MSG005292,THR01260,USR0081,ORG026,2026-08-09 16:58,assistant_response
MSG004390,THR01065,USR0062,ORG021,2026-07-10 22:51,assistant_response
MSG004250,THR01035,USR0077,ORG025,2026-07-03 18:11,assistant_response
MSG004338,THR01053,USR0021,ORG008,2026-07-15 18:49,assistant_response
MSG003059,THR00762,USR0016,ORG006,2026-06-11 19:40,question
MSG003641,THR00895,USR0139,ORG043,2026-07-23 13:50,question
MSG003613,THR00888,USR0018,ORG007,2026-07-14 19:37,question
MSG002646,THR00676,USR0110,ORG036,2026-06-13 15:27,assistant_response
MSG000008,THR00004,USR0016,ORG006,2026-01-03 13:24,assistant_response
MSG003056,THR00761,USR0010,ORG004,2026-06-07 17:57,assistant_response
MSG003618,THR00888,USR0018,ORG007,2026-07-14 19:42,assistant_response
MSG002931,THR00731,USR0013,ORG005,2026-06-06 21:39,question
MSG002171,THR00555,USR0133,ORG042,2026-05-30 12:33,question
MSG004027,THR00990,USR0217,ORG064,2026-07-19 20:17,question
MSG002679,THR00681,USR0048,ORG016,2026-06-19 19:48,question
MSG002056,THR00522,USR0192,ORG057,2026-05-31 07:38,assistant_response
MSG002231,THR00569,USR0219,ORG064,2026-05-21 15:31,question
MSG003468,THR00853,USR0231,ORG068,2026-06-01 08:21,assistant_response
MSG001589,THR00411,USR0210,ORG062,2026-04-17 07:57,question
MSG000782,THR00212,USR0039,ORG015,2026-02-11 19:49,assistant_response
MSG004305,THR01047,USR0222,ORG065,2026-07-05 15:07,question
MSG001134,THR00299,USR0242,ORG072,2026-03-31 09:04,assistant_response
MSG004819,THR01162,USR0257,ORG077,2026-08-07 11:30,question
MSG002466,THR00630,USR0005,ORG002,2026-05-23 22:48,assistant_response
MSG000251,THR00076,USR0228,ORG066,2026-01-12 21:02,question
MSG003449,THR00848,USR0047,ORG016,2026-06-12 17:23,question
MSG002190,THR00558,USR0094,ORG031,2026-05-20 15:20,assistant_response
MSG004315,THR01049,USR0145,ORG044,2026-07-29 15:51,question
MSG003526,THR00868,USR0020,ORG008,2026-07-20 12:45,assistant_response
MSG002117,THR00540,USR0258,ORG077,2026-05-01 14:54,question
MSG002262,THR00578,USR0267,ORG080,2026-05-10 08:57,assistant_response
MSG004365,THR01061,USR0232,ORG068,2026-07-11 11:19,question
MSG000136,THR00042,USR0193,ORG057,2026-01-05 12:16,assistant_response
MSG001810,THR00468,USR0252,ORG076,2026-04-11 14:26,assistant_response
MSG004192,THR01022,USR0083,ORG027,2026-07-30 21:40,assistant_response
MSG000744,THR00203,USR0236,ORG070,2026-02-19 14:44,assistant_response
MSG002425,THR00620,USR0049,ORG017,2026-05-03 22:35,question
MSG000246,THR00074,USR0093,ORG030,2026-01-18 16:20,assistant_response
MSG000378,THR00108,USR0197,ORG058,2026-02-28 20:15,assistant_response
MSG004833,THR01164,USR0238,ORG071,2026-08-31 17:01,question
MSG000166,THR00052,USR0203,ORG060,2026-01-17 18:15,assistant_response
MSG001926,THR00496,USR0161,ORG048,2026-05-31 08:14,assistant_response
MSG004893,THR01174,USR0005,ORG002,2026-08-04 21:24,question
MSG005071,THR01208,USR0115,ORG037,2026-08-23 14:29,question
MSG002293,THR00590,USR0015,ORG006,2026-05-16 10:16,question
MSG002184,THR00557,USR0247,ORG074,2026-05-06 14:53,assistant_response
MSG001194,THR00316,USR0164,ORG049,2026-03-09 09:36,assistant_response
MSG005148,THR01233,USR0151,ORG046,2026-08-27 09:50,assistant_response
MSG000380,THR00108,USR0197,ORG058,2026-02-28 20:22,assistant_response
MSG002869,THR00715,USR0211,ORG062,2026-06-10 21:53,question
MSG005189,THR01241,USR0214,ORG063,2026-08-07 21:43,question
MSG005241,THR01252,USR0036,ORG014,2026-08-13 13:26,question
MSG005374,THR01286,USR0230,ORG067,2026-08-13 14:32,assistant_response
MSG003428,THR00842,USR0053,ORG018,2026-06-02 09:11,assistant_response
MSG003773,THR00927,USR0228,ORG066,2026-07-24 20:51,question
MSG002496,THR00638,USR0026,ORG010,2026-05-18 07:29,assistant_response
MSG003034,THR00759,USR0247,ORG074,2026-06-05 21:57,assistant_response
MSG005370,THR01284,USR0199,ORG059,2026-08-22 11:21,assistant_response
MSG003672,THR00902,USR0150,ORG046,2026-07-15 18:58,assistant_response
MSG001411,THR00367,USR0035,ORG013,2026-04-12 15:50,question
MSG000750,THR00206,USR0223,ORG065,2026-02-21 17:36,assistant_response
MSG003168,THR00785,USR0058,ORG019,2026-06-12 22:36,assistant_response
MSG002091,THR00532,USR0224,ORG065,2026-05-09 18:08,question
MSG001207,THR00321,USR0253,ORG076,2026-03-25 13:53,question
MSG003617,THR00888,USR0018,ORG007,2026-07-14 19:42,question
MSG000635,THR00170,USR0058,ORG019,2026-02-02 20:41,question
MSG003452,THR00849,USR0104,ORG033,2026-06-06 08:24,assistant_response
MSG000142,THR00044,USR0122,ORG039,2026-01-15 16:48,assistant_response
MSG004127,THR01012,USR0257,ORG077,2026-07-30 10:40,question
MSG002124,THR00540,USR0258,ORG077,2026-05-01 15:15,assistant_response
MSG004119,THR01011,USR0187,ORG055,2026-07-22 09:29,question
MSG000796,THR00216,USR0079,ORG025,2026-03-24 19:20,assistant_response
MSG002710,THR00686,USR0164,ORG049,2026-06-18 11:20,assistant_response
MSG003251,THR00803,USR0065,ORG021,2026-06-05 07:04,question
MSG000983,THR00267,USR0053,ORG018,2026-03-24 14:25,question
MSG001956,THR00503,USR0155,ORG047,2026-05-16 18:04,assistant_response
MSG000973,THR00265,USR0262,ORG078,2026-03-04 10:20,question
MSG005338,THR01275,USR0015,ORG006,2026-08-01 17:52,assistant_response
MSG004767,THR01149,USR0093,ORG030,2026-08-31 07:17,question
MSG001825,THR00472,USR0001,ORG001,2026-04-27 09:56,question
MSG001330,THR00349,USR0242,ORG072,2026-04-17 18:49,assistant_response
MSG001320,THR00347,USR0249,ORG075,2026-04-12 17:24,assistant_response
MSG000672,THR00185,USR0112,ORG036,2026-02-16 13:55,assistant_response
MSG001869,THR00482,USR0248,ORG075,2026-04-30 12:44,question
MSG003974,THR00977,USR0267,ORG080,2026-07-25 22:50,assistant_response
MSG000792,THR00214,USR0096,ORG031,2026-03-22 19:09,assistant_response
MSG001156,THR00304,USR0034,ORG013,2026-03-10 21:02,assistant_response
MSG000296,THR00090,USR0072,ORG024,2026-01-08 22:01,assistant_response
MSG002715,THR00687,USR0026,ORG010,2026-06-22 19:33,question
MSG004941,THR01181,USR0130,ORG041,2026-08-22 21:28,question
MSG001457,THR00381,USR0136,ORG043,2026-04-03 19:11,question
MSG000461,THR00125,USR0057,ORG019,2026-02-07 07:28,question
MSG004273,THR01039,USR0097,ORG031,2026-07-14 12:32,question
MSG001697,THR00442,USR0012,ORG004,2026-04-19 12:07,question
MSG004914,THR01177,USR0108,ORG035,2026-08-01 13:52,assistant_response
MSG004666,THR01129,USR0072,ORG024,2026-08-23 19:43,assistant_response
MSG003092,THR00768,USR0098,ORG031,2026-06-11 22:52,assistant_response
MSG004171,THR01019,USR0028,ORG011,2026-07-23 14:22,question
MSG002088,THR00530,USR0157,ORG047,2026-05-23 11:39,assistant_response
MSG003837,THR00943,USR0155,ORG047,2026-07-09 18:06,question
MSG004297,THR01044,USR0024,ORG009,2026-07-01 15:36,question
MSG000311,THR00094,USR0265,ORG079,2026-01-12 12:06,question
MSG003681,THR00906,USR0012,ORG004,2026-07-10 20:47,question
MSG004352,THR01057,USR0127,ORG040,2026-07-25 22:43,assistant_response
MSG002921,THR00729,USR0028,ORG011,2026-06-23 11:41,question
MSG001023,THR00277,USR0002,ORG001,2026-03-28 09:52,question
MSG000704,THR00191,USR0075,ORG024,2026-02-01 15:43,assistant_response
MSG004381,THR01062,USR0029,ORG011,2026-07-24 09:43,question
MSG002800,THR00705,USR0046,ORG016,2026-06-06 13:32,assistant_response
MSG000646,THR00174,USR0120,ORG038,2026-02-27 17:43,assistant_response
MSG000372,THR00105,USR0161,ORG048,2026-02-28 17:58,assistant_response
MSG000789,THR00214,USR0096,ORG031,2026-03-22 19:12,question
MSG003612,THR00888,USR0018,ORG007,2026-07-14 19:30,assistant_response
MSG001190,THR00314,USR0092,ORG030,2026-03-30 08:47,assistant_response
MSG005126,THR01226,USR0019,ORG007,2026-08-07 14:57,assistant_response
MSG003075,THR00765,USR0122,ORG039,2026-06-12 21:59,question
MSG002776,THR00701,USR0023,ORG008,2026-06-09 12:03,assistant_response
MSG001882,THR00486,USR0263,ORG079,2026-04-10 17:45,assistant_response
MSG001663,THR00435,USR0245,ORG074,2026-04-13 07:05,question
MSG002850,THR00713,USR0070,ORG023,2026-06-14 11:43,assistant_response
MSG003472,THR00854,USR0022,ORG008,2026-06-13 10:18,assistant_response
MSG005311,THR01267,USR0125,ORG040,2026-08-23 21:15,question
MSG005222,THR01247,USR0156,ORG047,2026-08-03 12:20,assistant_response
MSG002176,THR00555,USR0133,ORG042,2026-05-30 12:45,assistant_response
MSG002980,THR00741,USR0179,ORG054,2026-06-02 11:54,assistant_response
MSG002068,THR00525,USR0083,ORG027,2026-05-06 14:43,assistant_response
MSG002229,THR00569,USR0219,ORG064,2026-05-21 15:22,question
MSG004821,THR01163,USR0126,ORG040,2026-08-18 20:58,question
MSG005282,THR01259,USR0094,ORG031,2026-08-23 10:39,assistant_response
MSG002802,THR00705,USR0046,ORG016,2026-06-06 13:38,assistant_response
MSG000217,THR00062,USR0011,ORG004,2026-01-13 22:05,question
MSG002438,THR00624,USR0018,ORG007,2026-05-22 18:59,assistant_response
MSG000406,THR00113,USR0136,ORG043,2026-02-24 18:48,assistant_response
MSG003921,THR00964,USR0021,ORG008,2026-07-03 17:31,question
MSG002949,THR00734,USR0194,ORG057,2026-06-18 19:16,question
MSG000622,THR00167,USR0202,ORG060,2026-02-17 11:47,assistant_response
MSG000388,THR00109,USR0161,ORG048,2026-02-07 12:31,assistant_response
MSG000135,THR00042,USR0193,ORG057,2026-01-05 12:16,question
MSG001261,THR00332,USR0232,ORG068,2026-03-10 21:18,question
MSG001605,THR00416,USR0053,ORG018,2026-04-01 18:35,question
MSG004596,THR01111,USR0044,ORG016,2026-08-09 18:57,assistant_response
MSG002383,THR00610,USR0131,ORG041,2026-05-16 10:31,question
MSG004254,THR01035,USR0077,ORG025,2026-07-03 18:25,assistant_response
MSG000570,THR00153,USR0189,ORG056,2026-02-20 14:22,assistant_response
MSG002546,THR00650,USR0125,ORG040,2026-05-01 08:47,assistant_response
MSG003103,THR00770,USR0268,ORG080,2026-06-04 07:19,question
MSG001086,THR00289,USR0071,ORG023,2026-03-13 11:56,assistant_response
MSG001427,THR00373,USR0039,ORG015,2026-04-18 09:25,question
MSG002804,THR00705,USR0046,ORG016,2026-06-06 13:34,assistant_response
MSG004800,THR01157,USR0104,ORG033,2026-08-08 14:31,assistant_response
MSG001979,THR00506,USR0112,ORG036,2026-05-31 22:37,question
MSG003330,THR00818,USR0144,ORG044,2026-06-09 15:00,assistant_response
MSG005176,THR01240,USR0240,ORG071,2026-08-24 21:21,assistant_response
MSG002481,THR00635,USR0140,ORG043,2026-05-10 15:26,question
MSG004580,THR01109,USR0051,ORG017,2026-08-05 18:33,assistant_response
MSG001884,THR00486,USR0263,ORG079,2026-04-10 17:51,assistant_response
MSG004856,THR01168,USR0108,ORG035,2026-08-20 18:02,assistant_response
MSG001757,THR00456,USR0024,ORG009,2026-04-01 11:45,question
MSG000479,THR00130,USR0136,ORG043,2026-02-20 22:24,question
MSG004814,THR01160,USR0138,ORG043,2026-08-18 10:19,assistant_response
MSG003417,THR00839,USR0133,ORG042,2026-06-27 15:11,question
MSG005273,THR01258,USR0090,ORG029,2026-08-14 14:23,question
MSG003756,THR00921,USR0183,ORG054,2026-07-03 17:03,assistant_response
MSG004525,THR01097,USR0185,ORG055,2026-08-26 22:56,question
MSG000312,THR00094,USR0265,ORG079,2026-01-12 12:06,assistant_response
MSG001171,THR00309,USR0061,ORG020,2026-03-25 07:26,question
MSG004046,THR00994,USR0104,ORG033,2026-07-16 09:59,assistant_response
MSG002602,THR00665,USR0132,ORG042,2026-05-02 18:15,assistant_response
MSG003720,THR00914,USR0065,ORG021,2026-07-15 15:23,assistant_response
MSG003011,THR00750,USR0067,ORG022,2026-06-20 22:47,question
MSG001711,THR00445,USR0214,ORG063,2026-04-15 19:13,question
MSG000575,THR00154,USR0192,ORG057,2026-02-14 22:48,question
MSG001661,THR00435,USR0245,ORG074,2026-04-13 07:02,question
MSG001392,THR00360,USR0166,ORG050,2026-04-05 13:04,assistant_response
MSG004550,THR01104,USR0137,ORG043,2026-08-29 11:59,assistant_response
MSG000586,THR00157,USR0058,ORG019,2026-02-02 13:36,assistant_response
MSG001934,THR00498,USR0189,ORG056,2026-05-25 13:52,assistant_response
MSG000034,THR00013,USR0090,ORG029,2026-01-05 19:39,assistant_response
MSG004298,THR01044,USR0024,ORG009,2026-07-01 15:36,assistant_response
MSG000262,THR00079,USR0225,ORG065,2026-01-02 11:04,assistant_response
MSG001419,THR00370,USR0246,ORG074,2026-04-26 14:10,question
MSG002017,THR00514,USR0170,ORG050,2026-05-02 09:04,question
MSG002670,THR00680,USR0080,ORG026,2026-06-05 15:29,assistant_response
MSG002382,THR00610,USR0131,ORG041,2026-05-16 10:28,assistant_response
MSG003386,THR00828,USR0140,ORG043,2026-06-11 15:27,assistant_response
MSG003159,THR00783,USR0133,ORG042,2026-06-30 18:25,question
MSG004427,THR01076,USR0009,ORG004,2026-08-04 21:14,question
MSG002410,THR00617,USR0203,ORG060,2026-05-09 21:55,assistant_response
MSG001931,THR00498,USR0189,ORG056,2026-05-25 13:49,question
MSG000919,THR00249,USR0015,ORG006,2026-03-24 13:28,question
MSG000156,THR00048,USR0071,ORG023,2026-01-28 15:03,assistant_response
MSG002805,THR00705,USR0046,ORG016,2026-06-06 13:35,question
MSG001874,THR00483,USR0066,ORG022,2026-04-04 19:42,assistant_response
MSG004141,THR01015,USR0074,ORG024,2026-07-04 12:17,question
MSG000328,THR00098,USR0129,ORG041,2026-01-07 15:13,assistant_response
MSG000349,THR00102,USR0255,ORG077,2026-02-21 16:43,question
MSG003906,THR00960,USR0259,ORG077,2026-07-28 22:35,assistant_response
MSG004930,THR01180,USR0117,ORG038,2026-08-29 15:27,assistant_response
MSG004047,THR00994,USR0104,ORG033,2026-07-16 09:56,question
MSG002135,THR00544,USR0106,ORG034,2026-05-17 18:24,question
MSG002768,THR00699,USR0170,ORG050,2026-06-07 13:13,assistant_response
MSG004459,THR01082,USR0250,ORG076,2026-08-10 18:52,question
MSG001829,THR00473,USR0156,ORG047,2026-04-29 13:44,question
MSG003546,THR00874,USR0172,ORG051,2026-07-20 21:02,assistant_response
MSG003726,THR00916,USR0084,ORG027,2026-07-18 16:11,assistant_response
MSG003775,THR00927,USR0228,ORG066,2026-07-24 20:58,question
MSG001598,THR00413,USR0005,ORG002,2026-04-08 15:50,assistant_response
MSG002313,THR00595,USR0136,ORG043,2026-05-07 14:12,question
MSG001900,THR00490,USR0214,ORG063,2026-04-22 17:06,assistant_response
MSG004889,THR01173,USR0193,ORG057,2026-08-27 18:24,question
MSG000730,THR00199,USR0211,ORG062,2026-02-01 07:36,assistant_response
MSG000746,THR00204,USR0042,ORG015,2026-02-21 08:05,assistant_response
MSG001688,THR00440,USR0173,ORG052,2026-04-14 11:35,assistant_response
MSG001528,THR00399,USR0051,ORG017,2026-04-28 14:08,assistant_response
MSG004576,THR01109,USR0051,ORG017,2026-08-05 18:28,assistant_response
MSG003665,THR00901,USR0177,ORG053,2026-07-15 22:32,question
MSG000333,THR00099,USR0048,ORG016,2026-01-17 12:49,question
MSG000727,THR00199,USR0211,ORG062,2026-02-01 07:33,question
MSG002926,THR00730,USR0058,ORG019,2026-06-06 11:25,assistant_response
MSG003657,THR00898,USR0035,ORG013,2026-07-18 13:26,question
MSG005108,THR01222,USR0251,ORG076,2026-08-07 09:50,assistant_response
MSG003429,THR00843,USR0229,ORG067,2026-06-01 22:09,question
MSG001235,THR00326,USR0267,ORG080,2026-03-14 18:31,question
MSG003341,THR00820,USR0121,ORG039,2026-06-16 12:51,question
MSG000810,THR00221,USR0212,ORG062,2026-03-13 09:56,assistant_response
MSG004476,THR01086,USR0155,ORG047,2026-08-25 21:09,assistant_response
MSG002453,THR00625,USR0140,ORG043,2026-05-18 21:28,question
MSG004382,THR01062,USR0029,ORG011,2026-07-24 09:43,assistant_response
MSG001638,THR00427,USR0151,ORG046,2026-04-15 10:30,assistant_response
MSG003597,THR00886,USR0008,ORG004,2026-07-24 21:02,question
MSG001415,THR00369,USR0212,ORG062,2026-04-16 19:22,question
MSG001265,THR00333,USR0156,ORG047,2026-03-27 08:13,question
MSG000801,THR00219,USR0263,ORG079,2026-03-14 10:01,question
MSG003290,THR00811,USR0144,ORG044,2026-06-15 09:35,assistant_response
MSG005329,THR01272,USR0268,ORG080,2026-08-21 10:25,question
MSG003424,THR00841,USR0221,ORG065,2026-06-07 10:58,assistant_response
MSG002912,THR00726,USR0126,ORG040,2026-06-17 19:47,assistant_response
MSG002674,THR00680,USR0080,ORG026,2026-06-05 15:35,assistant_response
MSG003988,THR00979,USR0010,ORG004,2026-07-31 08:55,assistant_response
MSG005178,THR01240,USR0240,ORG071,2026-08-24 21:28,assistant_response
MSG003411,THR00836,USR0240,ORG071,2026-06-22 09:40,question
MSG004837,THR01165,USR0129,ORG041,2026-08-27 19:27,question
MSG004610,THR01116,USR0085,ORG028,2026-08-14 08:31,assistant_response
MSG004953,THR01184,USR0143,ORG044,2026-08-30 20:38,question
MSG000047,THR00018,USR0224,ORG065,2026-01-28 10:15,question
MSG000688,THR00189,USR0255,ORG077,2026-02-15 10:58,assistant_response
MSG003547,THR00875,USR0091,ORG029,2026-07-06 07:31,question
MSG003848,THR00945,USR0249,ORG075,2026-07-14 18:02,assistant_response
MSG001116,THR00295,USR0106,ORG034,2026-03-17 13:47,assistant_response
MSG000797,THR00217,USR0003,ORG002,2026-03-31 16:28,question
MSG003260,THR00805,USR0213,ORG063,2026-06-28 22:01,assistant_response
MSG003343,THR00820,USR0121,ORG039,2026-06-16 12:54,question
MSG003397,THR00831,USR0035,ORG013,2026-06-01 20:10,question
MSG002256,THR00577,USR0190,ORG056,2026-05-03 08:46,assistant_response
MSG003030,THR00757,USR0015,ORG006,2026-06-27 12:12,assistant_response
MSG004811,THR01160,USR0138,ORG043,2026-08-18 10:22,question
MSG003110,THR00770,USR0268,ORG080,2026-06-04 07:40,assistant_response
MSG003404,THR00833,USR0048,ORG016,2026-06-02 13:39,assistant_response
MSG002724,THR00689,USR0173,ORG052,2026-06-03 22:40,assistant_response
MSG004888,THR01172,USR0040,ORG015,2026-08-18 08:09,assistant_response
MSG002006,THR00511,USR0004,ORG002,2026-05-21 09:13,assistant_response
MSG001634,THR00426,USR0115,ORG037,2026-04-24 16:29,assistant_response
MSG004850,THR01167,USR0063,ORG021,2026-08-27 11:50,assistant_response
MSG003828,THR00939,USR0237,ORG070,2026-07-29 11:22,assistant_response
MSG003862,THR00948,USR0186,ORG055,2026-07-05 22:03,assistant_response
MSG001769,THR00459,USR0140,ORG043,2026-04-27 19:56,question
MSG005194,THR01242,USR0066,ORG022,2026-08-10 07:31,assistant_response
MSG001372,THR00357,USR0175,ORG052,2026-04-23 13:00,assistant_response
MSG002340,THR00598,USR0141,ORG044,2026-05-16 12:52,assistant_response
MSG000268,THR00082,USR0071,ORG023,2026-01-17 18:25,assistant_response
MSG002863,THR00714,USR0061,ORG020,2026-06-06 18:09,question
MSG001333,THR00350,USR0052,ORG017,2026-04-08 14:17,question
MSG000813,THR00222,USR0195,ORG057,2026-03-06 11:17,question
MSG005175,THR01240,USR0240,ORG071,2026-08-24 21:21,question
MSG002478,THR00634,USR0041,ORG015,2026-05-14 14:40,assistant_response
MSG001220,THR00324,USR0158,ORG047,2026-03-04 13:33,assistant_response
MSG003073,THR00765,USR0122,ORG039,2026-06-12 21:58,question
MSG001061,THR00281,USR0081,ORG026,2026-03-15 21:24,question
MSG003910,THR00962,USR0117,ORG038,2026-07-14 10:48,assistant_response
MSG001698,THR00442,USR0012,ORG004,2026-04-19 12:07,assistant_response
MSG000669,THR00184,USR0021,ORG008,2026-02-28 09:24,question
MSG005323,THR01271,USR0018,ORG007,2026-08-29 13:34,question
MSG004409,THR01072,USR0245,ORG074,2026-08-10 11:15,question
MSG002766,THR00698,USR0008,ORG004,2026-06-11 10:19,assistant_response
MSG004426,THR01076,USR0009,ORG004,2026-08-04 21:13,assistant_response
MSG004920,THR01178,USR0143,ORG044,2026-08-19 22:16,assistant_response
MSG000023,THR00011,USR0029,ORG011,2026-01-01 13:21,question
MSG003081,THR00766,USR0192,ORG057,2026-06-26 08:49,question
MSG001119,THR00297,USR0256,ORG077,2026-03-21 09:33,question
MSG000310,THR00094,USR0265,ORG079,2026-01-12 12:02,assistant_response
MSG001310,THR00344,USR0126,ORG040,2026-03-21 16:31,assistant_response
MSG000653,THR00178,USR0196,ORG058,2026-02-26 17:44,question
MSG001151,THR00304,USR0034,ORG013,2026-03-10 20:50,question
MSG000346,THR00101,USR0136,ORG043,2026-01-21 13:55,assistant_response
MSG004786,THR01154,USR0079,ORG025,2026-08-10 20:43,assistant_response
MSG000743,THR00203,USR0236,ORG070,2026-02-19 14:44,question
MSG000525,THR00141,USR0090,ORG029,2026-02-14 13:11,question
MSG003577,THR00882,USR0031,ORG012,2026-07-09 11:11,question
MSG003552,THR00876,USR0228,ORG066,2026-07-19 17:26,assistant_response
MSG005216,THR01246,USR0097,ORG031,2026-08-16 10:27,assistant_response
MSG003545,THR00874,USR0172,ORG051,2026-07-20 21:02,question
MSG003065,THR00763,USR0200,ORG059,2026-06-06 11:01,question
MSG002211,THR00563,USR0221,ORG065,2026-05-17 20:29,question
MSG002118,THR00540,USR0258,ORG077,2026-05-01 14:54,assistant_response
MSG000151,THR00046,USR0226,ORG066,2026-01-15 16:49,question
MSG003005,THR00749,USR0148,ORG045,2026-06-14 17:19,question
MSG003923,THR00965,USR0234,ORG069,2026-07-20 16:43,question
MSG001271,THR00334,USR0128,ORG041,2026-03-31 18:25,question
MSG001384,THR00359,USR0187,ORG055,2026-04-03 18:57,assistant_response
MSG004042,THR00994,USR0104,ORG033,2026-07-16 09:53,assistant_response
MSG001016,THR00276,USR0048,ORG016,2026-03-13 15:52,assistant_response
MSG005309,THR01267,USR0125,ORG040,2026-08-23 21:08,question
MSG003287,THR00811,USR0144,ORG044,2026-06-15 09:33,question
MSG004306,THR01047,USR0222,ORG065,2026-07-05 15:07,assistant_response
MSG004094,THR01007,USR0159,ORG048,2026-07-15 22:35,assistant_response
MSG001329,THR00349,USR0242,ORG072,2026-04-17 18:49,question
MSG001089,THR00290,USR0085,ORG028,2026-03-15 18:46,question
MSG003189,THR00789,USR0197,ORG058,2026-06-03 17:17,question
MSG004366,THR01061,USR0232,ORG068,2026-07-11 11:19,assistant_response
MSG000941,THR00254,USR0153,ORG046,2026-03-30 09:43,question
MSG005094,THR01217,USR0088,ORG029,2026-08-31 20:56,assistant_response
MSG004144,THR01015,USR0074,ORG024,2026-07-04 12:19,assistant_response
MSG001159,THR00305,USR0060,ORG020,2026-03-15 08:25,question
MSG001813,THR00468,USR0252,ORG076,2026-04-11 14:36,question
MSG001085,THR00289,USR0071,ORG023,2026-03-13 11:56,question
MSG001945,THR00499,USR0091,ORG029,2026-05-22 09:15,question
MSG005250,THR01254,USR0235,ORG069,2026-08-09 13:01,assistant_response
MSG003379,THR00827,USR0022,ORG008,2026-06-04 18:54,question
MSG003959,THR00972,USR0244,ORG073,2026-07-22 19:38,question
MSG004431,THR01077,USR0214,ORG063,2026-08-29 16:27,question
MSG005144,THR01232,USR0092,ORG030,2026-08-15 14:16,assistant_response
MSG000297,THR00091,USR0189,ORG056,2026-01-15 11:39,question
MSG005072,THR01208,USR0115,ORG037,2026-08-23 14:29,assistant_response
MSG002940,THR00733,USR0186,ORG055,2026-06-03 19:46,assistant_response
MSG004357,THR01059,USR0166,ORG050,2026-07-05 07:11,question
MSG005215,THR01246,USR0097,ORG031,2026-08-16 10:27,question
MSG001803,THR00466,USR0198,ORG059,2026-04-05 08:05,question
MSG004796,THR01156,USR0051,ORG017,2026-08-11 11:29,assistant_response
MSG002723,THR00689,USR0173,ORG052,2026-06-03 22:40,question
MSG002717,THR00687,USR0026,ORG010,2026-06-22 19:30,question
MSG003807,THR00934,USR0154,ORG047,2026-07-31 22:11,question
MSG002065,THR00525,USR0083,ORG027,2026-05-06 14:40,question
MSG004830,THR01164,USR0238,ORG071,2026-08-31 16:49,assistant_response
MSG000665,THR00184,USR0021,ORG008,2026-02-28 09:12,question
MSG000915,THR00248,USR0208,ORG061,2026-03-21 12:11,question
MSG001712,THR00445,USR0214,ORG063,2026-04-15 19:13,assistant_response
MSG003160,THR00783,USR0133,ORG042,2026-06-30 18:25,assistant_response
MSG002703,THR00684,USR0223,ORG065,2026-06-14 11:01,question
MSG004627,THR01122,USR0172,ORG051,2026-08-13 11:35,question
MSG001460,THR00382,USR0190,ORG056,2026-04-06 21:02,assistant_response
MSG000548,THR00146,USR0173,ORG052,2026-02-26 16:36,assistant_response
MSG004658,THR01128,USR0120,ORG038,2026-08-12 16:24,assistant_response
MSG004055,THR00995,USR0206,ORG061,2026-07-26 14:53,question
MSG001691,THR00440,USR0173,ORG052,2026-04-14 11:29,question
MSG001112,THR00294,USR0044,ORG016,2026-03-08 17:07,assistant_response
MSG001664,THR00435,USR0245,ORG074,2026-04-13 07:05,assistant_response
MSG001876,THR00483,USR0066,ORG022,2026-04-04 19:47,assistant_response
MSG004184,THR01021,USR0131,ORG041,2026-07-10 09:59,assistant_response
MSG004318,THR01050,USR0085,ORG028,2026-07-11 22:48,assistant_response
MSG001309,THR00344,USR0126,ORG040,2026-03-21 16:31,question
MSG004321,THR01050,USR0085,ORG028,2026-07-11 23:00,question
MSG004643,THR01125,USR0031,ORG012,2026-08-27 18:17,question
MSG000082,THR00029,USR0022,ORG008,2026-01-15 13:22,assistant_response
MSG004445,THR01079,USR0041,ORG015,2026-08-24 16:00,question
MSG002013,THR00513,USR0223,ORG065,2026-05-21 09:47,question
MSG004881,THR01172,USR0040,ORG015,2026-08-18 08:01,question
MSG003539,THR00871,USR0238,ORG071,2026-07-25 13:17,question
MSG001458,THR00381,USR0136,ORG043,2026-04-03 19:11,assistant_response
MSG002263,THR00579,USR0006,ORG003,2026-05-07 16:12,question
MSG002315,THR00595,USR0136,ORG043,2026-05-07 14:17,question
MSG003768,THR00925,USR0219,ORG064,2026-07-12 19:23,assistant_response
MSG000691,THR00189,USR0255,ORG077,2026-02-15 11:00,question
MSG000015,THR00008,USR0249,ORG075,2026-01-20 21:26,question
MSG002553,THR00654,USR0178,ORG053,2026-05-26 21:46,question
MSG004032,THR00992,USR0051,ORG017,2026-07-26 22:06,assistant_response
MSG000786,THR00213,USR0231,ORG068,2026-03-16 14:26,assistant_response
MSG001432,THR00374,USR0016,ORG006,2026-04-14 12:39,assistant_response
MSG002348,THR00599,USR0066,ORG022,2026-05-02 20:35,assistant_response
MSG000229,THR00067,USR0235,ORG069,2026-01-02 16:12,question
MSG000748,THR00205,USR0244,ORG073,2026-02-02 07:44,assistant_response
MSG004568,THR01107,USR0086,ORG028,2026-08-21 10:55,assistant_response
MSG001215,THR00323,USR0005,ORG002,2026-03-31 17:00,question
MSG002687,THR00682,USR0248,ORG075,2026-06-06 22:57,question
MSG001655,THR00433,USR0141,ORG044,2026-04-07 12:43,question
MSG003891,THR00956,USR0075,ORG024,2026-07-28 15:37,question
MSG005070,THR01207,USR0084,ORG027,2026-08-04 21:59,assistant_response
MSG005076,THR01209,USR0170,ORG050,2026-08-26 19:13,assistant_response
MSG001740,THR00452,USR0057,ORG019,2026-04-27 22:27,assistant_response
MSG002652,THR00676,USR0110,ORG036,2026-06-13 15:27,assistant_response
MSG001867,THR00481,USR0069,ORG023,2026-04-16 07:37,question
MSG000866,THR00235,USR0246,ORG074,2026-03-19 19:34,assistant_response
MSG004508,THR01093,USR0162,ORG048,2026-08-18 09:37,assistant_response
MSG002195,THR00561,USR0091,ORG029,2026-05-16 08:56,question
MSG004222,THR01029,USR0128,ORG041,2026-07-17 11:54,assistant_response
MSG002278,THR00584,USR0179,ORG054,2026-05-12 15:18,assistant_response
MSG001114,THR00294,USR0044,ORG016,2026-03-08 17:01,assistant_response
MSG004839,THR01165,USR0129,ORG041,2026-08-27 19:36,question
MSG004346,THR01056,USR0109,ORG035,2026-07-19 07:33,assistant_response
MSG005281,THR01259,USR0094,ORG031,2026-08-23 10:39,question
MSG004609,THR01116,USR0085,ORG028,2026-08-14 08:31,question
MSG005137,THR01230,USR0022,ORG008,2026-08-15 17:27,question
MSG000829,THR00227,USR0169,ORG050,2026-03-15 17:33,question
MSG000208,THR00061,USR0044,ORG016,2026-01-17 18:04,assistant_response
MSG002842,THR00711,USR0219,ORG064,2026-06-10 17:34,assistant_response
MSG003311,THR00814,USR0151,ORG046,2026-06-10 12:08,question
MSG003340,THR00819,USR0078,ORG025,2026-06-22 21:35,assistant_response
MSG002759,THR00697,USR0044,ORG016,2026-06-04 08:29,question
MSG001060,THR00281,USR0081,ORG026,2026-03-15 21:06,assistant_response
MSG003272,THR00807,USR0218,ORG064,2026-06-20 07:36,assistant_response
MSG005319,THR01270,USR0006,ORG003,2026-08-22 15:11,question
MSG001815,THR00468,USR0252,ORG076,2026-04-11 14:45,question
MSG004762,THR01147,USR0159,ORG048,2026-08-18 10:46,assistant_response
MSG001254,THR00330,USR0070,ORG023,2026-03-25 10:09,assistant_response
MSG003191,THR00789,USR0197,ORG058,2026-06-03 17:27,question
MSG000985,THR00267,USR0053,ORG018,2026-03-24 14:28,question
MSG000793,THR00215,USR0038,ORG014,2026-03-03 15:09,question
MSG002247,THR00574,USR0261,ORG078,2026-05-13 17:51,question
MSG005301,THR01264,USR0237,ORG070,2026-08-13 17:47,question
MSG002714,THR00687,USR0026,ORG010,2026-06-22 19:28,assistant_response
MSG002238,THR00571,USR0248,ORG075,2026-05-06 18:38,assistant_response
MSG003971,THR00976,USR0168,ORG050,2026-07-05 16:40,question
MSG004956,THR01185,USR0100,ORG032,2026-08-11 09:56,assistant_response
MSG003633,THR00892,USR0013,ORG005,2026-07-15 21:49,question
MSG005368,THR01283,USR0088,ORG029,2026-08-09 10:38,assistant_response
MSG005205,THR01243,USR0215,ORG063,2026-08-14 19:54,question
MSG003401,THR00833,USR0048,ORG016,2026-06-02 13:38,question
MSG003899,THR00959,USR0088,ORG029,2026-07-29 07:46,question
MSG000091,THR00032,USR0225,ORG065,2026-01-17 12:23,question
MSG003219,THR00796,USR0106,ORG034,2026-06-22 17:22,question
MSG003966,THR00974,USR0069,ORG023,2026-07-01 10:47,assistant_response
MSG005280,THR01259,USR0094,ORG031,2026-08-23 10:27,assistant_response
MSG002840,THR00711,USR0219,ORG064,2026-06-10 17:28,assistant_response
MSG001518,THR00396,USR0206,ORG061,2026-04-02 19:58,assistant_response
MSG004418,THR01074,USR0024,ORG009,2026-08-17 10:36,assistant_response
MSG000004,THR00002,USR0159,ORG048,2026-01-30 17:22,assistant_response
MSG002492,THR00638,USR0026,ORG010,2026-05-18 07:14,assistant_response
MSG004113,THR01010,USR0043,ORG015,2026-07-11 16:55,question
MSG001822,THR00471,USR0010,ORG004,2026-04-04 19:26,assistant_response
MSG001413,THR00368,USR0025,ORG009,2026-04-13 21:46,question
MSG005009,THR01196,USR0220,ORG064,2026-08-29 10:21,question
MSG002201,THR00562,USR0048,ORG016,2026-05-16 11:57,question
MSG004777,THR01150,USR0228,ORG066,2026-08-03 17:32,question
MSG002971,THR00738,USR0256,ORG077,2026-06-18 07:54,question
MSG003896,THR00957,USR0257,ORG077,2026-07-25 14:39,assistant_response
MSG004104,THR01008,USR0140,ORG043,2026-07-05 07:16,assistant_response
MSG002380,THR00609,USR0025,ORG009,2026-05-13 10:44,assistant_response
MSG001094,THR00291,USR0078,ORG025,2026-03-30 20:41,assistant_response
MSG001709,THR00445,USR0214,ORG063,2026-04-15 19:07,question
MSG003740,THR00918,USR0152,ORG046,2026-07-16 16:54,assistant_response
MSG002844,THR00712,USR0071,ORG023,2026-06-19 13:55,assistant_response
MSG002569,THR00657,USR0240,ORG071,2026-05-09 12:07,question
MSG005032,THR01201,USR0160,ORG048,2026-08-19 20:35,assistant_response
MSG000274,THR00084,USR0199,ORG059,2026-01-30 10:16,assistant_response
MSG002622,THR00669,USR0266,ORG079,2026-06-04 10:46,assistant_response
MSG003042,THR00759,USR0247,ORG074,2026-06-05 22:13,assistant_response
MSG002448,THR00625,USR0140,ORG043,2026-05-18 21:13,assistant_response
MSG004898,THR01174,USR0005,ORG002,2026-08-04 21:41,assistant_response
MSG002762,THR00697,USR0044,ORG016,2026-06-04 08:36,assistant_response
MSG002751,THR00696,USR0226,ORG066,2026-06-02 14:12,question
MSG003534,THR00870,USR0049,ORG017,2026-07-20 18:55,assistant_response
MSG000968,THR00264,USR0087,ORG029,2026-03-25 21:36,assistant_response
MSG004435,THR01078,USR0231,ORG068,2026-08-20 15:28,question
MSG003367,THR00824,USR0244,ORG073,2026-06-10 23:05,question
MSG003525,THR00868,USR0020,ORG008,2026-07-20 12:45,question
MSG001394,THR00360,USR0166,ORG050,2026-04-05 12:58,assistant_response
MSG001800,THR00465,USR0049,ORG017,2026-04-14 14:30,assistant_response
MSG000706,THR00191,USR0075,ORG024,2026-02-01 15:44,assistant_response
MSG002185,THR00558,USR0094,ORG031,2026-05-20 15:10,question
MSG003026,THR00755,USR0035,ORG013,2026-06-10 16:33,assistant_response
MSG000011,THR00006,USR0044,ORG016,2026-01-29 08:09,question
MSG002629,THR00671,USR0213,ORG063,2026-06-24 10:55,question
MSG005151,THR01235,USR0171,ORG051,2026-08-07 17:16,question
MSG003550,THR00875,USR0091,ORG029,2026-07-06 07:33,assistant_response
MSG002417,THR00618,USR0231,ORG068,2026-05-14 12:17,question
MSG004677,THR01134,USR0217,ORG064,2026-08-15 22:48,question
MSG005288,THR01260,USR0081,ORG026,2026-08-09 16:54,assistant_response
MSG000417,THR00115,USR0259,ORG077,2026-02-15 15:58,question
MSG002167,THR00554,USR0083,ORG027,2026-05-05 08:57,question
MSG003830,THR00940,USR0185,ORG055,2026-07-14 18:03,assistant_response
MSG000165,THR00052,USR0203,ORG060,2026-01-17 18:15,question
MSG000630,THR00168,USR0238,ORG071,2026-02-22 20:34,assistant_response
MSG001788,THR00463,USR0067,ORG022,2026-04-16 22:09,assistant_response
MSG004099,THR01007,USR0159,ORG048,2026-07-15 22:41,question
MSG000411,THR00115,USR0259,ORG077,2026-02-15 15:52,question
MSG003222,THR00797,USR0223,ORG065,2026-06-23 18:05,assistant_response
MSG000002,THR00001,USR0014,ORG005,2026-01-20 15:01,assistant_response
MSG002179,THR00555,USR0133,ORG042,2026-05-30 12:57,question
MSG000339,THR00100,USR0173,ORG052,2026-01-27 08:53,question
MSG001816,THR00468,USR0252,ORG076,2026-04-11 14:45,assistant_response
MSG001550,THR00403,USR0260,ORG078,2026-04-13 11:49,assistant_response
MSG002950,THR00734,USR0194,ORG057,2026-06-18 19:16,assistant_response
MSG001587,THR00411,USR0210,ORG062,2026-04-17 08:01,question
MSG003325,THR00817,USR0043,ORG015,2026-06-05 09:56,question
MSG001488,THR00388,USR0099,ORG032,2026-04-05 08:27,assistant_response
MSG004328,THR01051,USR0226,ORG066,2026-07-02 13:09,assistant_response
MSG005069,THR01207,USR0084,ORG027,2026-08-04 21:59,question
MSG000267,THR00082,USR0071,ORG023,2026-01-17 18:25,question
MSG000286,THR00086,USR0038,ORG014,2026-01-15 12:57,assistant_response
MSG003912,THR00962,USR0117,ORG038,2026-07-14 10:52,assistant_response
MSG004975,THR01187,USR0050,ORG017,2026-08-01 22:36,question
MSG003992,THR00981,USR0156,ORG047,2026-07-29 12:31,assistant_response
MSG004457,THR01082,USR0250,ORG076,2026-08-10 18:50,question
MSG002129,THR00541,USR0072,ORG024,2026-05-15 12:17,question
MSG004571,THR01108,USR0081,ORG026,2026-08-24 16:49,question
MSG000336,THR00099,USR0048,ORG016,2026-01-17 12:52,assistant_response
MSG003742,THR00918,USR0152,ORG046,2026-07-16 16:52,assistant_response
MSG001773,THR00460,USR0086,ORG028,2026-04-04 11:44,question
MSG001183,THR00313,USR0007,ORG003,2026-03-08 08:30,question
MSG002778,THR00702,USR0139,ORG043,2026-06-02 21:41,assistant_response
MSG003952,THR00971,USR0256,ORG077,2026-07-09 15:48,assistant_response
MSG003721,THR00915,USR0018,ORG007,2026-07-22 17:22,question
MSG003831,THR00941,USR0040,ORG015,2026-07-17 13:49,question
MSG004466,THR01085,USR0075,ORG024,2026-08-21 14:27,assistant_response
MSG000480,THR00130,USR0136,ORG043,2026-02-20 22:24,assistant_response
MSG000083,THR00030,USR0032,ORG012,2026-01-15 10:51,question
MSG001942,THR00499,USR0091,ORG029,2026-05-22 09:13,assistant_response
MSG002503,THR00640,USR0176,ORG053,2026-05-14 16:54,question
MSG002137,THR00545,USR0024,ORG009,2026-05-02 17:06,question
MSG003846,THR00945,USR0249,ORG075,2026-07-14 18:00,assistant_response
MSG003543,THR00873,USR0023,ORG008,2026-07-02 18:18,question
MSG004143,THR01015,USR0074,ORG024,2026-07-04 12:19,question
MSG002725,THR00689,USR0173,ORG052,2026-06-03 22:42,question
MSG001388,THR00360,USR0166,ORG050,2026-04-05 12:52,assistant_response
MSG003358,THR00823,USR0177,ORG053,2026-06-02 15:56,assistant_response
MSG002886,THR00719,USR0241,ORG072,2026-06-23 18:11,assistant_response
MSG004654,THR01127,USR0003,ORG002,2026-08-15 17:33,assistant_response
MSG003377,THR00826,USR0148,ORG045,2026-06-30 21:30,question
MSG000935,THR00252,USR0059,ORG020,2026-03-09 22:48,question
MSG005223,THR01248,USR0251,ORG076,2026-08-01 12:12,question
MSG003348,THR00821,USR0044,ORG016,2026-06-05 12:00,assistant_response
MSG002591,THR00663,USR0035,ORG013,2026-05-02 11:19,question
MSG002831,THR00708,USR0132,ORG042,2026-06-29 20:02,question
MSG001365,THR00356,USR0245,ORG074,2026-04-01 18:00,question
MSG002166,THR00553,USR0083,ORG027,2026-05-21 20:01,assistant_response
MSG000628,THR00167,USR0202,ORG060,2026-02-17 11:58,assistant_response
MSG003987,THR00979,USR0010,ORG004,2026-07-31 08:55,question
MSG003280,THR00809,USR0020,ORG008,2026-06-19 22:45,assistant_response
MSG002014,THR00513,USR0223,ORG065,2026-05-21 09:47,assistant_response
MSG000690,THR00189,USR0255,ORG077,2026-02-15 11:05,assistant_response
MSG002987,THR00744,USR0091,ORG029,2026-06-15 18:59,question
MSG001249,THR00328,USR0150,ORG046,2026-03-09 18:11,question
MSG005142,THR01231,USR0189,ORG056,2026-08-26 22:20,assistant_response
MSG004631,THR01122,USR0172,ORG051,2026-08-13 11:53,question
MSG001997,THR00509,USR0145,ORG044,2026-05-01 18:36,question
MSG004934,THR01181,USR0130,ORG041,2026-08-22 21:00,assistant_response
MSG004269,THR01039,USR0097,ORG031,2026-07-14 12:29,question
MSG001593,THR00413,USR0005,ORG002,2026-04-08 15:38,question
MSG001781,THR00462,USR0195,ORG057,2026-04-25 18:39,question
MSG004865,THR01169,USR0232,ORG068,2026-08-09 14:54,question
MSG003898,THR00958,USR0008,ORG004,2026-07-17 13:45,assistant_response
MSG002230,THR00569,USR0219,ORG064,2026-05-21 15:22,assistant_response
MSG000763,THR00208,USR0017,ORG007,2026-02-06 17:03,question
MSG002666,THR00680,USR0080,ORG026,2026-06-05 15:23,assistant_response
MSG005256,THR01254,USR0235,ORG069,2026-08-09 13:20,assistant_response
MSG005265,THR01257,USR0234,ORG069,2026-08-12 16:32,question
MSG001607,THR00416,USR0053,ORG018,2026-04-01 18:38,question
MSG002181,THR00556,USR0146,ORG045,2026-05-31 09:13,question
MSG003568,THR00879,USR0224,ORG065,2026-07-05 14:03,assistant_response
MSG001059,THR00281,USR0081,ORG026,2026-03-15 21:06,question
MSG000237,THR00070,USR0025,ORG009,2026-01-28 17:17,question
MSG000065,THR00023,USR0253,ORG076,2026-01-15 21:58,question
MSG003549,THR00875,USR0091,ORG029,2026-07-06 07:33,question
MSG000958,THR00261,USR0259,ORG077,2026-03-21 22:26,assistant_response
MSG004193,THR01023,USR0209,ORG062,2026-07-26 08:17,question
MSG003960,THR00972,USR0244,ORG073,2026-07-22 19:38,assistant_response
MSG001269,THR00333,USR0156,ORG047,2026-03-27 08:15,question
MSG001052,THR00280,USR0025,ORG009,2026-03-02 10:42,assistant_response
MSG003366,THR00824,USR0244,ORG073,2026-06-10 22:55,assistant_response
MSG000551,THR00147,USR0208,ORG061,2026-02-27 20:32,question
MSG001130,THR00298,USR0199,ORG059,2026-03-28 20:30,assistant_response
MSG001032,THR00278,USR0033,ORG013,2026-03-26 19:13,assistant_response
MSG004197,THR01023,USR0209,ORG062,2026-07-26 08:25,question
MSG004237,THR01032,USR0094,ORG031,2026-07-13 19:55,question
MSG000592,THR00159,USR0251,ORG076,2026-02-03 21:51,assistant_response
MSG000711,THR00193,USR0126,ORG040,2026-02-16 17:22,question
MSG003448,THR00848,USR0047,ORG016,2026-06-12 17:11,assistant_response
MSG003023,THR00755,USR0035,ORG013,2026-06-10 16:32,question
MSG000325,THR00098,USR0129,ORG041,2026-01-07 15:08,question
MSG002101,THR00535,USR0072,ORG024,2026-05-29 13:17,question
MSG005269,THR01258,USR0090,ORG029,2026-08-14 14:15,question
MSG003091,THR00768,USR0098,ORG031,2026-06-11 22:52,question
MSG003378,THR00826,USR0148,ORG045,2026-06-30 21:30,assistant_response
MSG005035,THR01201,USR0160,ORG048,2026-08-19 20:47,question
MSG001611,THR00418,USR0167,ORG050,2026-04-28 15:16,question
MSG004456,THR01082,USR0250,ORG076,2026-08-10 18:44,assistant_response
MSG002688,THR00682,USR0248,ORG075,2026-06-06 22:57,assistant_response
MSG004995,THR01192,USR0034,ORG013,2026-08-26 11:04,question
MSG004717,THR01139,USR0074,ORG024,2026-08-05 20:06,question
MSG002697,THR00683,USR0154,ORG047,2026-06-02 19:08,question
MSG001462,THR00383,USR0135,ORG042,2026-04-08 15:36,assistant_response
MSG003781,THR00928,USR0218,ORG064,2026-07-24 20:12,question
MSG000190,THR00056,USR0111,ORG036,2026-01-27 11:43,assistant_response
MSG002849,THR00713,USR0070,ORG023,2026-06-14 11:43,question
MSG001477,THR00387,USR0018,ORG007,2026-04-17 11:07,question
MSG002420,THR00618,USR0231,ORG068,2026-05-14 12:15,assistant_response
MSG003780,THR00928,USR0218,ORG064,2026-07-24 20:09,assistant_response
MSG003771,THR00926,USR0180,ORG054,2026-07-10 22:01,question
MSG004160,THR01017,USR0127,ORG040,2026-07-31 15:56,assistant_response
MSG002753,THR00696,USR0226,ORG066,2026-06-02 14:19,question
MSG004001,THR00984,USR0254,ORG076,2026-07-19 19:42,question
MSG003488,THR00857,USR0067,ORG022,2026-07-01 12:40,assistant_response
MSG002071,THR00526,USR0028,ORG011,2026-05-28 21:41,question
MSG003606,THR00887,USR0077,ORG025,2026-07-30 07:38,assistant_response
MSG004472,THR01085,USR0075,ORG024,2026-08-21 14:33,assistant_response
MSG000288,THR00086,USR0038,ORG014,2026-01-15 13:04,assistant_response
MSG000572,THR00153,USR0189,ORG056,2026-02-20 14:32,assistant_response
MSG001438,THR00375,USR0106,ORG034,2026-04-07 20:44,assistant_response
MSG000588,THR00158,USR0168,ORG050,2026-02-28 21:07,assistant_response
MSG001836,THR00476,USR0114,ORG036,2026-04-01 17:22,assistant_response
MSG000110,THR00036,USR0073,ORG024,2026-01-30 18:39,assistant_response
MSG001416,THR00369,USR0212,ORG062,2026-04-16 19:22,assistant_response
MSG003338,THR00819,USR0078,ORG025,2026-06-22 21:30,assistant_response
MSG003908,THR00961,USR0055,ORG018,2026-07-06 18:24,assistant_response
MSG004044,THR00994,USR0104,ORG033,2026-07-16 09:56,assistant_response
MSG004644,THR01125,USR0031,ORG012,2026-08-27 18:17,assistant_response
MSG004602,THR01113,USR0220,ORG064,2026-08-14 21:02,assistant_response
MSG004562,THR01105,USR0054,ORG018,2026-08-23 09:03,assistant_response
MSG004370,THR01061,USR0232,ORG068,2026-07-11 11:22,assistant_response
MSG001949,THR00501,USR0131,ORG041,2026-05-01 17:29,question
MSG000446,THR00122,USR0214,ORG063,2026-02-19 16:50,assistant_response
MSG003182,THR00787,USR0037,ORG014,2026-06-26 16:34,assistant_response
MSG001360,THR00355,USR0020,ORG008,2026-04-03 08:14,assistant_response
MSG003599,THR00886,USR0008,ORG004,2026-07-24 20:55,question
MSG002813,THR00706,USR0157,ORG047,2026-06-11 22:37,question
MSG003996,THR00982,USR0200,ORG059,2026-07-16 10:41,assistant_response
MSG001564,THR00407,USR0251,ORG076,2026-04-20 21:11,assistant_response
MSG003658,THR00898,USR0035,ORG013,2026-07-18 13:26,assistant_response
MSG001387,THR00360,USR0166,ORG050,2026-04-05 12:52,question
MSG004890,THR01173,USR0193,ORG057,2026-08-27 18:24,assistant_response
MSG003842,THR00944,USR0074,ORG024,2026-07-01 11:33,assistant_response
MSG002538,THR00648,USR0112,ORG036,2026-05-04 14:40,assistant_response
MSG000181,THR00054,USR0075,ORG024,2026-01-05 08:24,question
MSG002075,THR00527,USR0035,ORG013,2026-05-09 10:12,question
MSG004009,THR00986,USR0188,ORG055,2026-07-12 07:50,question
MSG003228,THR00799,USR0028,ORG011,2026-06-01 18:07,assistant_response
MSG001164,THR00307,USR0084,ORG027,2026-03-16 18:33,assistant_response
MSG002475,THR00634,USR0041,ORG015,2026-05-14 14:33,question
MSG002704,THR00684,USR0223,ORG065,2026-06-14 11:01,assistant_response
MSG000242,THR00072,USR0174,ORG052,2026-01-06 22:44,assistant_response
MSG005065,THR01207,USR0084,ORG027,2026-08-04 22:00,question
MSG002394,THR00614,USR0147,ORG045,2026-05-15 11:55,assistant_response
MSG002048,THR00521,USR0201,ORG059,2026-05-26 16:40,assistant_response
MSG001662,THR00435,USR0245,ORG074,2026-04-13 07:02,assistant_response
MSG002295,THR00591,USR0113,ORG036,2026-05-22 14:51,question
MSG003317,THR00816,USR0027,ORG010,2026-06-22 16:51,question
MSG000355,THR00102,USR0255,ORG077,2026-02-21 17:05,question
MSG000839,THR00228,USR0070,ORG023,2026-03-10 17:44,question
MSG004752,THR01145,USR0174,ORG052,2026-08-18 08:45,assistant_response
MSG003675,THR00904,USR0148,ORG045,2026-07-31 09:06,question
MSG004667,THR01130,USR0099,ORG032,2026-08-27 18:29,question
MSG004178,THR01020,USR0186,ORG055,2026-07-29 10:42,assistant_response
MSG000092,THR00032,USR0225,ORG065,2026-01-17 12:23,assistant_response
MSG001434,THR00374,USR0016,ORG006,2026-04-14 12:40,assistant_response
MSG000354,THR00102,USR0255,ORG077,2026-02-21 17:02,assistant_response
MSG004077,THR01001,USR0240,ORG071,2026-07-09 21:00,question
MSG000547,THR00146,USR0173,ORG052,2026-02-26 16:36,question
MSG003797,THR00931,USR0071,ORG023,2026-07-07 12:53,question
MSG001795,THR00464,USR0161,ORG048,2026-04-01 14:54,question
MSG002620,THR00668,USR0021,ORG008,2026-06-24 09:53,assistant_response
MSG002217,THR00565,USR0051,ORG017,2026-05-14 11:16,question
MSG004005,THR00986,USR0188,ORG055,2026-07-12 07:48,question
MSG001707,THR00444,USR0025,ORG009,2026-04-22 10:43,question
MSG004017,THR00987,USR0183,ORG054,2026-07-14 18:05,question
MSG004432,THR01077,USR0214,ORG063,2026-08-29 16:27,assistant_response
MSG001972,THR00505,USR0207,ORG061,2026-05-03 18:23,assistant_response
MSG000751,THR00206,USR0223,ORG065,2026-02-21 17:41,question
MSG004827,THR01164,USR0238,ORG071,2026-08-31 16:42,question
MSG001682,THR00439,USR0024,ORG009,2026-04-10 16:34,assistant_response
MSG002663,THR00679,USR0142,ORG044,2026-06-30 11:06,question
MSG004398,THR01069,USR0223,ORG065,2026-08-21 20:05,assistant_response
MSG002907,THR00724,USR0195,ORG057,2026-06-24 17:30,question
MSG001784,THR00463,USR0067,ORG022,2026-04-16 22:07,assistant_response
MSG001826,THR00472,USR0001,ORG001,2026-04-27 09:56,assistant_response
MSG004670,THR01131,USR0218,ORG064,2026-08-27 20:05,assistant_response
MSG001637,THR00427,USR0151,ORG046,2026-04-15 10:30,question
MSG001115,THR00295,USR0106,ORG034,2026-03-17 13:47,question
MSG000200,THR00058,USR0235,ORG069,2026-01-03 10:55,assistant_response
MSG000644,THR00174,USR0120,ORG038,2026-02-27 17:36,assistant_response
MSG003328,THR00817,USR0043,ORG015,2026-06-05 10:04,assistant_response
MSG003396,THR00831,USR0035,ORG013,2026-06-01 20:06,assistant_response
MSG003540,THR00871,USR0238,ORG071,2026-07-25 13:17,assistant_response
MSG002684,THR00681,USR0048,ORG016,2026-06-19 20:04,assistant_response
MSG004620,THR01120,USR0106,ORG034,2026-08-29 21:44,assistant_response
MSG003166,THR00785,USR0058,ORG019,2026-06-12 22:29,assistant_response
MSG004337,THR01053,USR0021,ORG008,2026-07-15 18:49,question
MSG003190,THR00789,USR0197,ORG058,2026-06-03 17:17,assistant_response
MSG004900,THR01174,USR0005,ORG002,2026-08-04 21:27,assistant_response
MSG002353,THR00599,USR0066,ORG022,2026-05-02 20:58,question
MSG001256,THR00331,USR0239,ORG071,2026-03-11 20:07,assistant_response
MSG004578,THR01109,USR0051,ORG017,2026-08-05 18:25,assistant_response
MSG002708,THR00685,USR0006,ORG003,2026-06-21 19:03,assistant_response
MSG002016,THR00513,USR0223,ORG065,2026-05-21 09:51,assistant_response
MSG004804,THR01158,USR0059,ORG020,2026-08-09 08:20,assistant_response
MSG001922,THR00496,USR0161,ORG048,2026-05-31 08:00,assistant_response
MSG003793,THR00929,USR0156,ORG047,2026-07-16 17:08,question
MSG004754,THR01145,USR0174,ORG052,2026-08-18 09:10,assistant_response
MSG002517,THR00644,USR0128,ORG041,2026-05-13 21:15,question
MSG001964,THR00504,USR0095,ORG031,2026-05-17 09:55,assistant_response
MSG002439,THR00624,USR0018,ORG007,2026-05-22 19:03,question
MSG001295,THR00339,USR0012,ORG004,2026-03-03 13:57,question
MSG001245,THR00328,USR0150,ORG046,2026-03-09 17:59,question
MSG000965,THR00263,USR0113,ORG036,2026-03-10 08:17,question
MSG004360,THR01060,USR0246,ORG074,2026-07-15 15:38,assistant_response
MSG002584,THR00661,USR0199,ORG059,2026-05-07 22:52,assistant_response
MSG003453,THR00849,USR0104,ORG033,2026-06-06 08:30,question
MSG001848,THR00477,USR0268,ORG080,2026-04-12 10:20,assistant_response
MSG001735,THR00452,USR0057,ORG019,2026-04-27 22:14,question
MSG003440,THR00847,USR0247,ORG074,2026-06-04 18:21,assistant_response
MSG005255,THR01254,USR0235,ORG069,2026-08-09 13:20,question
MSG001904,THR00492,USR0103,ORG033,2026-04-09 12:18,assistant_response
MSG000981,THR00267,USR0053,ORG018,2026-03-24 14:23,question
MSG002306,THR00593,USR0176,ORG053,2026-05-03 12:30,assistant_response
MSG000564,THR00152,USR0258,ORG077,2026-02-23 16:44,assistant_response
MSG004242,THR01032,USR0094,ORG031,2026-07-13 20:17,assistant_response
MSG000069,THR00025,USR0227,ORG066,2026-01-21 16:50,question
MSG000560,THR00150,USR0169,ORG050,2026-02-10 07:18,assistant_response
MSG002472,THR00632,USR0192,ORG057,2026-05-07 20:58,assistant_response
MSG002746,THR00695,USR0157,ORG047,2026-06-06 18:43,assistant_response
MSG004106,THR01008,USR0140,ORG043,2026-07-05 07:22,assistant_response
MSG002429,THR00622,USR0044,ORG016,2026-05-21 19:19,question
MSG002355,THR00600,USR0090,ORG029,2026-05-15 10:44,question
MSG002399,THR00615,USR0173,ORG052,2026-05-14 20:00,question
MSG003133,THR00774,USR0081,ORG026,2026-06-09 10:02,question
MSG005307,THR01266,USR0168,ORG050,2026-08-22 21:36,question
MSG002655,THR00678,USR0004,ORG002,2026-06-10 14:13,question
MSG004091,THR01006,USR0059,ORG020,2026-07-05 13:01,question
MSG003760,THR00922,USR0114,ORG036,2026-07-26 15:12,assistant_response
MSG004633,THR01123,USR0160,ORG048,2026-08-17 17:48,question
MSG002427,THR00621,USR0204,ORG060,2026-05-17 09:06,question
MSG001871,THR00482,USR0248,ORG075,2026-04-30 12:51,question
MSG004084,THR01004,USR0033,ORG013,2026-07-21 13:54,assistant_response
MSG003522,THR00866,USR0146,ORG045,2026-07-14 22:44,assistant_response
MSG004844,THR01165,USR0129,ORG041,2026-08-27 19:34,assistant_response
MSG003119,THR00772,USR0160,ORG048,2026-06-01 16:42,question
MSG002210,THR00563,USR0221,ORG065,2026-05-17 20:31,assistant_response
MSG000392,THR00109,USR0161,ORG048,2026-02-07 12:37,assistant_response
MSG001147,THR00304,USR0034,ORG013,2026-03-10 20:46,question
MSG001264,THR00332,USR0232,ORG068,2026-03-10 21:30,assistant_response
MSG000438,THR00120,USR0154,ORG047,2026-02-19 17:32,assistant_response
MSG001613,THR00418,USR0167,ORG050,2026-04-28 15:19,question
MSG003420,THR00840,USR0103,ORG033,2026-06-20 19:11,assistant_response
MSG002513,THR00642,USR0201,ORG059,2026-05-03 22:11,question
MSG000955,THR00260,USR0249,ORG075,2026-03-05 13:52,question
MSG000749,THR00206,USR0223,ORG065,2026-02-21 17:36,question
MSG000052,THR00020,USR0087,ORG029,2026-01-03 10:33,assistant_response
MSG001959,THR00503,USR0155,ORG047,2026-05-16 18:08,question
MSG005109,THR01222,USR0251,ORG076,2026-08-07 09:55,question
MSG001641,THR00429,USR0196,ORG058,2026-04-17 16:26,question
MSG005079,THR01211,USR0059,ORG020,2026-08-05 16:28,question
MSG004126,THR01012,USR0257,ORG077,2026-07-30 10:33,assistant_response
MSG003171,THR00785,USR0058,ORG019,2026-06-12 22:44,question
MSG001404,THR00363,USR0201,ORG059,2026-04-28 08:16,assistant_response
MSG003114,THR00771,USR0171,ORG051,2026-06-15 08:06,assistant_response
MSG003789,THR00929,USR0156,ORG047,2026-07-16 17:12,question
MSG002187,THR00558,USR0094,ORG031,2026-05-20 15:14,question
MSG000905,THR00246,USR0176,ORG053,2026-03-21 10:43,question
MSG001468,THR00385,USR0117,ORG038,2026-04-18 08:53,assistant_response
MSG005086,THR01214,USR0126,ORG040,2026-08-06 13:01,assistant_response
MSG004546,THR01103,USR0175,ORG052,2026-08-26 18:49,assistant_response
MSG003246,THR00802,USR0097,ORG031,2026-06-18 19:57,assistant_response
MSG001298,THR00339,USR0012,ORG004,2026-03-03 13:59,assistant_response
MSG001618,THR00420,USR0207,ORG061,2026-04-22 17:43,assistant_response
MSG004794,THR01156,USR0051,ORG017,2026-08-11 11:40,assistant_response
MSG003767,THR00925,USR0219,ORG064,2026-07-12 19:23,question
MSG003585,THR00884,USR0088,ORG029,2026-07-19 14:05,question
MSG001946,THR00499,USR0091,ORG029,2026-05-22 09:15,assistant_response
MSG000650,THR00176,USR0267,ORG080,2026-02-08 20:19,assistant_response
MSG001506,THR00393,USR0052,ORG017,2026-04-30 10:36,assistant_response
MSG001557,THR00404,USR0103,ORG033,2026-04-27 08:15,question
MSG005040,THR01202,USR0075,ORG024,2026-08-05 22:19,assistant_response
MSG000972,THR00265,USR0262,ORG078,2026-03-04 10:17,assistant_response
MSG001447,THR00378,USR0219,ORG064,2026-04-03 16:56,question
MSG004735,THR01142,USR0173,ORG052,2026-08-26 19:51,question
MSG000773,THR00209,USR0204,ORG060,2026-02-03 16:17,question
MSG004041,THR00994,USR0104,ORG033,2026-07-16 09:53,question
MSG004636,THR01123,USR0160,ORG048,2026-08-17 17:49,assistant_response
MSG000494,THR00134,USR0041,ORG015,2026-02-12 21:41,assistant_response
MSG004494,THR01091,USR0149,ORG046,2026-08-02 22:25,assistant_response
MSG002925,THR00730,USR0058,ORG019,2026-06-06 11:25,question
MSG000620,THR00167,USR0202,ORG060,2026-02-17 11:46,assistant_response
MSG002561,THR00655,USR0194,ORG057,2026-05-12 11:31,question
MSG004015,THR00987,USR0183,ORG054,2026-07-14 18:03,question
MSG001362,THR00355,USR0020,ORG008,2026-04-03 08:19,assistant_response
MSG001629,THR00425,USR0094,ORG031,2026-04-22 17:41,question
MSG003051,THR00761,USR0010,ORG004,2026-06-07 17:54,question
MSG004468,THR01085,USR0075,ORG024,2026-08-21 14:34,assistant_response
MSG002893,THR00720,USR0099,ORG032,2026-06-08 08:26,question
MSG002347,THR00599,USR0066,ORG022,2026-05-02 20:35,question
MSG000160,THR00049,USR0053,ORG018,2026-01-23 10:18,assistant_response
MSG002686,THR00682,USR0248,ORG075,2026-06-06 22:52,assistant_response
MSG002740,THR00694,USR0179,ORG054,2026-06-07 17:22,assistant_response
MSG004599,THR01113,USR0220,ORG064,2026-08-14 20:57,question
MSG000338,THR00100,USR0173,ORG052,2026-01-27 08:52,assistant_response
MSG000294,THR00089,USR0090,ORG029,2026-01-26 18:32,assistant_response
MSG004842,THR01165,USR0129,ORG041,2026-08-27 19:37,assistant_response
MSG005353,THR01278,USR0098,ORG031,2026-08-20 14:00,question
MSG004679,THR01134,USR0217,ORG064,2026-08-15 22:50,question
MSG001513,THR00395,USR0243,ORG073,2026-04-02 12:17,question
MSG003863,THR00948,USR0186,ORG055,2026-07-05 22:02,question
MSG000006,THR00003,USR0074,ORG024,2026-01-19 19:04,assistant_response
MSG005350,THR01277,USR0213,ORG063,2026-08-17 10:52,assistant_response
MSG004069,THR00999,USR0264,ORG079,2026-07-15 12:56,question
MSG001243,THR00327,USR0202,ORG060,2026-03-03 08:29,question
MSG002919,THR00729,USR0028,ORG011,2026-06-23 11:30,question
MSG001262,THR00332,USR0232,ORG068,2026-03-10 21:18,assistant_response
MSG004075,THR01001,USR0240,ORG071,2026-07-09 20:59,question
MSG004764,THR01148,USR0028,ORG011,2026-08-31 13:48,assistant_response
MSG001213,THR00322,USR0004,ORG002,2026-03-30 20:01,question
MSG001179,THR00312,USR0053,ORG018,2026-03-29 10:14,question
MSG004383,THR01063,USR0123,ORG039,2026-07-31 19:05,question
MSG000785,THR00213,USR0231,ORG068,2026-03-16 14:26,question
MSG002838,THR00710,USR0196,ORG058,2026-06-17 14:26,assistant_response
MSG003376,THR00826,USR0148,ORG045,2026-06-30 21:24,assistant_response
MSG001070,THR00284,USR0120,ORG038,2026-03-14 09:45,assistant_response
MSG000260,THR00078,USR0263,ORG079,2026-01-26 12:01,assistant_response
MSG001796,THR00464,USR0161,ORG048,2026-04-01 14:54,assistant_response
MSG002142,THR00546,USR0141,ORG044,2026-05-27 15:37,assistant_response
MSG004756,THR01146,USR0085,ORG028,2026-08-23 07:36,assistant_response
MSG005049,THR01204,USR0028,ORG011,2026-08-14 18:26,question
MSG004247,THR01035,USR0077,ORG025,2026-07-03 18:10,question
MSG004064,THR00997,USR0244,ORG073,2026-07-14 13:28,assistant_response
MSG005209,THR01244,USR0012,ORG004,2026-08-19 08:59,question
MSG004114,THR01010,USR0043,ORG015,2026-07-11 16:55,assistant_response
MSG004211,THR01026,USR0181,ORG054,2026-07-14 17:41,question
MSG003185,THR00788,USR0123,ORG039,2026-06-20 14:35,question
MSG002011,THR00512,USR0218,ORG064,2026-05-27 10:19,question
MSG003124,THR00772,USR0160,ORG048,2026-06-01 16:49,assistant_response
MSG002497,THR00638,USR0026,ORG010,2026-05-18 07:27,question
MSG004165,THR01018,USR0189,ORG056,2026-07-27 16:01,question
MSG002639,THR00675,USR0191,ORG056,2026-06-14 20:54,question
MSG002824,THR00707,USR0181,ORG054,2026-06-12 16:39,assistant_response
MSG002279,THR00585,USR0207,ORG061,2026-05-19 07:16,question
MSG002127,THR00541,USR0072,ORG024,2026-05-15 12:11,question
MSG002516,THR00643,USR0129,ORG041,2026-05-27 19:53,assistant_response
MSG000753,THR00206,USR0223,ORG065,2026-02-21 17:38,question
MSG004500,THR01093,USR0162,ORG048,2026-08-18 09:17,assistant_response
MSG001494,THR00390,USR0035,ORG013,2026-04-03 19:35,assistant_response
MSG001197,THR00318,USR0206,ORG061,2026-03-03 21:55,question
MSG004166,THR01018,USR0189,ORG056,2026-07-27 16:01,assistant_response
MSG001718,THR00447,USR0267,ORG080,2026-04-09 11:31,assistant_response
MSG000563,THR00152,USR0258,ORG077,2026-02-23 16:44,question
MSG002748,THR00695,USR0157,ORG047,2026-06-06 18:49,assistant_response
MSG000029,THR00012,USR0149,ORG046,2026-01-11 10:00,question
MSG002090,THR00531,USR0220,ORG064,2026-05-06 07:20,assistant_response
MSG000707,THR00192,USR0079,ORG025,2026-02-07 17:14,question
MSG000463,THR00126,USR0212,ORG062,2026-02-23 13:26,question
MSG002392,THR00613,USR0262,ORG078,2026-05-16 21:56,assistant_response
MSG001861,THR00480,USR0213,ORG063,2026-04-02 10:59,question
MSG000718,THR00194,USR0252,ORG076,2026-02-15 12:58,assistant_response
MSG005061,THR01206,USR0170,ORG050,2026-08-28 17:39,question
MSG002032,THR00517,USR0061,ORG020,2026-05-18 07:53,assistant_response
MSG003529,THR00869,USR0155,ORG047,2026-07-12 20:00,question
MSG000960,THR00261,USR0259,ORG077,2026-03-21 22:32,assistant_response
MSG001280,THR00335,USR0154,ORG047,2026-03-09 12:19,assistant_response
MSG000126,THR00040,USR0080,ORG026,2026-01-03 16:54,assistant_response
MSG000194,THR00057,USR0148,ORG045,2026-01-08 16:07,assistant_response
MSG000678,THR00185,USR0112,ORG036,2026-02-16 14:01,assistant_response
MSG005098,THR01217,USR0088,ORG029,2026-08-31 21:00,assistant_response
MSG001102,THR00293,USR0197,ORG058,2026-03-12 20:23,assistant_response
MSG005110,THR01222,USR0251,ORG076,2026-08-07 09:55,assistant_response
MSG002910,THR00725,USR0020,ORG008,2026-06-17 10:28,assistant_response
MSG003677,THR00905,USR0076,ORG024,2026-07-16 11:55,question
MSG004241,THR01032,USR0094,ORG031,2026-07-13 20:17,question
MSG004501,THR01093,USR0162,ORG048,2026-08-18 09:21,question
MSG000639,THR00172,USR0025,ORG009,2026-02-08 08:25,question
MSG004621,THR01121,USR0208,ORG061,2026-08-25 13:56,question
MSG001965,THR00505,USR0207,ORG061,2026-05-03 18:14,question
MSG000964,THR00262,USR0228,ORG066,2026-03-16 12:12,assistant_response
MSG005161,THR01237,USR0005,ORG002,2026-08-25 16:22,question
MSG003688,THR00908,USR0033,ORG013,2026-07-01 14:53,assistant_response
MSG000853,THR00231,USR0093,ORG030,2026-03-22 07:46,question
MSG004733,THR01142,USR0173,ORG052,2026-08-26 19:34,question
MSG005028,THR01200,USR0096,ORG031,2026-08-08 11:51,assistant_response
MSG002249,THR00574,USR0261,ORG078,2026-05-13 17:57,question
MSG004475,THR01086,USR0155,ORG047,2026-08-25 21:09,question
MSG003510,THR00864,USR0021,ORG008,2026-07-05 10:50,assistant_response
MSG004481,THR01087,USR0086,ORG028,2026-08-29 11:51,question
MSG000278,THR00085,USR0110,ORG036,2026-01-20 16:44,assistant_response
MSG001849,THR00478,USR0210,ORG062,2026-04-04 15:39,question
MSG001530,THR00400,USR0227,ORG066,2026-04-25 17:17,assistant_response
MSG004570,THR01108,USR0081,ORG026,2026-08-24 16:45,assistant_response
MSG001885,THR00487,USR0112,ORG036,2026-04-07 13:39,question
MSG005067,THR01207,USR0084,ORG027,2026-08-04 22:00,question
MSG000967,THR00264,USR0087,ORG029,2026-03-25 21:36,question
MSG003765,THR00924,USR0163,ORG048,2026-07-20 09:00,question
MSG005057,THR01205,USR0097,ORG031,2026-08-22 22:49,question
MSG002281,THR00586,USR0055,ORG018,2026-05-18 09:32,question
MSG000761,THR00208,USR0017,ORG007,2026-02-06 17:01,question
MSG004161,THR01017,USR0127,ORG040,2026-07-31 15:59,question
MSG004980,THR01189,USR0028,ORG011,2026-08-27 17:33,assistant_response
MSG004826,THR01164,USR0238,ORG071,2026-08-31 16:41,assistant_response
MSG003892,THR00956,USR0075,ORG024,2026-07-28 15:37,assistant_response
MSG003701,THR00910,USR0157,ORG047,2026-07-06 15:21,question
MSG001812,THR00468,USR0252,ORG076,2026-04-11 14:25,assistant_response
MSG004617,THR01119,USR0144,ORG044,2026-08-29 11:44,question
MSG004882,THR01172,USR0040,ORG015,2026-08-18 08:01,assistant_response
MSG001332,THR00349,USR0242,ORG072,2026-04-17 18:51,assistant_response
MSG002988,THR00744,USR0091,ORG029,2026-06-15 18:59,assistant_response
MSG003363,THR00824,USR0244,ORG073,2026-06-10 22:49,question
MSG003635,THR00893,USR0208,ORG061,2026-07-06 18:40,question
MSG004072,THR01000,USR0265,ORG079,2026-07-28 12:36,assistant_response
MSG004464,THR01084,USR0009,ORG004,2026-08-23 13:54,assistant_response
MSG002832,THR00708,USR0132,ORG042,2026-06-29 20:02,assistant_response
MSG001386,THR00360,USR0166,ORG050,2026-04-05 12:46,assistant_response
MSG004885,THR01172,USR0040,ORG015,2026-08-18 08:00,question
MSG002904,THR00723,USR0127,ORG040,2026-06-14 19:49,assistant_response
MSG000892,THR00242,USR0213,ORG063,2026-03-30 09:09,assistant_response
MSG000241,THR00072,USR0174,ORG052,2026-01-06 22:44,question
MSG004815,THR01161,USR0156,ORG047,2026-08-19 20:28,question
MSG004669,THR01131,USR0218,ORG064,2026-08-27 20:05,question
MSG002829,THR00708,USR0132,ORG042,2026-06-29 20:02,question
MSG002473,THR00633,USR0084,ORG027,2026-05-23 19:53,question
MSG003438,THR00846,USR0036,ORG014,2026-06-18 14:00,assistant_response
MSG002601,THR00665,USR0132,ORG042,2026-05-02 18:15,question
MSG004871,THR01170,USR0009,ORG004,2026-08-30 11:43,question
MSG000998,THR00270,USR0106,ORG034,2026-03-26 08:36,assistant_response
MSG001075,THR00287,USR0217,ORG064,2026-03-23 11:30,question
MSG002002,THR00510,USR0152,ORG046,2026-05-29 13:20,assistant_response
MSG000350,THR00102,USR0255,ORG077,2026-02-21 16:43,assistant_response
MSG004637,THR01124,USR0133,ORG042,2026-08-08 16:46,question
MSG004805,THR01158,USR0059,ORG020,2026-08-09 08:21,question
MSG004437,THR01078,USR0231,ORG068,2026-08-20 15:25,question
MSG003344,THR00820,USR0121,ORG039,2026-06-16 12:54,assistant_response
MSG002857,THR00714,USR0061,ORG020,2026-06-06 17:54,question
MSG000405,THR00113,USR0136,ORG043,2026-02-24 18:48,question
MSG000341,THR00100,USR0173,ORG052,2026-01-27 09:04,question
MSG000249,THR00075,USR0152,ORG046,2026-01-10 21:44,question
MSG001533,THR00401,USR0046,ORG016,2026-04-07 21:13,question
MSG001065,THR00282,USR0155,ORG047,2026-03-06 15:06,question
MSG000332,THR00099,USR0048,ORG016,2026-01-17 12:39,assistant_response
MSG002300,THR00592,USR0265,ORG079,2026-05-18 07:47,assistant_response
MSG001551,THR00403,USR0260,ORG078,2026-04-13 11:50,question
MSG005112,THR01223,USR0034,ORG013,2026-08-06 19:48,assistant_response
MSG003137,THR00774,USR0081,ORG026,2026-06-09 10:20,question
MSG004103,THR01008,USR0140,ORG043,2026-07-05 07:16,question
MSG002257,THR00578,USR0267,ORG080,2026-05-10 08:49,question
MSG004326,THR01050,USR0085,ORG028,2026-07-11 23:16,assistant_response
MSG003231,THR00799,USR0028,ORG011,2026-06-01 18:11,question
MSG000167,THR00053,USR0192,ORG057,2026-01-08 07:20,question
MSG002269,THR00582,USR0205,ORG060,2026-05-12 19:25,question
MSG001675,THR00438,USR0067,ORG022,2026-04-04 19:32,question
MSG001137,THR00301,USR0257,ORG077,2026-03-25 20:27,question
MSG001054,THR00281,USR0081,ORG026,2026-03-15 21:00,assistant_response
MSG004968,THR01186,USR0116,ORG037,2026-08-23 20:08,assistant_response
MSG002140,THR00545,USR0024,ORG009,2026-05-02 17:12,assistant_response
MSG002387,THR00611,USR0132,ORG042,2026-05-12 07:26,question
MSG003483,THR00856,USR0073,ORG024,2026-07-16 07:48,question
MSG000483,THR00131,USR0148,ORG045,2026-02-23 13:48,question
MSG001336,THR00350,USR0052,ORG017,2026-04-08 14:23,assistant_response
MSG000642,THR00173,USR0112,ORG036,2026-02-25 08:08,assistant_response
MSG004987,THR01190,USR0225,ORG065,2026-08-25 10:40,question
MSG004877,THR01171,USR0089,ORG029,2026-08-14 22:48,question
MSG002403,THR00615,USR0173,ORG052,2026-05-14 20:06,question
MSG001628,THR00424,USR0093,ORG030,2026-04-10 10:30,assistant_response
MSG004129,THR01013,USR0129,ORG041,2026-07-16 09:15,question
MSG004843,THR01165,USR0129,ORG041,2026-08-27 19:34,question
MSG003985,THR00979,USR0010,ORG004,2026-07-31 08:36,question
MSG004936,THR01181,USR0130,ORG041,2026-08-22 21:06,assistant_response
MSG001866,THR00481,USR0069,ORG023,2026-04-16 07:33,assistant_response
MSG004402,THR01070,USR0238,ORG071,2026-08-22 14:45,assistant_response
MSG002557,THR00655,USR0194,ORG057,2026-05-12 11:22,question
MSG004182,THR01020,USR0186,ORG055,2026-07-29 10:50,assistant_response
MSG002426,THR00620,USR0049,ORG017,2026-05-03 22:35,assistant_response
MSG001412,THR00367,USR0035,ORG013,2026-04-12 15:50,assistant_response
MSG003814,THR00936,USR0253,ORG076,2026-07-03 18:44,assistant_response
MSG002535,THR00647,USR0153,ORG046,2026-05-07 18:56,question
MSG000309,THR00094,USR0265,ORG079,2026-01-12 12:02,question
MSG002070,THR00525,USR0083,ORG027,2026-05-06 14:57,assistant_response
MSG002302,THR00592,USR0265,ORG079,2026-05-18 07:46,assistant_response
MSG003880,THR00954,USR0023,ORG008,2026-07-03 16:42,assistant_response
MSG001893,THR00489,USR0060,ORG020,2026-04-25 18:35,question
MSG002058,THR00523,USR0202,ORG060,2026-05-18 09:19,assistant_response
MSG001011,THR00276,USR0048,ORG016,2026-03-13 15:44,question
MSG005208,THR01243,USR0215,ORG063,2026-08-14 20:03,assistant_response
MSG003698,THR00909,USR0168,ORG050,2026-07-16 21:29,assistant_response
MSG000477,THR00130,USR0136,ORG043,2026-02-20 22:18,question
MSG003870,THR00949,USR0156,ORG047,2026-07-01 10:14,assistant_response
MSG002683,THR00681,USR0048,ORG016,2026-06-19 20:04,question
MSG003504,THR00861,USR0071,ORG023,2026-07-11 13:48,assistant_response
MSG001072,THR00285,USR0245,ORG074,2026-03-03 11:37,assistant_response
MSG002614,THR00667,USR0213,ORG063,2026-06-27 18:50,assistant_response
MSG001263,THR00332,USR0232,ORG068,2026-03-10 21:30,question
MSG004506,THR01093,USR0162,ORG048,2026-08-18 09:29,assistant_response
MSG003680,THR00906,USR0012,ORG004,2026-07-10 20:43,assistant_response
MSG003684,THR00907,USR0178,ORG053,2026-07-14 21:47,assistant_response
MSG000512,THR00138,USR0242,ORG072,2026-02-04 11:16,assistant_response
MSG004369,THR01061,USR0232,ORG068,2026-07-11 11:22,question
MSG002205,THR00563,USR0221,ORG065,2026-05-17 20:23,question
MSG003689,THR00908,USR0033,ORG013,2026-07-01 14:56,question
MSG003198,THR00790,USR0176,ORG053,2026-06-18 14:17,assistant_response
MSG001898,THR00490,USR0214,ORG063,2026-04-22 16:57,assistant_response
MSG001751,THR00455,USR0149,ORG046,2026-04-12 17:27,question
MSG002455,THR00626,USR0234,ORG069,2026-05-21 20:33,question
MSG003605,THR00887,USR0077,ORG025,2026-07-30 07:38,question
MSG001659,THR00434,USR0046,ORG016,2026-04-05 20:40,question
MSG002565,THR00656,USR0251,ORG076,2026-05-07 12:34,question
MSG004743,THR01144,USR0167,ORG050,2026-08-03 20:24,question
MSG000637,THR00171,USR0106,ORG034,2026-02-03 10:38,question
MSG001317,THR00346,USR0128,ORG041,2026-04-21 07:34,question
MSG000224,THR00065,USR0174,ORG052,2026-01-27 12:53,assistant_response
MSG001154,THR00304,USR0034,ORG013,2026-03-10 20:49,assistant_response
MSG000977,THR00266,USR0022,ORG008,2026-03-25 21:34,question
MSG000758,THR00206,USR0223,ORG065,2026-02-21 17:44,assistant_response
MSG005132,THR01228,USR0081,ORG026,2026-08-30 18:16,assistant_response
MSG000476,THR00130,USR0136,ORG043,2026-02-20 22:18,assistant_response
MSG003143,THR00777,USR0174,ORG052,2026-06-18 21:03,question
MSG003800,THR00932,USR0252,ORG076,2026-07-02 16:53,assistant_response
MSG004285,THR01041,USR0044,ORG016,2026-07-01 22:14,question
MSG001184,THR00313,USR0007,ORG003,2026-03-08 08:30,assistant_response
MSG004148,THR01015,USR0074,ORG024,2026-07-04 12:33,assistant_response
MSG000927,THR00251,USR0053,ORG018,2026-03-26 12:23,question
MSG002396,THR00615,USR0173,ORG052,2026-05-14 19:54,assistant_response
MSG005134,THR01228,USR0081,ORG026,2026-08-30 18:23,assistant_response
MSG005320,THR01270,USR0006,ORG003,2026-08-22 15:11,assistant_response
MSG003705,THR00911,USR0025,ORG009,2026-07-05 18:23,question
MSG004107,THR01008,USR0140,ORG043,2026-07-05 07:26,question
MSG000807,THR00221,USR0212,ORG062,2026-03-13 09:51,question
MSG003810,THR00935,USR0092,ORG030,2026-07-16 14:01,assistant_response
MSG001980,THR00506,USR0112,ORG036,2026-05-31 22:37,assistant_response
MSG000036,THR00014,USR0182,ORG054,2026-01-03 19:55,assistant_response
MSG000784,THR00213,USR0231,ORG068,2026-03-16 14:22,assistant_response
MSG003909,THR00962,USR0117,ORG038,2026-07-14 10:48,question
MSG001038,THR00278,USR0033,ORG013,2026-03-26 19:22,assistant_response
MSG003118,THR00772,USR0160,ORG048,2026-06-01 16:40,assistant_response
MSG004779,THR01151,USR0012,ORG004,2026-08-11 20:11,question
MSG000583,THR00156,USR0042,ORG015,2026-02-17 21:38,question
MSG003630,THR00891,USR0009,ORG004,2026-07-16 16:15,assistant_response
MSG003762,THR00923,USR0229,ORG067,2026-07-22 09:32,assistant_response
MSG001149,THR00304,USR0034,ORG013,2026-03-10 20:47,question
MSG004393,THR01067,USR0251,ORG076,2026-08-15 19:30,question
MSG002036,THR00518,USR0024,ORG009,2026-05-23 09:25,assistant_response
MSG000191,THR00056,USR0111,ORG036,2026-01-27 11:38,question
MSG000880,THR00237,USR0044,ORG016,2026-03-04 14:48,assistant_response
MSG003878,THR00953,USR0263,ORG079,2026-07-19 08:30,assistant_response
MSG000772,THR00209,USR0204,ORG060,2026-02-03 16:10,assistant_response
MSG002495,THR00638,USR0026,ORG010,2026-05-18 07:29,question
MSG003040,THR00759,USR0247,ORG074,2026-06-05 22:18,assistant_response
MSG004810,THR01160,USR0138,ORG043,2026-08-18 10:15,assistant_response
MSG000542,THR00144,USR0259,ORG077,2026-02-15 15:14,assistant_response
MSG002874,THR00715,USR0211,ORG062,2026-06-10 22:15,assistant_response
MSG000416,THR00115,USR0259,ORG077,2026-02-15 15:54,assistant_response
MSG000940,THR00253,USR0059,ORG020,2026-03-12 18:54,assistant_response
MSG003001,THR00748,USR0030,ORG011,2026-06-04 09:42,question
MSG000619,THR00167,USR0202,ORG060,2026-02-17 11:46,question
MSG003564,THR00878,USR0212,ORG062,2026-07-28 13:28,assistant_response
MSG005139,THR01230,USR0022,ORG008,2026-08-15 17:31,question
MSG001050,THR00280,USR0025,ORG009,2026-03-02 10:41,assistant_response
MSG001870,THR00482,USR0248,ORG075,2026-04-30 12:44,assistant_response
MSG000663,THR00183,USR0048,ORG016,2026-02-18 13:03,question
MSG001608,THR00416,USR0053,ORG018,2026-04-01 18:38,assistant_response
MSG000640,THR00172,USR0025,ORG009,2026-02-08 08:25,assistant_response
MSG002645,THR00676,USR0110,ORG036,2026-06-13 15:27,question
MSG001703,THR00444,USR0025,ORG009,2026-04-22 10:41,question
MSG000398,THR00110,USR0047,ORG016,2026-02-13 21:15,assistant_response
MSG002682,THR00681,USR0048,ORG016,2026-06-19 19:45,assistant_response
MSG001624,THR00422,USR0019,ORG007,2026-04-19 13:27,assistant_response
MSG003881,THR00955,USR0064,ORG021,2026-07-30 13:37,question
MSG004433,THR01078,USR0231,ORG068,2026-08-20 15:21,question
MSG004163,THR01017,USR0127,ORG040,2026-07-31 16:04,question
MSG002808,THR00705,USR0046,ORG016,2026-06-06 13:40,assistant_response
MSG002594,THR00663,USR0035,ORG013,2026-05-02 11:17,assistant_response
MSG001110,THR00294,USR0044,ORG016,2026-03-08 17:03,assistant_response
MSG003275,THR00808,USR0257,ORG077,2026-06-09 20:59,question
MSG005244,THR01252,USR0036,ORG014,2026-08-13 13:32,assistant_response
MSG000031,THR00013,USR0090,ORG029,2026-01-05 19:34,question
MSG002716,THR00687,USR0026,ORG010,2026-06-22 19:33,assistant_response
MSG000851,THR00230,USR0202,ORG060,2026-03-12 11:04,question
MSG001501,THR00391,USR0142,ORG044,2026-04-17 22:13,question
MSG002436,THR00624,USR0018,ORG007,2026-05-22 18:55,assistant_response
MSG002449,THR00625,USR0140,ORG043,2026-05-18 21:12,question
MSG001479,THR00387,USR0018,ORG007,2026-04-17 11:09,question
MSG004585,THR01110,USR0213,ORG063,2026-08-25 07:21,question
MSG004048,THR00994,USR0104,ORG033,2026-07-16 09:56,assistant_response
MSG004954,THR01184,USR0143,ORG044,2026-08-30 20:38,assistant_response
MSG004310,THR01049,USR0145,ORG044,2026-07-29 15:39,assistant_response
MSG002354,THR00599,USR0066,ORG022,2026-05-02 20:58,assistant_response
MSG000553,THR00148,USR0049,ORG017,2026-02-06 11:30,question
MSG003741,THR00918,USR0152,ORG046,2026-07-16 16:52,question
MSG003965,THR00974,USR0069,ORG023,2026-07-01 10:47,question
MSG000269,THR00083,USR0128,ORG041,2026-01-31 10:01,question
MSG002953,THR00735,USR0077,ORG025,2026-06-06 11:15,question
MSG001343,THR00352,USR0089,ORG029,2026-04-06 14:37,question
MSG000774,THR00209,USR0204,ORG060,2026-02-03 16:17,assistant_response
MSG003054,THR00761,USR0010,ORG004,2026-06-07 17:53,assistant_response
MSG004221,THR01029,USR0128,ORG041,2026-07-17 11:54,question
MSG002608,THR00666,USR0107,ORG034,2026-05-21 23:13,assistant_response
MSG001536,THR00401,USR0046,ORG016,2026-04-07 21:19,assistant_response
MSG000558,THR00150,USR0169,ORG050,2026-02-10 07:16,assistant_response
MSG004105,THR01008,USR0140,ORG043,2026-07-05 07:22,question
MSG002326,THR00596,USR0055,ORG018,2026-05-04 09:45,assistant_response
MSG002220,THR00566,USR0043,ORG015,2026-05-10 20:16,assistant_response
MSG001582,THR00409,USR0198,ORG059,2026-04-02 13:01,assistant_response
MSG001294,THR00338,USR0191,ORG056,2026-03-22 09:38,assistant_response
MSG003069,THR00764,USR0162,ORG048,2026-06-23 08:17,question
MSG002693,THR00682,USR0248,ORG075,2026-06-06 23:12,question
MSG000618,THR00166,USR0069,ORG023,2026-02-21 18:07,assistant_response
MSG000580,THR00155,USR0112,ORG036,2026-02-25 14:50,assistant_response
MSG003293,THR00811,USR0144,ORG044,2026-06-15 09:51,question
MSG000087,THR00030,USR0032,ORG012,2026-01-15 10:53,question
MSG002997,THR00748,USR0030,ORG011,2026-06-04 09:30,question
MSG001621,THR00422,USR0019,ORG007,2026-04-19 13:21,question
MSG004905,THR01176,USR0156,ORG047,2026-08-26 14:15,question
MSG001028,THR00277,USR0002,ORG001,2026-03-28 09:55,assistant_response
MSG000210,THR00061,USR0044,ORG016,2026-01-17 18:09,assistant_response
MSG004511,THR01095,USR0099,ORG032,2026-08-16 18:28,question
MSG001921,THR00496,USR0161,ORG048,2026-05-31 08:00,question
MSG002440,THR00624,USR0018,ORG007,2026-05-22 19:03,assistant_response
MSG001732,THR00451,USR0247,ORG074,2026-04-11 14:00,assistant_response
MSG004649,THR01127,USR0003,ORG002,2026-08-15 17:20,question
MSG003583,THR00883,USR0113,ORG036,2026-07-29 16:38,question
MSG002308,THR00594,USR0138,ORG043,2026-05-06 13:31,assistant_response
MSG001502,THR00391,USR0142,ORG044,2026-04-17 22:13,assistant_response
MSG002018,THR00514,USR0170,ORG050,2026-05-02 09:04,assistant_response
MSG002203,THR00562,USR0048,ORG016,2026-05-16 11:58,question
MSG000847,THR00229,USR0164,ORG049,2026-03-10 22:42,question
MSG002086,THR00530,USR0157,ORG047,2026-05-23 11:36,assistant_response
MSG000766,THR00208,USR0017,ORG007,2026-02-06 17:15,assistant_response
MSG004023,THR00988,USR0160,ORG048,2026-07-19 10:00,question
MSG001642,THR00429,USR0196,ORG058,2026-04-17 16:26,assistant_response
MSG003733,THR00917,USR0164,ORG049,2026-07-05 07:47,question
MSG002742,THR00694,USR0179,ORG054,2026-06-07 17:29,assistant_response
MSG001471,THR00386,USR0215,ORG063,2026-04-18 22:39,question
MSG002457,THR00626,USR0234,ORG069,2026-05-21 20:36,question
MSG003419,THR00840,USR0103,ORG033,2026-06-20 19:11,question
MSG004293,THR01043,USR0031,ORG012,2026-07-02 17:59,question
MSG003820,THR00937,USR0133,ORG042,2026-07-21 22:56,assistant_response
MSG003662,THR00899,USR0108,ORG035,2026-07-25 14:20,assistant_response
MSG001977,THR00506,USR0112,ORG036,2026-05-31 22:36,question
MSG004809,THR01160,USR0138,ORG043,2026-08-18 10:15,question
MSG000742,THR00202,USR0182,ORG054,2026-02-09 19:05,assistant_response
MSG002613,THR00667,USR0213,ORG063,2026-06-27 18:50,question
MSG002254,THR00576,USR0075,ORG024,2026-05-16 20:05,assistant_response
MSG005008,THR01195,USR0211,ORG062,2026-08-08 07:29,assistant_response
MSG003446,THR00848,USR0047,ORG016,2026-06-12 17:12,assistant_response
MSG000130,THR00041,USR0020,ORG008,2026-01-22 17:56,assistant_response
MSG003395,THR00831,USR0035,ORG013,2026-06-01 20:06,question
MSG004759,THR01147,USR0159,ORG048,2026-08-18 10:41,question
MSG004467,THR01085,USR0075,ORG024,2026-08-21 14:34,question
MSG000723,THR00197,USR0119,ORG038,2026-02-03 11:00,question
MSG003021,THR00754,USR0109,ORG035,2026-06-01 13:44,question
MSG001903,THR00492,USR0103,ORG033,2026-04-09 12:18,question
MSG004985,THR01189,USR0028,ORG011,2026-08-27 17:48,question
MSG005041,THR01202,USR0075,ORG024,2026-08-05 22:22,question
MSG000777,THR00210,USR0200,ORG059,2026-02-22 17:31,question
MSG001644,THR00430,USR0078,ORG025,2026-04-05 13:21,assistant_response
MSG004937,THR01181,USR0130,ORG041,2026-08-22 21:12,question
MSG001480,THR00387,USR0018,ORG007,2026-04-17 11:09,assistant_response
MSG003805,THR00934,USR0154,ORG047,2026-07-31 22:07,question
MSG003798,THR00931,USR0071,ORG023,2026-07-07 12:53,assistant_response
MSG003320,THR00816,USR0027,ORG010,2026-06-22 16:54,assistant_response
MSG002891,THR00719,USR0241,ORG072,2026-06-23 18:17,question
MSG000676,THR00185,USR0112,ORG036,2026-02-16 13:59,assistant_response
MSG003029,THR00757,USR0015,ORG006,2026-06-27 12:12,question
MSG004078,THR01001,USR0240,ORG071,2026-07-09 21:00,assistant_response
MSG000226,THR00065,USR0174,ORG052,2026-01-27 12:59,assistant_response
MSG001281,THR00335,USR0154,ORG047,2026-03-09 12:21,question
MSG004100,THR01007,USR0159,ORG048,2026-07-15 22:41,assistant_response
MSG004407,THR01072,USR0245,ORG074,2026-08-10 11:08,question
MSG001098,THR00292,USR0045,ORG016,2026-03-29 10:14,assistant_response
MSG003536,THR00870,USR0049,ORG017,2026-07-20 19:00,assistant_response
MSG003750,THR00919,USR0227,ORG066,2026-07-11 10:48,assistant_response
MSG004428,THR01076,USR0009,ORG004,2026-08-04 21:14,assistant_response
MSG003227,THR00799,USR0028,ORG011,2026-06-01 18:07,question
MSG003631,THR00891,USR0009,ORG004,2026-07-16 16:22,question
MSG002477,THR00634,USR0041,ORG015,2026-05-14 14:40,question
MSG004185,THR01021,USR0131,ORG041,2026-07-10 10:02,question
MSG003858,THR00947,USR0068,ORG022,2026-07-30 07:30,assistant_response
MSG001677,THR00438,USR0067,ORG022,2026-04-04 19:33,question
MSG003592,THR00886,USR0008,ORG004,2026-07-24 20:47,assistant_response
MSG003998,THR00983,USR0241,ORG072,2026-07-16 12:32,assistant_response
MSG002989,THR00745,USR0154,ORG047,2026-06-11 18:57,question
MSG001492,THR00389,USR0223,ORG065,2026-04-07 11:59,assistant_response
MSG000995,THR00269,USR0180,ORG054,2026-03-28 20:12,question
MSG000550,THR00146,USR0173,ORG052,2026-02-26 16:38,assistant_response
MSG004641,THR01125,USR0031,ORG012,2026-08-27 18:16,question
MSG000534,THR00143,USR0055,ORG018,2026-02-11 16:37,assistant_response
MSG003436,THR00845,USR0002,ORG001,2026-06-17 22:30,assistant_response
MSG001913,THR00494,USR0232,ORG068,2026-04-04 14:47,question
MSG000906,THR00246,USR0176,ORG053,2026-03-21 10:43,assistant_response
MSG001657,THR00433,USR0141,ORG044,2026-04-07 12:50,question
MSG002588,THR00663,USR0035,ORG013,2026-05-02 11:11,assistant_response
MSG002521,THR00644,USR0128,ORG041,2026-05-13 21:23,question
MSG002009,THR00512,USR0218,ORG064,2026-05-27 10:13,question
MSG002316,THR00595,USR0136,ORG043,2026-05-07 14:17,assistant_response
MSG004122,THR01011,USR0187,ORG055,2026-07-22 09:31,assistant_response
MSG003995,THR00982,USR0200,ORG059,2026-07-16 10:41,question
MSG002690,THR00682,USR0248,ORG075,2026-06-06 23:06,assistant_response
MSG003416,THR00838,USR0142,ORG044,2026-06-25 08:24,assistant_response
MSG000125,THR00040,USR0080,ORG026,2026-01-03 16:54,question
MSG000838,THR00228,USR0070,ORG023,2026-03-10 17:44,assistant_response
MSG003608,THR00887,USR0077,ORG025,2026-07-30 07:47,assistant_response
MSG001743,THR00453,USR0052,ORG017,2026-04-29 15:41,question
MSG002059,THR00524,USR0177,ORG053,2026-05-07 20:57,question
MSG004696,THR01136,USR0109,ORG035,2026-08-15 22:02,assistant_response
MSG001040,THR00278,USR0033,ORG013,2026-03-26 19:25,assistant_response
MSG000549,THR00146,USR0173,ORG052,2026-02-26 16:38,question
MSG000596,THR00161,USR0158,ORG047,2026-02-24 07:25,assistant_response
MSG004703,THR01137,USR0210,ORG062,2026-08-04 10:28,question
MSG001950,THR00501,USR0131,ORG041,2026-05-01 17:29,assistant_response
MSG001408,THR00365,USR0040,ORG015,2026-04-08 18:20,assistant_response
MSG002631,THR00672,USR0235,ORG069,2026-06-23 20:56,question
MSG002837,THR00710,USR0196,ORG058,2026-06-17 14:26,question
MSG001002,THR00271,USR0087,ORG029,2026-03-11 16:23,assistant_response
MSG002861,THR00714,USR0061,ORG020,2026-06-06 18:02,question
MSG001649,THR00432,USR0250,ORG076,2026-04-11 12:20,question
MSG005354,THR01278,USR0098,ORG031,2026-08-20 14:00,assistant_response
MSG003610,THR00887,USR0077,ORG025,2026-07-30 07:46,assistant_response
MSG003234,THR00799,USR0028,ORG011,2026-06-01 18:19,assistant_response
MSG001585,THR00411,USR0210,ORG062,2026-04-17 07:55,question
MSG002286,THR00587,USR0263,ORG079,2026-05-31 16:01,assistant_response
MSG001444,THR00377,USR0202,ORG060,2026-04-19 22:09,assistant_response
MSG000816,THR00223,USR0075,ORG024,2026-03-03 12:27,assistant_response
MSG003503,THR00861,USR0071,ORG023,2026-07-11 13:48,question
MSG003945,THR00968,USR0044,ORG016,2026-07-04 11:25,question
MSG002884,THR00718,USR0014,ORG005,2026-06-12 09:58,assistant_response
MSG004722,THR01139,USR0074,ORG024,2026-08-05 20:09,assistant_response
MSG005200,THR01242,USR0066,ORG022,2026-08-10 07:37,assistant_response
MSG002107,THR00536,USR0039,ORG015,2026-05-29 08:01,question
MSG004061,THR00997,USR0244,ORG073,2026-07-14 13:29,question
MSG004655,THR01128,USR0120,ORG038,2026-08-12 16:18,question
MSG003170,THR00785,USR0058,ORG019,2026-06-12 22:35,assistant_response
MSG002927,THR00731,USR0013,ORG005,2026-06-06 21:37,question
MSG005050,THR01204,USR0028,ORG011,2026-08-14 18:26,assistant_response
MSG004295,THR01044,USR0024,ORG009,2026-07-01 15:32,question
MSG002752,THR00696,USR0226,ORG066,2026-06-02 14:12,assistant_response
MSG003746,THR00918,USR0152,ORG046,2026-07-16 17:08,assistant_response
MSG003523,THR00867,USR0139,ORG043,2026-07-17 21:26,question
MSG001565,THR00407,USR0251,ORG076,2026-04-20 21:16,question
MSG002593,THR00663,USR0035,ORG013,2026-05-02 11:17,question
MSG001837,THR00476,USR0114,ORG036,2026-04-01 17:25,question
MSG002285,THR00587,USR0263,ORG079,2026-05-31 16:01,question
MSG000231,THR00068,USR0022,ORG008,2026-01-11 16:32,question
MSG004051,THR00995,USR0206,ORG061,2026-07-26 14:39,question
MSG002103,THR00535,USR0072,ORG024,2026-05-29 13:28,question
MSG002956,THR00735,USR0077,ORG025,2026-06-06 11:17,assistant_response
MSG003696,THR00908,USR0033,ORG013,2026-07-01 15:05,assistant_response
MSG003398,THR00831,USR0035,ORG013,2026-06-01 20:10,assistant_response
MSG003479,THR00856,USR0073,ORG024,2026-07-16 07:31,question
MSG001225,THR00324,USR0158,ORG047,2026-03-04 13:39,question
MSG002467,THR00631,USR0221,ORG065,2026-05-26 16:38,question
MSG004264,THR01037,USR0098,ORG031,2026-07-31 15:26,assistant_response
MSG003371,THR00825,USR0200,ORG059,2026-06-16 15:09,question
MSG002174,THR00555,USR0133,ORG042,2026-05-30 12:38,assistant_response
MSG002794,THR00704,USR0198,ORG059,2026-06-08 19:40,assistant_response
MSG003177,THR00786,USR0066,ORG022,2026-06-17 10:31,question
MSG000599,THR00163,USR0033,ORG013,2026-02-18 08:59,question
MSG002585,THR00662,USR0166,ORG050,2026-05-14 17:07,question
MSG000475,THR00130,USR0136,ORG043,2026-02-20 22:18,question
MSG003755,THR00921,USR0183,ORG054,2026-07-03 17:03,question
MSG004408,THR01072,USR0245,ORG074,2026-08-10 11:08,assistant_response
MSG002003,THR00510,USR0152,ORG046,2026-05-29 13:22,question
MSG000369,THR00105,USR0161,ORG048,2026-02-28 18:07,question
MSG001346,THR00353,USR0184,ORG055,2026-04-30 07:45,assistant_response
MSG002930,THR00731,USR0013,ORG005,2026-06-06 21:41,assistant_response
MSG000992,THR00268,USR0045,ORG016,2026-03-15 11:01,assistant_response
MSG003609,THR00887,USR0077,ORG025,2026-07-30 07:46,question
MSG002400,THR00615,USR0173,ORG052,2026-05-14 20:00,assistant_response
MSG004240,THR01032,USR0094,ORG031,2026-07-13 20:08,assistant_response
MSG001196,THR00317,USR0027,ORG010,2026-03-06 14:51,assistant_response
MSG001293,THR00338,USR0191,ORG056,2026-03-22 09:38,question
MSG002560,THR00655,USR0194,ORG057,2026-05-12 11:24,assistant_response
MSG001257,THR00331,USR0239,ORG071,2026-03-11 20:09,question
MSG000539,THR00144,USR0259,ORG077,2026-02-15 15:12,question
MSG002694,THR00682,USR0248,ORG075,2026-06-06 23:12,assistant_response
MSG000857,THR00232,USR0108,ORG035,2026-03-15 17:00,question
MSG000080,THR00029,USR0022,ORG008,2026-01-15 13:20,assistant_response
MSG004309,THR01049,USR0145,ORG044,2026-07-29 15:39,question
MSG001455,THR00380,USR0042,ORG015,2026-04-16 10:31,question
MSG002397,THR00615,USR0173,ORG052,2026-05-14 19:56,question
MSG005335,THR01274,USR0192,ORG057,2026-08-30 14:12,question
MSG001143,THR00303,USR0080,ORG026,2026-03-18 17:25,question
MSG003651,THR00898,USR0035,ORG013,2026-07-18 13:08,question
MSG000138,THR00042,USR0193,ORG057,2026-01-05 12:25,assistant_response
MSG000890,THR00242,USR0213,ORG063,2026-03-30 09:07,assistant_response
MSG000007,THR00004,USR0016,ORG006,2026-01-03 13:24,question
MSG002771,THR00700,USR0248,ORG075,2026-06-20 11:44,question
MSG002235,THR00571,USR0248,ORG075,2026-05-06 18:35,question
MSG004057,THR00996,USR0049,ORG017,2026-07-19 17:17,question
MSG005372,THR01285,USR0163,ORG048,2026-08-28 22:04,assistant_response
MSG001058,THR00281,USR0081,ORG026,2026-03-15 21:12,assistant_response
MSG003818,THR00937,USR0133,ORG042,2026-07-21 22:49,assistant_response
MSG003291,THR00811,USR0144,ORG044,2026-06-15 09:41,question
MSG004628,THR01122,USR0172,ORG051,2026-08-13 11:35,assistant_response
MSG003615,THR00888,USR0018,ORG007,2026-07-14 19:32,question
MSG003693,THR00908,USR0033,ORG013,2026-07-01 15:08,question
MSG003063,THR00763,USR0200,ORG059,2026-06-06 10:55,question
MSG004816,THR01161,USR0156,ORG047,2026-08-19 20:28,assistant_response
MSG001018,THR00276,USR0048,ORG016,2026-03-13 15:53,assistant_response
MSG004081,THR01003,USR0154,ORG047,2026-07-28 20:26,question
MSG000384,THR00108,USR0197,ORG058,2026-02-28 20:30,assistant_response
MSG001667,THR00436,USR0008,ORG004,2026-04-29 17:49,question
MSG005046,THR01204,USR0028,ORG011,2026-08-14 18:12,assistant_response
MSG000311,THR00094,USR0265,ORG079,2026-01-12 12:06,question
MSG002630,THR00671,USR0213,ORG063,2026-06-24 10:55,assistant_response
MSG000544,THR00144,USR0259,ORG077,2026-02-15 15:24,assistant_response
MSG003094,THR00768,USR0098,ORG031,2026-06-11 22:52,assistant_response
MSG004535,THR01099,USR0252,ORG076,2026-08-04 20:31,question
MSG000451,THR00122,USR0214,ORG063,2026-02-19 16:53,question
MSG001932,THR00498,USR0189,ORG056,2026-05-25 13:49,assistant_response
MSG004770,THR01149,USR0093,ORG030,2026-08-31 07:24,assistant_response
MSG000771,THR00209,USR0204,ORG060,2026-02-03 16:10,question
MSG002198,THR00561,USR0091,ORG029,2026-05-16 09:03,assistant_response
MSG000281,THR00085,USR0110,ORG036,2026-01-20 16:46,question
MSG003184,THR00787,USR0037,ORG014,2026-06-26 16:38,assistant_response
MSG000017,THR00009,USR0263,ORG079,2026-01-04 18:27,question
MSG003487,THR00857,USR0067,ORG022,2026-07-01 12:40,question
MSG005195,THR01242,USR0066,ORG022,2026-08-10 07:34,question
MSG003014,THR00751,USR0093,ORG030,2026-06-29 14:45,assistant_response
MSG004429,THR01077,USR0214,ORG063,2026-08-29 16:20,question
MSG002223,THR00568,USR0106,ORG034,2026-05-23 17:26,question
MSG003100,THR00769,USR0051,ORG017,2026-06-27 11:17,assistant_response
MSG002177,THR00555,USR0133,ORG042,2026-05-30 12:36,question
MSG001354,THR00354,USR0073,ORG024,2026-04-19 13:59,assistant_response
MSG002947,THR00734,USR0194,ORG057,2026-06-18 19:07,question
MSG001724,THR00449,USR0103,ORG033,2026-04-25 15:53,assistant_response
MSG004592,THR01111,USR0044,ORG016,2026-08-09 18:45,assistant_response
MSG000651,THR00177,USR0090,ORG029,2026-02-21 20:35,question
MSG004495,THR01091,USR0149,ORG046,2026-08-02 22:31,question
MSG001627,THR00424,USR0093,ORG030,2026-04-10 10:30,question
MSG002970,THR00738,USR0256,ORG077,2026-06-18 07:56,assistant_response
MSG001910,THR00493,USR0032,ORG012,2026-04-23 16:16,assistant_response
MSG000206,THR00060,USR0001,ORG001,2026-01-20 18:21,assistant_response
MSG000888,THR00241,USR0257,ORG077,2026-03-05 18:01,assistant_response
MSG000079,THR00029,USR0022,ORG008,2026-01-15 13:20,question
MSG003918,THR00962,USR0117,ORG038,2026-07-14 10:56,assistant_response
MSG003832,THR00941,USR0040,ORG015,2026-07-17 13:49,assistant_response
MSG000645,THR00174,USR0120,ORG038,2026-02-27 17:43,question
MSG001409,THR00366,USR0172,ORG051,2026-04-15 07:16,question
MSG004488,THR01089,USR0201,ORG059,2026-08-02 17:00,assistant_response
MSG003935,THR00966,USR0220,ORG064,2026-07-07 10:03,question
MSG005294,THR01261,USR0211,ORG062,2026-08-25 10:23,assistant_response
MSG005105,THR01221,USR0028,ORG011,2026-08-21 15:55,question
MSG001051,THR00280,USR0025,ORG009,2026-03-02 10:42,question
MSG002450,THR00625,USR0140,ORG043,2026-05-18 21:12,assistant_response
MSG001292,THR00338,USR0191,ORG056,2026-03-22 09:37,assistant_response
MSG000929,THR00252,USR0059,ORG020,2026-03-09 22:33,question
MSG002172,THR00555,USR0133,ORG042,2026-05-30 12:33,assistant_response
MSG000687,THR00189,USR0255,ORG077,2026-02-15 10:58,question
MSG002974,THR00739,USR0233,ORG068,2026-06-14 21:05,assistant_response
MSG002789,THR00704,USR0198,ORG059,2026-06-08 19:32,question
MSG000670,THR00184,USR0021,ORG008,2026-02-28 09:24,assistant_response
MSG000153,THR00047,USR0215,ORG063,2026-01-31 12:52,question
MSG003144,THR00777,USR0174,ORG052,2026-06-18 21:03,assistant_response
MSG000456,THR00124,USR0088,ORG029,2026-02-17 19:09,assistant_response
MSG001625,THR00423,USR0244,ORG073,2026-04-30 18:32,question
MSG001525,THR00398,USR0156,ORG047,2026-04-10 15:53,question
MSG004899,THR01174,USR0005,ORG002,2026-08-04 21:27,question
MSG001646,THR00431,USR0235,ORG069,2026-04-05 17:55,assistant_response
MSG003711,THR00912,USR0083,ORG027,2026-07-23 16:23,question
MSG003062,THR00762,USR0016,ORG006,2026-06-11 19:45,assistant_response
MSG000239,THR00071,USR0224,ORG065,2026-01-29 19:47,question
MSG001370,THR00357,USR0175,ORG052,2026-04-23 13:01,assistant_response
MSG001499,THR00391,USR0142,ORG044,2026-04-17 22:08,question
MSG002500,THR00639,USR0005,ORG002,2026-05-08 09:09,assistant_response
MSG003682,THR00906,USR0012,ORG004,2026-07-10 20:47,assistant_response
MSG000561,THR00151,USR0032,ORG012,2026-02-22 10:29,question
MSG004278,THR01040,USR0231,ORG068,2026-07-30 14:27,assistant_response
MSG004659,THR01128,USR0120,ORG038,2026-08-12 16:28,question
MSG002105,THR00536,USR0039,ORG015,2026-05-29 07:54,question
MSG003154,THR00780,USR0102,ORG033,2026-06-23 10:03,assistant_response
MSG003431,THR00843,USR0229,ORG067,2026-06-01 22:10,question
MSG003212,THR00794,USR0072,ORG024,2026-06-29 07:48,assistant_response
MSG002996,THR00747,USR0141,ORG044,2026-06-11 20:33,assistant_response
MSG001209,THR00321,USR0253,ORG076,2026-03-25 13:50,question
MSG004675,THR01134,USR0217,ORG064,2026-08-15 22:46,question
MSG000517,THR00140,USR0046,ORG016,2026-02-21 14:35,question
MSG002188,THR00558,USR0094,ORG031,2026-05-20 15:14,assistant_response
MSG004915,THR01177,USR0108,ORG035,2026-08-01 13:59,question
MSG001155,THR00304,USR0034,ORG013,2026-03-10 21:02,question
MSG000833,THR00228,USR0070,ORG023,2026-03-10 17:38,question
MSG001514,THR00395,USR0243,ORG073,2026-04-02 12:17,assistant_response
MSG004776,THR01150,USR0228,ORG066,2026-08-03 17:25,assistant_response
MSG002881,THR00718,USR0014,ORG005,2026-06-12 09:49,question
MSG000028,THR00011,USR0029,ORG011,2026-01-01 13:28,assistant_response
MSG000800,THR00218,USR0053,ORG018,2026-03-05 09:11,assistant_response
MSG005128,THR01227,USR0121,ORG039,2026-08-13 13:19,assistant_response
MSG004923,THR01180,USR0117,ORG038,2026-08-29 15:12,question
MSG000692,THR00189,USR0255,ORG077,2026-02-15 11:00,assistant_response
MSG000848,THR00229,USR0164,ORG049,2026-03-10 22:42,assistant_response
MSG003243,THR00802,USR0097,ORG031,2026-06-18 19:57,question
MSG000578,THR00155,USR0112,ORG036,2026-02-25 14:43,assistant_response
MSG004212,THR01026,USR0181,ORG054,2026-07-14 17:41,assistant_response
MSG004577,THR01109,USR0051,ORG017,2026-08-05 18:25,question
MSG000435,THR00119,USR0264,ORG079,2026-02-05 18:03,question
MSG003834,THR00941,USR0040,ORG015,2026-07-17 13:50,assistant_response
MSG005365,THR01282,USR0112,ORG036,2026-08-14 16:55,question
MSG004870,THR01170,USR0009,ORG004,2026-08-30 11:45,assistant_response
MSG000917,THR00248,USR0208,ORG061,2026-03-21 12:15,question
MSG003031,THR00758,USR0246,ORG074,2026-06-30 22:51,question
MSG005099,THR01218,USR0098,ORG031,2026-08-07 19:44,question
MSG003347,THR00821,USR0044,ORG016,2026-06-05 12:00,question
MSG005237,THR01252,USR0036,ORG014,2026-08-13 13:12,question
MSG000486,THR00132,USR0179,ORG054,2026-02-18 15:18,assistant_response
MSG003408,THR00834,USR0045,ORG016,2026-06-28 11:29,assistant_response
MSG001167,THR00308,USR0133,ORG042,2026-03-06 18:11,question
MSG005380,THR01288,USR0125,ORG040,2026-08-20 09:03,assistant_response
MSG003944,THR00967,USR0252,ORG076,2026-07-22 10:25,assistant_response
MSG003353,THR00823,USR0177,ORG053,2026-06-02 15:48,question
MSG001140,THR00301,USR0257,ORG077,2026-03-25 20:33,assistant_response
MSG004838,THR01165,USR0129,ORG041,2026-08-27 19:27,assistant_response
MSG000863,THR00234,USR0079,ORG025,2026-03-23 20:50,question
MSG002558,THR00655,USR0194,ORG057,2026-05-12 11:22,assistant_response
MSG004665,THR01129,USR0072,ORG024,2026-08-23 19:43,question
MSG005063,THR01207,USR0084,ORG027,2026-08-04 21:56,question
MSG003350,THR00822,USR0197,ORG058,2026-06-08 21:46,assistant_response
MSG003761,THR00923,USR0229,ORG067,2026-07-22 09:32,question
MSG003244,THR00802,USR0097,ORG031,2026-06-18 19:57,assistant_response
MSG004329,THR01052,USR0019,ORG007,2026-07-16 15:10,question
MSG001748,THR00454,USR0136,ORG043,2026-04-15 08:07,assistant_response
MSG004266,THR01038,USR0106,ORG034,2026-07-20 13:52,assistant_response
MSG000198,THR00058,USR0235,ORG069,2026-01-03 10:58,assistant_response
MSG005225,THR01249,USR0146,ORG045,2026-08-07 14:18,question
MSG003256,THR00804,USR0250,ORG076,2026-06-22 20:08,assistant_response
MSG002825,THR00708,USR0132,ORG042,2026-06-29 19:56,question
MSG004403,THR01070,USR0238,ORG071,2026-08-22 14:51,question
MSG003670,THR00902,USR0150,ORG046,2026-07-15 18:51,assistant_response
MSG001145,THR00303,USR0080,ORG026,2026-03-18 17:32,question
MSG005271,THR01258,USR0090,ORG029,2026-08-14 14:19,question
MSG003084,THR00767,USR0228,ORG066,2026-06-17 07:51,assistant_response
MSG004421,THR01076,USR0009,ORG004,2026-08-04 21:11,question
MSG005092,THR01216,USR0108,ORG035,2026-08-10 21:15,assistant_response
MSG002356,THR00600,USR0090,ORG029,2026-05-15 10:44,assistant_response
MSG001858,THR00480,USR0213,ORG063,2026-04-02 10:49,assistant_response
MSG004363,THR01061,USR0232,ORG068,2026-07-11 11:13,question
MSG005379,THR01288,USR0125,ORG040,2026-08-20 09:03,question
MSG000624,THR00167,USR0202,ORG060,2026-02-17 12:00,assistant_response
MSG000344,THR00101,USR0136,ORG043,2026-01-21 13:49,assistant_response
MSG002087,THR00530,USR0157,ORG047,2026-05-23 11:39,question
MSG003232,THR00799,USR0028,ORG011,2026-06-01 18:11,assistant_response
MSG004253,THR01035,USR0077,ORG025,2026-07-03 18:25,question
MSG001955,THR00503,USR0155,ORG047,2026-05-16 18:04,question
MSG001185,THR00314,USR0092,ORG030,2026-03-30 08:35,question
MSG003241,THR00802,USR0097,ORG031,2026-06-18 19:53,question
MSG005077,THR01210,USR0004,ORG002,2026-08-12 07:04,question
MSG005377,THR01287,USR0011,ORG004,2026-08-20 10:19,question
MSG004600,THR01113,USR0220,ORG064,2026-08-14 20:57,assistant_response
MSG001454,THR00380,USR0042,ORG015,2026-04-16 10:23,assistant_response
MSG000303,THR00092,USR0246,ORG074,2026-01-17 20:49,question
MSG002995,THR00747,USR0141,ORG044,2026-06-11 20:33,question
MSG000442,THR00120,USR0154,ORG047,2026-02-19 17:44,assistant_response
MSG004958,THR01185,USR0100,ORG032,2026-08-11 10:02,assistant_response
MSG005235,THR01252,USR0036,ORG014,2026-08-13 13:08,question
MSG000488,THR00133,USR0195,ORG057,2026-02-13 18:49,assistant_response
MSG002992,THR00746,USR0219,ORG064,2026-06-27 09:18,assistant_response
MSG004239,THR01032,USR0094,ORG031,2026-07-13 20:08,question
MSG001648,THR00431,USR0235,ORG069,2026-04-05 17:56,assistant_response
MSG000523,THR00141,USR0090,ORG029,2026-02-14 13:13,question
MSG003107,THR00770,USR0268,ORG080,2026-06-04 07:29,question
MSG005179,THR01240,USR0240,ORG071,2026-08-24 21:25,question
MSG004021,THR00988,USR0160,ORG048,2026-07-19 10:01,question
MSG002110,THR00537,USR0208,ORG061,2026-05-25 13:58,assistant_response
MSG000543,THR00144,USR0259,ORG077,2026-02-15 15:24,question
MSG000300,THR00091,USR0189,ORG056,2026-01-15 11:42,assistant_response
MSG002156,THR00549,USR0004,ORG002,2026-05-17 11:28,assistant_response
MSG000099,THR00035,USR0146,ORG045,2026-01-09 11:21,question
MSG003203,THR00792,USR0091,ORG029,2026-06-10 19:04,question
MSG005091,THR01216,USR0108,ORG035,2026-08-10 21:15,question
MSG003815,THR00937,USR0133,ORG042,2026-07-21 22:44,question
MSG002672,THR00680,USR0080,ORG026,2026-06-05 15:44,assistant_response
MSG003277,THR00808,USR0257,ORG077,2026-06-09 21:00,question
MSG001079,THR00289,USR0071,ORG023,2026-03-13 11:41,question
MSG001715,THR00447,USR0267,ORG080,2026-04-09 11:26,question
MSG000495,THR00135,USR0110,ORG036,2026-02-07 15:59,question
MSG000684,THR00188,USR0195,ORG057,2026-02-15 18:19,assistant_response
MSG004243,THR01033,USR0118,ORG038,2026-07-30 09:29,question
MSG002888,THR00719,USR0241,ORG072,2026-06-23 18:15,assistant_response
MSG002284,THR00587,USR0263,ORG079,2026-05-31 15:56,assistant_response
MSG005310,THR01267,USR0125,ORG040,2026-08-23 21:08,assistant_response
MSG004035,THR00992,USR0051,ORG017,2026-07-26 22:14,question
MSG000608,THR00164,USR0093,ORG030,2026-02-25 11:49,assistant_response
MSG004465,THR01085,USR0075,ORG024,2026-08-21 14:27,question
MSG002835,THR00709,USR0175,ORG052,2026-06-29 19:42,question
MSG005048,THR01204,USR0028,ORG011,2026-08-14 18:14,assistant_response
MSG000334,THR00099,USR0048,ORG016,2026-01-17 12:49,assistant_response
MSG002487,THR00637,USR0140,ORG043,2026-05-23 22:12,question
MSG001286,THR00336,USR0128,ORG041,2026-03-04 21:07,assistant_response
MSG001400,THR00362,USR0194,ORG057,2026-04-10 16:08,assistant_response
MSG004350,THR01056,USR0109,ORG035,2026-07-19 07:35,assistant_response
MSG002976,THR00739,USR0233,ORG068,2026-06-14 21:07,assistant_response
MSG000566,THR00153,USR0189,ORG056,2026-02-20 14:14,assistant_response
MSG004817,THR01162,USR0257,ORG077,2026-08-07 11:23,question
MSG001004,THR00272,USR0049,ORG017,2026-03-05 20:58,assistant_response
MSG000514,THR00139,USR0103,ORG033,2026-02-25 16:20,assistant_response
MSG000942,THR00254,USR0153,ORG046,2026-03-30 09:43,assistant_response
MSG001716,THR00447,USR0267,ORG080,2026-04-09 11:26,assistant_response
MSG001839,THR00476,USR0114,ORG036,2026-04-01 17:32,question
MSG000944,THR00255,USR0123,ORG039,2026-03-10 10:11,assistant_response
MSG003274,THR00807,USR0218,ORG064,2026-06-20 07:38,assistant_response
MSG004912,THR01176,USR0156,ORG047,2026-08-26 14:38,assistant_response
MSG003561,THR00878,USR0212,ORG062,2026-07-28 13:36,question
MSG003015,THR00752,USR0001,ORG001,2026-06-04 07:29,question
MSG003178,THR00786,USR0066,ORG022,2026-06-17 10:31,assistant_response
MSG004006,THR00986,USR0188,ORG055,2026-07-12 07:48,assistant_response
MSG003537,THR00870,USR0049,ORG017,2026-07-20 18:59,question
MSG001680,THR00439,USR0024,ORG009,2026-04-10 16:29,assistant_response
MSG005309,THR01267,USR0125,ORG040,2026-08-23 21:08,question
MSG000988,THR00268,USR0045,ORG016,2026-03-15 10:49,assistant_response
MSG005286,THR01260,USR0081,ORG026,2026-08-09 16:48,assistant_response
MSG001290,THR00337,USR0032,ORG012,2026-03-27 14:08,assistant_response
MSG003727,THR00916,USR0084,ORG027,2026-07-18 16:21,question
MSG000946,THR00256,USR0262,ORG078,2026-03-13 20:38,assistant_response
MSG001483,THR00387,USR0018,ORG007,2026-04-17 11:13,question
MSG000996,THR00269,USR0180,ORG054,2026-03-28 20:12,assistant_response
MSG003895,THR00957,USR0257,ORG077,2026-07-25 14:39,question
MSG004924,THR01180,USR0117,ORG038,2026-08-29 15:12,assistant_response
MSG004259,THR01037,USR0098,ORG031,2026-07-31 15:18,question
MSG000799,THR00218,USR0053,ORG018,2026-03-05 09:11,question
MSG001103,THR00293,USR0197,ORG058,2026-03-12 20:32,question
MSG001299,THR00340,USR0048,ORG016,2026-03-29 17:07,question
MSG001807,THR00468,USR0252,ORG076,2026-04-11 14:21,question
MSG002132,THR00542,USR0075,ORG024,2026-05-24 22:22,assistant_response
MSG002149,THR00548,USR0265,ORG079,2026-05-13 18:59,question
MSG001935,THR00498,USR0189,ORG056,2026-05-25 13:57,question
MSG002536,THR00647,USR0153,ORG046,2026-05-07 18:56,assistant_response
MSG005285,THR01260,USR0081,ORG026,2026-08-09 16:48,question
MSG000497,THR00135,USR0110,ORG036,2026-02-07 16:01,question
MSG004623,THR01122,USR0172,ORG051,2026-08-13 11:33,question
MSG001713,THR00446,USR0079,ORG025,2026-04-07 07:19,question
MSG002860,THR00714,USR0061,ORG020,2026-06-06 18:07,assistant_response
MSG002358,THR00600,USR0090,ORG029,2026-05-15 10:50,assistant_response
MSG003507,THR00863,USR0087,ORG029,2026-07-23 18:35,question
MSG003413,THR00837,USR0219,ORG064,2026-06-23 17:16,question
MSG003802,THR00932,USR0252,ORG076,2026-07-02 16:58,assistant_response
MSG002413,THR00617,USR0203,ORG060,2026-05-09 22:04,question
MSG003627,THR00891,USR0009,ORG004,2026-07-16 16:10,question
MSG001552,THR00403,USR0260,ORG078,2026-04-13 11:50,assistant_response
MSG000881,THR00238,USR0023,ORG008,2026-03-19 19:48,question
MSG001410,THR00366,USR0172,ORG051,2026-04-15 07:16,assistant_response
MSG002082,THR00528,USR0066,ORG022,2026-05-22 14:06,assistant_response
MSG002760,THR00697,USR0044,ORG016,2026-06-04 08:29,assistant_response
MSG003264,THR00806,USR0093,ORG030,2026-06-15 20:35,assistant_response
MSG003860,THR00948,USR0186,ORG055,2026-07-05 21:56,assistant_response
MSG005044,THR01203,USR0005,ORG002,2026-08-17 11:03,assistant_response
MSG000105,THR00036,USR0073,ORG024,2026-01-30 18:27,question
MSG004442,THR01078,USR0231,ORG068,2026-08-20 15:29,assistant_response
MSG002858,THR00714,USR0061,ORG020,2026-06-06 17:54,assistant_response
MSG000183,THR00055,USR0241,ORG072,2026-01-15 07:57,question
MSG001509,THR00393,USR0052,ORG017,2026-04-30 10:50,question
MSG000657,THR00180,USR0116,ORG037,2026-02-10 11:51,question
MSG000128,THR00040,USR0080,ORG026,2026-01-03 17:01,assistant_response
MSG003087,THR00768,USR0098,ORG031,2026-06-11 22:46,question
MSG001928,THR00497,USR0227,ORG066,2026-05-27 14:58,assistant_response
MSG003644,THR00895,USR0139,ORG043,2026-07-23 13:53,assistant_response
MSG002936,THR00731,USR0013,ORG005,2026-06-06 21:49,assistant_response
MSG003614,THR00888,USR0018,ORG007,2026-07-14 19:37,assistant_response
MSG004037,THR00993,USR0258,ORG077,2026-07-26 17:10,question
MSG004825,THR01164,USR0238,ORG071,2026-08-31 16:41,question
MSG005266,THR01257,USR0234,ORG069,2026-08-12 16:32,assistant_response
MSG000587,THR00158,USR0168,ORG050,2026-02-28 21:07,question
MSG004849,THR01167,USR0063,ORG021,2026-08-27 11:50,question
MSG001747,THR00454,USR0136,ORG043,2026-04-15 08:07,question
MSG000293,THR00089,USR0090,ORG029,2026-01-26 18:32,question
MSG001704,THR00444,USR0025,ORG009,2026-04-22 10:41,assistant_response
MSG001522,THR00396,USR0206,ORG061,2026-04-02 20:14,assistant_response
MSG004355,THR01059,USR0166,ORG050,2026-07-05 07:05,question
MSG004962,THR01186,USR0116,ORG037,2026-08-23 20:06,assistant_response
MSG000971,THR00265,USR0262,ORG078,2026-03-04 10:17,question
MSG003109,THR00770,USR0268,ORG080,2026-06-04 07:40,question
MSG002094,THR00532,USR0224,ORG065,2026-05-09 18:12,assistant_response
MSG000464,THR00126,USR0212,ORG062,2026-02-23 13:26,assistant_response
MSG002755,THR00697,USR0044,ORG016,2026-06-04 08:15,question
MSG002636,THR00674,USR0227,ORG066,2026-06-30 18:57,assistant_response
MSG000318,THR00097,USR0083,ORG027,2026-01-11 14:22,assistant_response
MSG004509,THR01094,USR0178,ORG053,2026-08-15 20:01,question
MSG002423,THR00619,USR0129,ORG041,2026-05-31 09:13,question
MSG004461,THR01083,USR0155,ORG047,2026-08-03 11:08,question
MSG000184,THR00055,USR0241,ORG072,2026-01-15 07:57,assistant_response
MSG002214,THR00564,USR0247,ORG074,2026-05-26 19:22,assistant_response
MSG003990,THR00980,USR0193,ORG057,2026-07-15 21:02,assistant_response
MSG005127,THR01227,USR0121,ORG039,2026-08-13 13:19,question
MSG002977,THR00740,USR0143,ORG044,2026-06-20 13:03,question
MSG002634,THR00673,USR0093,ORG030,2026-06-18 19:32,assistant_response
MSG002763,THR00697,USR0044,ORG016,2026-06-04 08:27,question
MSG000934,THR00252,USR0059,ORG020,2026-03-09 22:41,assistant_response
MSG000172,THR00053,USR0192,ORG057,2026-01-08 07:32,assistant_response
MSG003271,THR00807,USR0218,ORG064,2026-06-20 07:36,question
MSG002677,THR00681,USR0048,ORG016,2026-06-19 19:37,question
MSG002076,THR00527,USR0035,ORG013,2026-05-09 10:12,assistant_response
MSG000755,THR00206,USR0223,ORG065,2026-02-21 17:42,question
MSG000158,THR00048,USR0071,ORG023,2026-01-28 15:06,assistant_response
MSG002605,THR00666,USR0107,ORG034,2026-05-21 23:03,question
MSG000954,THR00259,USR0231,ORG068,2026-03-20 08:55,assistant_response
MSG003313,THR00815,USR0156,ORG047,2026-06-24 15:03,question
MSG000602,THR00163,USR0033,ORG013,2026-02-18 09:00,assistant_response
MSG002653,THR00677,USR0146,ORG045,2026-06-20 07:33,question
MSG000932,THR00252,USR0059,ORG020,2026-03-09 22:38,assistant_response
MSG002902,THR00722,USR0225,ORG065,2026-06-28 22:44,assistant_response
MSG004950,THR01183,USR0239,ORG071,2026-08-16 18:35,assistant_response
MSG004353,THR01058,USR0014,ORG005,2026-07-10 10:25,question
MSG002923,THR00729,USR0028,ORG011,2026-06-23 11:44,question
MSG003983,THR00979,USR0010,ORG004,2026-07-31 08:35,question
MSG003368,THR00824,USR0244,ORG073,2026-06-10 23:05,assistant_response
MSG004422,THR01076,USR0009,ORG004,2026-08-04 21:11,assistant_response
MSG000263,THR00080,USR0188,ORG055,2026-01-12 19:36,question
MSG002424,THR00619,USR0129,ORG041,2026-05-31 09:13,assistant_response
MSG004672,THR01132,USR0067,ORG022,2026-08-16 13:28,assistant_response
MSG004236,THR01032,USR0094,ORG031,2026-07-13 19:54,assistant_response
MSG000326,THR00098,USR0129,ORG041,2026-01-07 15:08,assistant_response
MSG005093,THR01217,USR0088,ORG029,2026-08-31 20:56,question
MSG001674,THR00437,USR0003,ORG002,2026-04-21 14:17,assistant_response
MSG000893,THR00242,USR0213,ORG063,2026-03-30 09:13,question
MSG002590,THR00663,USR0035,ORG013,2026-05-02 11:12,assistant_response
MSG004724,THR01139,USR0074,ORG024,2026-08-05 20:31,assistant_response
MSG001470,THR00386,USR0215,ORG063,2026-04-18 22:36,assistant_response
MSG003285,THR00810,USR0247,ORG074,2026-06-23 09:23,question
MSG002806,THR00705,USR0046,ORG016,2026-06-06 13:35,assistant_response
MSG000037,THR00014,USR0182,ORG054,2026-01-03 19:56,question
MSG001802,THR00466,USR0198,ORG059,2026-04-05 08:00,assistant_response
MSG000071,THR00026,USR0181,ORG054,2026-01-17 09:19,question
MSG002779,THR00702,USR0139,ORG043,2026-06-02 21:45,question
MSG002728,THR00690,USR0044,ORG016,2026-06-13 20:49,assistant_response
MSG005096,THR01217,USR0088,ORG029,2026-08-31 20:58,assistant_response
MSG003636,THR00893,USR0208,ORG061,2026-07-06 18:40,assistant_response
MSG001315,THR00346,USR0128,ORG041,2026-04-21 07:28,question
MSG003735,THR00917,USR0164,ORG049,2026-07-05 07:50,question
MSG005104,THR01220,USR0097,ORG031,2026-08-28 16:50,assistant_response
MSG000051,THR00020,USR0087,ORG029,2026-01-03 10:33,question
MSG001027,THR00277,USR0002,ORG001,2026-03-28 09:55,question
MSG005221,THR01247,USR0156,ORG047,2026-08-03 12:20,question
MSG001482,THR00387,USR0018,ORG007,2026-04-17 11:11,assistant_response
MSG005327,THR01272,USR0268,ORG080,2026-08-21 10:24,question
MSG000159,THR00049,USR0053,ORG018,2026-01-23 10:18,question
MSG001617,THR00420,USR0207,ORG061,2026-04-22 17:43,question
MSG001383,THR00359,USR0187,ORG055,2026-04-03 18:57,question
MSG005276,THR01258,USR0090,ORG029,2026-08-14 14:35,assistant_response
MSG003707,THR00912,USR0083,ORG027,2026-07-23 16:11,question
MSG002433,THR00623,USR0146,ORG045,2026-05-15 11:09,question
MSG002826,THR00708,USR0132,ORG042,2026-06-29 19:56,assistant_response
MSG001124,THR00297,USR0256,ORG077,2026-03-21 09:39,assistant_response
MSG003194,THR00789,USR0197,ORG058,2026-06-03 17:25,assistant_response
MSG000063,THR00023,USR0253,ORG076,2026-01-15 21:55,question
MSG004795,THR01156,USR0051,ORG017,2026-08-11 11:29,question
MSG002444,THR00624,USR0018,ORG007,2026-05-22 19:15,assistant_response
MSG001915,THR00494,USR0232,ORG068,2026-04-04 14:49,question
MSG001562,THR00406,USR0259,ORG077,2026-04-13 10:43,assistant_response
MSG000666,THR00184,USR0021,ORG008,2026-02-28 09:12,assistant_response
MSG003574,THR00882,USR0031,ORG012,2026-07-09 11:07,assistant_response
MSG003619,THR00889,USR0254,ORG076,2026-07-08 09:35,question
MSG002567,THR00657,USR0240,ORG071,2026-05-09 12:04,question
MSG004510,THR01094,USR0178,ORG053,2026-08-15 20:01,assistant_response
MSG004372,THR01061,USR0232,ORG068,2026-07-11 11:41,assistant_response
MSG004748,THR01145,USR0174,ORG052,2026-08-18 08:45,assistant_response
MSG001178,THR00311,USR0029,ORG011,2026-03-16 12:23,assistant_response
MSG001590,THR00411,USR0210,ORG062,2026-04-17 07:57,assistant_response
MSG002267,THR00581,USR0185,ORG055,2026-05-08 07:10,question
MSG004935,THR01181,USR0130,ORG041,2026-08-22 21:06,question
MSG003939,THR00966,USR0220,ORG064,2026-07-07 10:03,question
MSG002548,THR00651,USR0080,ORG026,2026-05-12 09:15,assistant_response
MSG002580,THR00660,USR0187,ORG055,2026-05-25 14:34,assistant_response
MSG005021,THR01198,USR0007,ORG003,2026-08-20 09:55,question
MSG000113,THR00037,USR0044,ORG016,2026-01-10 19:43,question
MSG000887,THR00241,USR0257,ORG077,2026-03-05 18:01,question
MSG001076,THR00287,USR0217,ORG064,2026-03-23 11:30,assistant_response
MSG001378,THR00359,USR0187,ORG055,2026-04-03 18:50,assistant_response
MSG000107,THR00036,USR0073,ORG024,2026-01-30 18:25,question
MSG001425,THR00373,USR0039,ORG015,2026-04-18 09:21,question
MSG002219,THR00566,USR0043,ORG015,2026-05-10 20:16,question
MSG004714,THR01138,USR0079,ORG025,2026-08-04 18:47,assistant_response
MSG002386,THR00610,USR0131,ORG041,2026-05-16 10:34,assistant_response
MSG000215,THR00062,USR0011,ORG004,2026-01-13 22:02,question
MSG002182,THR00556,USR0146,ORG045,2026-05-31 09:13,assistant_response
MSG001766,THR00459,USR0140,ORG043,2026-04-27 19:44,assistant_response
MSG000756,THR00206,USR0223,ORG065,2026-02-21 17:42,assistant_response
MSG003335,THR00819,USR0078,ORG025,2026-06-22 21:23,question
MSG003046,THR00760,USR0029,ORG011,2026-06-27 16:41,assistant_response
MSG000920,THR00249,USR0015,ORG006,2026-03-24 13:28,assistant_response
MSG000182,THR00054,USR0075,ORG024,2026-01-05 08:24,assistant_response
MSG001819,THR00470,USR0230,ORG067,2026-04-03 22:28,question
MSG001576,THR00408,USR0084,ORG027,2026-04-27 15:50,assistant_response
MSG001568,THR00407,USR0251,ORG076,2026-04-20 21:21,assistant_response
MSG004979,THR01189,USR0028,ORG011,2026-08-27 17:33,question
MSG004532,THR01097,USR0185,ORG055,2026-08-26 23:15,assistant_response
MSG001573,THR00408,USR0084,ORG027,2026-04-27 15:47,question
MSG001144,THR00303,USR0080,ORG026,2026-03-18 17:25,assistant_response
MSG000245,THR00074,USR0093,ORG030,2026-01-18 16:20,question
MSG002775,THR00701,USR0023,ORG008,2026-06-09 12:03,question
MSG004271,THR01039,USR0097,ORG031,2026-07-14 12:32,question
MSG002611,THR00666,USR0107,ORG034,2026-05-21 23:03,question
MSG003135,THR00774,USR0081,ORG026,2026-06-09 10:06,question
MSG001108,THR00294,USR0044,ORG016,2026-03-08 16:56,assistant_response
MSG003788,THR00929,USR0156,ORG047,2026-07-16 17:11,assistant_response
MSG002906,THR00724,USR0195,ORG057,2026-06-24 17:25,assistant_response
MSG004474,THR01085,USR0075,ORG024,2026-08-21 14:31,assistant_response
MSG000468,THR00128,USR0167,ORG050,2026-02-22 22:33,assistant_response
MSG003548,THR00875,USR0091,ORG029,2026-07-06 07:31,assistant_response
MSG001804,THR00466,USR0198,ORG059,2026-04-05 08:05,assistant_response
MSG002965,THR00738,USR0256,ORG077,2026-06-18 07:40,question
MSG004629,THR01122,USR0172,ORG051,2026-08-13 11:48,question
MSG000582,THR00156,USR0042,ORG015,2026-02-17 21:33,assistant_response
MSG004749,THR01145,USR0174,ORG052,2026-08-18 08:54,question
MSG004569,THR01108,USR0081,ORG026,2026-08-24 16:45,question
MSG004399,THR01070,USR0238,ORG071,2026-08-22 14:41,question
MSG003572,THR00881,USR0139,ORG043,2026-07-07 17:08,assistant_response
MSG004700,THR01136,USR0109,ORG035,2026-08-15 22:04,assistant_response
MSG002537,THR00648,USR0112,ORG036,2026-05-04 14:40,question
MSG002134,THR00543,USR0250,ORG076,2026-05-08 09:16,assistant_response
MSG000562,THR00151,USR0032,ORG012,2026-02-22 10:29,assistant_response
MSG002573,THR00659,USR0260,ORG078,2026-05-13 12:56,question
MSG000322,THR00097,USR0083,ORG027,2026-01-11 14:36,assistant_response
MSG004812,THR01160,USR0138,ORG043,2026-08-18 10:22,assistant_response
MSG003890,THR00955,USR0064,ORG021,2026-07-30 13:41,assistant_response
MSG001683,THR00440,USR0173,ORG052,2026-04-14 11:21,question
MSG001420,THR00370,USR0246,ORG074,2026-04-26 14:10,assistant_response
MSG003861,THR00948,USR0186,ORG055,2026-07-05 22:03,question
MSG004512,THR01095,USR0099,ORG032,2026-08-16 18:28,assistant_response
MSG004088,THR01005,USR0147,ORG045,2026-07-21 12:20,assistant_response
MSG002218,THR00565,USR0051,ORG017,2026-05-14 11:16,assistant_response
MSG001307,THR00343,USR0141,ORG044,2026-03-09 21:56,question
MSG004873,THR01170,USR0009,ORG004,2026-08-30 11:44,question
MSG002158,THR00550,USR0264,ORG079,2026-05-21 15:13,assistant_response
MSG003300,THR00813,USR0006,ORG003,2026-06-16 21:32,assistant_response
MSG004789,THR01156,USR0051,ORG017,2026-08-11 11:26,question
MSG002600,THR00665,USR0132,ORG042,2026-05-02 18:14,assistant_response
MSG004673,THR01133,USR0207,ORG061,2026-08-19 19:55,question
MSG001240,THR00326,USR0267,ORG080,2026-03-14 18:37,assistant_response
MSG004533,THR01098,USR0045,ORG016,2026-08-22 22:08,question
MSG004280,THR01041,USR0044,ORG016,2026-07-01 22:08,assistant_response
MSG001463,THR00384,USR0050,ORG017,2026-04-03 18:51,question
MSG004803,THR01158,USR0059,ORG020,2026-08-09 08:20,question
MSG003176,THR00786,USR0066,ORG022,2026-06-17 10:26,assistant_response
MSG003859,THR00948,USR0186,ORG055,2026-07-05 21:56,question
MSG003441,THR00847,USR0247,ORG074,2026-06-04 18:22,question
MSG005373,THR01286,USR0230,ORG067,2026-08-13 14:32,question
MSG004547,THR01104,USR0137,ORG043,2026-08-29 11:54,question
MSG003202,THR00791,USR0250,ORG076,2026-06-04 21:24,assistant_response
MSG001961,THR00504,USR0095,ORG031,2026-05-17 09:50,question
MSG001630,THR00425,USR0094,ORG031,2026-04-22 17:41,assistant_response
MSG000532,THR00143,USR0055,ORG018,2026-02-11 16:34,assistant_response
MSG004544,THR01102,USR0059,ORG020,2026-08-20 14:10,assistant_response
MSG002948,THR00734,USR0194,ORG057,2026-06-18 19:07,assistant_response
MSG004692,THR01135,USR0249,ORG075,2026-08-23 21:11,assistant_response
MSG001287,THR00336,USR0128,ORG041,2026-03-04 21:08,question
MSG004454,THR01081,USR0236,ORG070,2026-08-23 20:00,assistant_response
MSG004188,THR01021,USR0131,ORG041,2026-07-10 10:03,assistant_response
MSG004626,THR01122,USR0172,ORG051,2026-08-13 11:35,assistant_response
MSG004226,THR01030,USR0164,ORG049,2026-07-15 22:55,assistant_response
MSG000520,THR00141,USR0090,ORG029,2026-02-14 12:59,assistant_response
MSG005030,THR01201,USR0160,ORG048,2026-08-19 20:32,assistant_response
MSG000314,THR00095,USR0094,ORG031,2026-01-25 11:27,assistant_response
MSG002514,THR00642,USR0201,ORG059,2026-05-03 22:11,assistant_response
MSG001024,THR00277,USR0002,ORG001,2026-03-28 09:52,assistant_response
MSG004014,THR00986,USR0188,ORG055,2026-07-12 08:00,assistant_response
MSG000188,THR00056,USR0111,ORG036,2026-01-27 11:40,assistant_response
MSG002327,THR00596,USR0055,ORG018,2026-05-04 10:04,question
MSG002197,THR00561,USR0091,ORG029,2026-05-16 09:03,question
MSG004478,THR01086,USR0155,ORG047,2026-08-25 21:10,assistant_response
MSG000931,THR00252,USR0059,ORG020,2026-03-09 22:38,question
MSG004198,THR01023,USR0209,ORG062,2026-07-26 08:25,assistant_response
MSG002411,THR00617,USR0203,ORG060,2026-05-09 21:59,question
MSG003188,THR00789,USR0197,ORG058,2026-06-03 17:13,assistant_response
MSG000951,THR00258,USR0086,ORG028,2026-03-16 16:08,question
MSG001877,THR00484,USR0197,ORG058,2026-04-14 14:17,question
MSG000238,THR00070,USR0025,ORG009,2026-01-28 17:17,assistant_response
MSG001789,THR00463,USR0067,ORG022,2026-04-16 22:16,question
MSG004864,THR01169,USR0232,ORG068,2026-08-09 14:57,assistant_response
MSG002941,THR00733,USR0186,ORG055,2026-06-03 19:51,question
MSG003724,THR00916,USR0084,ORG027,2026-07-18 16:07,assistant_response
MSG001507,THR00393,USR0052,ORG017,2026-04-30 10:39,question
MSG003963,THR00973,USR0233,ORG068,2026-07-04 10:22,question
MSG004868,THR01170,USR0009,ORG004,2026-08-30 11:41,assistant_response
MSG000474,THR00130,USR0136,ORG043,2026-02-20 22:17,assistant_response
MSG002551,THR00653,USR0055,ORG018,2026-05-05 22:14,question
MSG002251,THR00575,USR0027,ORG010,2026-05-06 19:40,question
MSG001749,THR00454,USR0136,ORG043,2026-04-15 08:20,question
MSG001761,THR00457,USR0225,ORG065,2026-04-20 16:03,question
MSG000513,THR00139,USR0103,ORG033,2026-02-25 16:20,question
MSG004553,THR01105,USR0054,ORG018,2026-08-23 08:59,question
MSG001586,THR00411,USR0210,ORG062,2026-04-17 07:55,assistant_response
MSG000214,THR00061,USR0044,ORG016,2026-01-17 18:19,assistant_response
MSG001975,THR00506,USR0112,ORG036,2026-05-31 22:35,question
MSG002264,THR00579,USR0006,ORG003,2026-05-07 16:12,assistant_response
MSG005324,THR01271,USR0018,ORG007,2026-08-29 13:34,assistant_response
MSG005316,THR01269,USR0064,ORG021,2026-08-18 19:10,assistant_response
MSG005304,THR01265,USR0204,ORG060,2026-08-02 07:16,assistant_response
MSG000804,THR00220,USR0048,ORG016,2026-03-20 17:55,assistant_response
MSG003625,THR00890,USR0112,ORG036,2026-07-05 18:18,question
MSG000227,THR00066,USR0246,ORG074,2026-01-21 12:51,question
MSG003296,THR00811,USR0144,ORG044,2026-06-15 09:57,assistant_response
MSG000933,THR00252,USR0059,ORG020,2026-03-09 22:41,question
MSG001243,THR00327,USR0202,ORG060,2026-03-03 08:29,question
MSG001957,THR00503,USR0155,ORG047,2026-05-16 18:09,question
MSG004683,THR01134,USR0217,ORG064,2026-08-15 22:54,question
MSG002871,THR00715,USR0211,ORG062,2026-06-10 21:53,question
MSG000923,THR00250,USR0110,ORG036,2026-03-07 15:48,question
MSG002080,THR00527,USR0035,ORG013,2026-05-09 10:18,assistant_response
MSG004332,THR01052,USR0019,ORG007,2026-07-16 15:11,assistant_response
MSG000146,THR00045,USR0123,ORG039,2026-01-10 22:57,assistant_response
MSG004579,THR01109,USR0051,ORG017,2026-08-05 18:33,question
MSG000171,THR00053,USR0192,ORG057,2026-01-08 07:32,question
MSG002864,THR00714,USR0061,ORG020,2026-06-06 18:09,assistant_response
MSG002633,THR00673,USR0093,ORG030,2026-06-18 19:32,question
MSG001962,THR00504,USR0095,ORG031,2026-05-17 09:50,assistant_response
MSG003432,THR00843,USR0229,ORG067,2026-06-01 22:10,assistant_response
MSG004773,THR01149,USR0093,ORG030,2026-08-31 07:38,question
MSG004674,THR01133,USR0207,ORG061,2026-08-19 19:55,assistant_response
MSG001705,THR00444,USR0025,ORG009,2026-04-22 10:47,question
MSG000290,THR00087,USR0164,ORG049,2026-01-22 18:45,assistant_response
MSG003269,THR00806,USR0093,ORG030,2026-06-15 20:41,question
MSG004542,THR01102,USR0059,ORG020,2026-08-20 14:07,assistant_response
MSG002841,THR00711,USR0219,ORG064,2026-06-10 17:34,question
MSG002603,THR00666,USR0107,ORG034,2026-05-21 22:59,question
MSG003079,THR00765,USR0122,ORG039,2026-06-12 21:57,question
MSG004676,THR01134,USR0217,ORG064,2026-08-15 22:46,assistant_response
MSG003869,THR00949,USR0156,ORG047,2026-07-01 10:14,question
MSG004138,THR01014,USR0161,ORG048,2026-07-11 19:55,assistant_response
MSG005016,THR01198,USR0007,ORG003,2026-08-20 09:37,assistant_response
MSG004891,THR01174,USR0005,ORG002,2026-08-04 21:23,question
MSG002668,THR00680,USR0080,ORG026,2026-06-05 15:25,assistant_response
MSG005192,THR01241,USR0214,ORG063,2026-08-07 21:56,assistant_response
MSG001371,THR00357,USR0175,ORG052,2026-04-23 13:00,question
MSG004344,THR01055,USR0146,ORG045,2026-07-06 12:52,assistant_response
MSG004483,THR01087,USR0086,ORG028,2026-08-29 11:49,question
MSG004206,THR01025,USR0052,ORG017,2026-07-27 12:44,assistant_response
MSG001385,THR00360,USR0166,ORG050,2026-04-05 12:46,question
MSG000133,THR00042,USR0193,ORG057,2026-01-05 12:11,question
MSG003370,THR00824,USR0244,ORG073,2026-06-10 23:11,assistant_response
MSG001078,THR00288,USR0046,ORG016,2026-03-24 10:06,assistant_response
MSG001930,THR00497,USR0227,ORG066,2026-05-27 15:04,assistant_response
MSG005011,THR01196,USR0220,ORG064,2026-08-29 10:28,question
MSG003071,THR00765,USR0122,ORG039,2026-06-12 21:53,question
MSG003753,THR00920,USR0060,ORG020,2026-07-10 07:29,question
MSG000233,THR00069,USR0243,ORG073,2026-01-09 08:48,question
MSG004895,THR01174,USR0005,ORG002,2026-08-04 21:27,question
MSG001279,THR00335,USR0154,ORG047,2026-03-09 12:19,question
MSG002049,THR00522,USR0192,ORG057,2026-05-31 07:35,question
MSG004730,THR01142,USR0173,ORG052,2026-08-26 19:30,assistant_response
MSG004424,THR01076,USR0009,ORG004,2026-08-04 21:15,assistant_response
MSG000989,THR00268,USR0045,ORG016,2026-03-15 10:56,question
MSG005312,THR01267,USR0125,ORG040,2026-08-23 21:15,assistant_response
MSG002189,THR00558,USR0094,ORG031,2026-05-20 15:20,question
MSG003324,THR00817,USR0043,ORG015,2026-06-05 09:54,assistant_response
MSG005114,THR01223,USR0034,ORG013,2026-08-06 19:53,assistant_response
MSG000647,THR00175,USR0165,ORG049,2026-02-08 16:56,question
MSG004943,THR01182,USR0166,ORG050,2026-08-14 20:17,question
MSG002772,THR00700,USR0248,ORG075,2026-06-20 11:44,assistant_response
MSG003129,THR00774,USR0081,ORG026,2026-06-09 10:00,question
MSG002873,THR00715,USR0211,ORG062,2026-06-10 22:15,question
MSG003637,THR00893,USR0208,ORG061,2026-07-06 18:41,question
MSG004847,THR01167,USR0063,ORG021,2026-08-27 11:46,question
MSG000093,THR00033,USR0199,ORG059,2026-01-14 17:43,question
MSG004441,THR01078,USR0231,ORG068,2026-08-20 15:29,question
MSG002215,THR00564,USR0247,ORG074,2026-05-26 19:29,question
MSG003691,THR00908,USR0033,ORG013,2026-07-01 15:01,question
MSG005150,THR01234,USR0051,ORG017,2026-08-04 09:23,assistant_response
MSG000945,THR00256,USR0262,ORG078,2026-03-13 20:38,question
MSG004945,THR01183,USR0239,ORG071,2026-08-16 18:33,question
MSG005210,THR01244,USR0012,ORG004,2026-08-19 08:59,assistant_response
MSG003399,THR00832,USR0180,ORG054,2026-06-08 16:16,question
MSG003844,THR00945,USR0249,ORG075,2026-07-14 17:58,assistant_response
MSG003979,THR00979,USR0010,ORG004,2026-07-31 08:27,question
MSG004903,THR01176,USR0156,ORG047,2026-08-26 14:14,question
MSG004412,THR01072,USR0245,ORG074,2026-08-10 11:12,assistant_response
MSG002332,THR00597,USR0022,ORG008,2026-05-28 22:23,assistant_response
MSG004663,THR01129,USR0072,ORG024,2026-08-23 19:36,question
MSG004841,THR01165,USR0129,ORG041,2026-08-27 19:37,question
MSG003132,THR00774,USR0081,ORG026,2026-06-09 10:05,assistant_response
MSG001798,THR00464,USR0161,ORG048,2026-04-01 15:00,assistant_response
MSG003917,THR00962,USR0117,ORG038,2026-07-14 10:56,question
MSG002872,THR00715,USR0211,ORG062,2026-06-10 21:53,assistant_response
MSG002289,THR00588,USR0129,ORG041,2026-05-23 21:26,question
MSG002534,THR00646,USR0166,ORG050,2026-05-06 09:11,assistant_response
MSG001461,THR00383,USR0135,ORG042,2026-04-08 15:36,question
MSG003888,THR00955,USR0064,ORG021,2026-07-30 13:40,assistant_response
MSG002052,THR00522,USR0192,ORG057,2026-05-31 07:36,assistant_response
MSG002731,THR00691,USR0247,ORG074,2026-06-18 13:31,question
MSG003808,THR00934,USR0154,ORG047,2026-07-31 22:11,assistant_response
MSG000850,THR00230,USR0202,ORG060,2026-03-12 10:59,assistant_response
MSG000779,THR00211,USR0041,ORG015,2026-02-17 18:03,question
MSG002033,THR00518,USR0024,ORG009,2026-05-23 09:22,question
MSG004397,THR01069,USR0223,ORG065,2026-08-21 20:05,question
MSG000760,THR00207,USR0244,ORG073,2026-02-09 08:59,assistant_response
MSG001396,THR00361,USR0090,ORG029,2026-04-23 18:14,assistant_response
MSG000295,THR00090,USR0072,ORG024,2026-01-08 22:01,question
MSG003467,THR00853,USR0231,ORG068,2026-06-01 08:21,question
MSG003874,THR00951,USR0041,ORG015,2026-07-14 10:04,assistant_response
MSG001672,THR00437,USR0003,ORG002,2026-04-21 14:14,assistant_response
MSG004054,THR00995,USR0206,ORG061,2026-07-26 14:45,assistant_response
MSG000022,THR00011,USR0029,ORG011,2026-01-01 13:19,assistant_response
MSG002797,THR00704,USR0198,ORG059,2026-06-08 19:52,question
MSG005135,THR01229,USR0044,ORG016,2026-08-10 21:33,question
MSG004136,THR01014,USR0161,ORG048,2026-07-11 19:55,assistant_response
MSG000395,THR00109,USR0161,ORG048,2026-02-07 12:35,question
MSG000100,THR00035,USR0146,ORG045,2026-01-09 11:21,assistant_response
MSG004970,THR01187,USR0050,ORG017,2026-08-01 22:27,assistant_response
MSG003730,THR00916,USR0084,ORG027,2026-07-18 16:13,assistant_response
MSG000788,THR00214,USR0096,ORG031,2026-03-22 19:05,assistant_response
MSG002165,THR00553,USR0083,ORG027,2026-05-21 20:01,question
MSG001778,THR00461,USR0054,ORG018,2026-04-14 22:51,assistant_response
MSG000664,THR00183,USR0048,ORG016,2026-02-18 13:03,assistant_response
MSG000825,THR00226,USR0004,ORG002,2026-03-31 19:35,question
MSG000924,THR00250,USR0110,ORG036,2026-03-07 15:48,assistant_response
MSG001172,THR00309,USR0061,ORG020,2026-03-25 07:26,assistant_response
MSG001793,THR00464,USR0161,ORG048,2026-04-01 14:47,question
MSG004527,THR01097,USR0185,ORG055,2026-08-26 22:55,question
MSG005042,THR01202,USR0075,ORG024,2026-08-05 22:22,assistant_response
MSG003835,THR00942,USR0086,ORG028,2026-07-18 17:55,question
MSG003390,THR00829,USR0201,ORG059,2026-06-15 14:48,assistant_response
MSG003266,THR00806,USR0093,ORG030,2026-06-15 20:38,assistant_response
MSG003323,THR00817,USR0043,ORG015,2026-06-05 09:54,question
MSG000546,THR00145,USR0235,ORG069,2026-02-21 15:45,assistant_response
MSG004976,THR01187,USR0050,ORG017,2026-08-01 22:36,assistant_response
MSG001842,THR00477,USR0268,ORG080,2026-04-12 10:02,assistant_response
MSG004174,THR01020,USR0186,ORG055,2026-07-29 10:34,assistant_response
MSG001316,THR00346,USR0128,ORG041,2026-04-21 07:28,assistant_response
MSG002612,THR00666,USR0107,ORG034,2026-05-21 23:03,assistant_response
MSG005171,THR01239,USR0108,ORG035,2026-08-16 14:33,question
MSG004135,THR01014,USR0161,ORG048,2026-07-11 19:55,question
MSG003475,THR00855,USR0077,ORG025,2026-07-24 14:59,question
MSG003622,THR00889,USR0254,ORG076,2026-07-08 09:41,assistant_response
MSG001809,THR00468,USR0252,ORG076,2026-04-11 14:26,question
MSG003922,THR00964,USR0021,ORG008,2026-07-03 17:31,assistant_response
MSG004074,THR01000,USR0265,ORG079,2026-07-28 12:43,assistant_response
MSG004255,THR01035,USR0077,ORG025,2026-07-03 18:26,question
MSG004151,THR01016,USR0029,ORG011,2026-07-16 18:49,question
MSG002507,THR00641,USR0017,ORG007,2026-05-11 09:53,question
MSG000254,THR00076,USR0228,ORG066,2026-01-12 21:07,assistant_response
MSG003384,THR00828,USR0140,ORG043,2026-06-11 15:23,assistant_response
MSG004405,THR01071,USR0043,ORG015,2026-08-10 21:27,question
MSG001574,THR00408,USR0084,ORG027,2026-04-27 15:47,assistant_response
MSG004731,THR01142,USR0173,ORG052,2026-08-26 19:35,question
MSG004916,THR01177,USR0108,ORG035,2026-08-01 13:59,assistant_response
MSG004281,THR01041,USR0044,ORG016,2026-07-01 22:12,question
MSG004062,THR00997,USR0244,ORG073,2026-07-14 13:29,assistant_response
MSG004619,THR01120,USR0106,ORG034,2026-08-29 21:44,question
MSG004414,THR01073,USR0268,ORG080,2026-08-14 16:36,assistant_response
MSG005122,THR01224,USR0238,ORG071,2026-08-06 17:45,assistant_response
MSG000436,THR00119,USR0264,ORG079,2026-02-05 18:03,assistant_response
MSG000396,THR00109,USR0161,ORG048,2026-02-07 12:35,assistant_response
MSG000950,THR00257,USR0217,ORG064,2026-03-06 22:42,assistant_response
MSG003571,THR00881,USR0139,ORG043,2026-07-07 17:08,question
MSG003447,THR00848,USR0047,ORG016,2026-06-12 17:11,question
MSG000185,THR00056,USR0111,ORG036,2026-01-27 11:35,question
MSG000277,THR00085,USR0110,ORG036,2026-01-20 16:44,question
MSG001654,THR00433,USR0141,ORG044,2026-04-07 12:36,assistant_response
MSG002530,THR00646,USR0166,ORG050,2026-05-06 08:53,assistant_response
MSG005033,THR01201,USR0160,ORG048,2026-08-19 20:38,question
MSG003747,THR00919,USR0227,ORG066,2026-07-11 10:46,question
MSG002379,THR00609,USR0025,ORG009,2026-05-13 10:44,question
MSG002695,THR00683,USR0154,ORG047,2026-06-02 19:05,question
MSG001328,THR00348,USR0164,ORG049,2026-04-20 14:22,assistant_response
MSG000531,THR00143,USR0055,ORG018,2026-02-11 16:34,question
MSG004096,THR01007,USR0159,ORG048,2026-07-15 22:41,assistant_response
MSG002153,THR00548,USR0265,ORG079,2026-05-13 19:07,question
MSG002077,THR00527,USR0035,ORG013,2026-05-09 10:15,question
MSG002360,THR00601,USR0005,ORG002,2026-05-01 13:24,assistant_response
MSG003905,THR00960,USR0259,ORG077,2026-07-28 22:35,question
MSG002482,THR00635,USR0140,ORG043,2026-05-10 15:26,assistant_response
MSG001933,THR00498,USR0189,ORG056,2026-05-25 13:52,question
MSG001543,THR00402,USR0192,ORG057,2026-04-27 08:32,question
MSG002896,THR00720,USR0099,ORG032,2026-06-08 08:29,assistant_response
MSG005002,THR01192,USR0034,ORG013,2026-08-26 11:27,assistant_response
MSG001614,THR00418,USR0167,ORG050,2026-04-28 15:19,assistant_response
MSG002676,THR00681,USR0048,ORG016,2026-06-19 19:36,assistant_response
MSG003884,THR00955,USR0064,ORG021,2026-07-30 13:43,assistant_response
MSG001951,THR00501,USR0131,ORG041,2026-05-01 17:30,question
MSG001883,THR00486,USR0263,ORG079,2026-04-10 17:51,question
MSG004918,THR01178,USR0143,ORG044,2026-08-19 22:10,assistant_response
MSG002307,THR00594,USR0138,ORG043,2026-05-06 13:31,question
MSG003112,THR00770,USR0268,ORG080,2026-06-04 07:23,assistant_response
MSG004071,THR01000,USR0265,ORG079,2026-07-28 12:36,question
MSG004225,THR01030,USR0164,ORG049,2026-07-15 22:55,question
MSG000258,THR00077,USR0223,ORG065,2026-01-09 08:07,assistant_response
MSG002102,THR00535,USR0072,ORG024,2026-05-29 13:17,assistant_response
MSG004741,THR01143,USR0259,ORG077,2026-08-21 21:50,question
MSG002151,THR00548,USR0265,ORG079,2026-05-13 19:00,question
MSG004284,THR01041,USR0044,ORG016,2026-07-01 22:20,assistant_response
MSG000864,THR00234,USR0079,ORG025,2026-03-23 20:50,assistant_response
MSG004746,THR01145,USR0174,ORG052,2026-08-18 08:42,assistant_response
MSG002051,THR00522,USR0192,ORG057,2026-05-31 07:36,question
MSG003362,THR00824,USR0244,ORG073,2026-06-10 22:47,assistant_response
MSG005257,THR01255,USR0127,ORG040,2026-08-17 17:58,question
MSG000038,THR00014,USR0182,ORG054,2026-01-03 19:56,assistant_response
MSG001135,THR00300,USR0111,ORG036,2026-03-02 08:50,question
MSG001878,THR00484,USR0197,ORG058,2026-04-14 14:17,assistant_response
MSG001917,THR00495,USR0262,ORG078,2026-04-26 16:44,question
MSG002836,THR00709,USR0175,ORG052,2026-06-29 19:42,assistant_response
MSG003813,THR00936,USR0253,ORG076,2026-07-03 18:44,question
MSG005356,THR01279,USR0119,ORG038,2026-08-07 10:22,assistant_response
MSG004783,THR01153,USR0087,ORG029,2026-08-10 11:11,question
MSG002540,THR00649,USR0086,ORG028,2026-05-26 15:37,assistant_response
MSG004904,THR01176,USR0156,ORG047,2026-08-26 14:14,assistant_response
MSG003791,THR00929,USR0156,ORG047,2026-07-16 17:07,question
MSG000140,THR00043,USR0085,ORG028,2026-01-24 21:02,assistant_response
MSG001241,THR00327,USR0202,ORG060,2026-03-03 08:27,question
MSG002793,THR00704,USR0198,ORG059,2026-06-08 19:40,question
MSG000046,THR00017,USR0167,ORG050,2026-01-06 21:54,assistant_response
MSG005113,THR01223,USR0034,ORG013,2026-08-06 19:53,question
MSG004125,THR01012,USR0257,ORG077,2026-07-30 10:33,question
MSG000493,THR00134,USR0041,ORG015,2026-02-12 21:41,question
MSG001873,THR00483,USR0066,ORG022,2026-04-04 19:42,question
MSG003032,THR00758,USR0246,ORG074,2026-06-30 22:51,assistant_response
MSG000115,THR00038,USR0048,ORG016,2026-01-21 20:32,question
MSG005152,THR01235,USR0171,ORG051,2026-08-07 17:16,assistant_response
MSG001741,THR00452,USR0057,ORG019,2026-04-27 22:33,question
MSG001708,THR00444,USR0025,ORG009,2026-04-22 10:43,assistant_response
MSG003653,THR00898,USR0035,ORG013,2026-07-18 13:13,question
MSG000440,THR00120,USR0154,ORG047,2026-02-19 17:36,assistant_response
MSG004479,THR01087,USR0086,ORG028,2026-08-29 11:47,question
MSG004966,THR01186,USR0116,ORG037,2026-08-23 20:13,assistant_response
MSG001128,THR00298,USR0199,ORG059,2026-03-28 20:23,assistant_response
MSG004145,THR01015,USR0074,ORG024,2026-07-04 12:34,question
MSG002020,THR00515,USR0129,ORG041,2026-05-18 09:36,assistant_response
MSG002412,THR00617,USR0203,ORG060,2026-05-09 21:59,assistant_response
MSG002984,THR00743,USR0083,ORG027,2026-06-22 16:39,assistant_response
MSG004249,THR01035,USR0077,ORG025,2026-07-03 18:11,question
MSG003669,THR00902,USR0150,ORG046,2026-07-15 18:51,question
MSG001968,THR00505,USR0207,ORG061,2026-05-03 18:17,assistant_response
MSG004538,THR01100,USR0025,ORG009,2026-08-01 18:56,assistant_response
MSG005155,THR01236,USR0141,ORG044,2026-08-07 11:59,question
MSG002719,THR00688,USR0114,ORG036,2026-06-14 16:50,question
MSG002096,THR00533,USR0237,ORG070,2026-05-15 18:49,assistant_response
MSG003050,THR00761,USR0010,ORG004,2026-06-07 17:51,assistant_response
MSG003576,THR00882,USR0031,ORG012,2026-07-09 11:11,assistant_response
MSG002693,THR00682,USR0248,ORG075,2026-06-06 23:12,question
MSG002952,THR00735,USR0077,ORG025,2026-06-06 11:11,assistant_response
MSG005264,THR01257,USR0234,ORG069,2026-08-12 16:25,assistant_response
MSG000089,THR00031,USR0259,ORG077,2026-01-21 12:02,question
MSG004765,THR01148,USR0028,ORG011,2026-08-31 13:49,question
MSG000600,THR00163,USR0033,ORG013,2026-02-18 08:59,assistant_response
MSG001771,THR00459,USR0140,ORG043,2026-04-27 20:05,question
MSG000505,THR00138,USR0242,ORG072,2026-02-04 11:04,question
MSG002528,THR00646,USR0166,ORG050,2026-05-06 08:48,assistant_response
MSG002696,THR00683,USR0154,ORG047,2026-06-02 19:05,assistant_response
MSG001799,THR00465,USR0049,ORG017,2026-04-14 14:30,question
MSG005226,THR01249,USR0146,ORG045,2026-08-07 14:18,assistant_response
MSG003528,THR00868,USR0020,ORG008,2026-07-20 12:51,assistant_response
MSG002240,THR00572,USR0177,ORG053,2026-05-25 19:47,assistant_response
MSG000963,THR00262,USR0228,ORG066,2026-03-16 12:12,question
MSG003833,THR00941,USR0040,ORG015,2026-07-17 13:50,question
MSG001982,THR00507,USR0178,ORG053,2026-05-15 14:57,assistant_response
MSG003962,THR00973,USR0233,ORG068,2026-07-04 10:16,assistant_response
MSG001229,THR00325,USR0144,ORG044,2026-03-03 08:58,question
MSG004458,THR01082,USR0250,ORG076,2026-08-10 18:50,assistant_response
MSG000228,THR00066,USR0246,ORG074,2026-01-21 12:51,assistant_response
MSG003501,THR00860,USR0219,ORG064,2026-07-11 19:20,question
MSG001818,THR00469,USR0194,ORG057,2026-04-13 14:05,assistant_response
MSG005254,THR01254,USR0235,ORG069,2026-08-09 13:12,assistant_response
MSG000101,THR00036,USR0073,ORG024,2026-01-30 18:19,question
MSG003002,THR00748,USR0030,ORG011,2026-06-04 09:42,assistant_response
MSG003683,THR00907,USR0178,ORG053,2026-07-14 21:47,question
MSG000837,THR00228,USR0070,ORG023,2026-03-10 17:44,question
MSG001013,THR00276,USR0048,ORG016,2026-03-13 15:48,question
MSG000397,THR00110,USR0047,ORG016,2026-02-13 21:15,question
MSG002130,THR00541,USR0072,ORG024,2026-05-15 12:17,assistant_response
MSG000496,THR00135,USR0110,ORG036,2026-02-07 15:59,assistant_response
MSG003375,THR00826,USR0148,ORG045,2026-06-30 21:24,question
MSG003560,THR00878,USR0212,ORG062,2026-07-28 13:34,assistant_response
MSG004948,THR01183,USR0239,ORG071,2026-08-16 18:35,assistant_response
MSG000276,THR00084,USR0199,ORG059,2026-01-30 10:20,assistant_response
MSG003369,THR00824,USR0244,ORG073,2026-06-10 23:11,question
MSG005121,THR01224,USR0238,ORG071,2026-08-06 17:45,question
MSG002555,THR00655,USR0194,ORG057,2026-05-12 11:16,question
MSG004443,THR01079,USR0041,ORG015,2026-08-24 15:55,question
MSG000027,THR00011,USR0029,ORG011,2026-01-01 13:28,question
MSG004753,THR01145,USR0174,ORG052,2026-08-18 09:10,question
MSG002823,THR00707,USR0181,ORG054,2026-06-12 16:39,question
MSG003273,THR00807,USR0218,ORG064,2026-06-20 07:38,question
MSG003931,THR00965,USR0234,ORG069,2026-07-20 16:55,question
MSG003405,THR00834,USR0045,ORG016,2026-06-28 11:24,question
MSG000916,THR00248,USR0208,ORG061,2026-03-21 12:11,assistant_response
MSG000559,THR00150,USR0169,ORG050,2026-02-10 07:18,question
MSG003047,THR00760,USR0029,ORG011,2026-06-27 16:46,question
MSG002303,THR00592,USR0265,ORG079,2026-05-18 07:56,question
MSG004349,THR01056,USR0109,ORG035,2026-07-19 07:35,question
MSG004050,THR00994,USR0104,ORG033,2026-07-16 10:05,assistant_response
MSG000840,THR00228,USR0070,ORG023,2026-03-10 17:44,assistant_response
MSG002882,THR00718,USR0014,ORG005,2026-06-12 09:49,assistant_response
MSG002093,THR00532,USR0224,ORG065,2026-05-09 18:12,question
MSG002395,THR00615,USR0173,ORG052,2026-05-14 19:54,question
MSG003254,THR00803,USR0065,ORG021,2026-06-05 07:10,assistant_response
MSG000250,THR00075,USR0152,ORG046,2026-01-10 21:44,assistant_response
MSG004092,THR01006,USR0059,ORG020,2026-07-05 13:01,assistant_response
MSG003437,THR00846,USR0036,ORG014,2026-06-18 14:00,question
MSG003700,THR00910,USR0157,ORG047,2026-07-06 15:14,assistant_response
MSG005043,THR01203,USR0005,ORG002,2026-08-17 11:03,question
MSG004016,THR00987,USR0183,ORG054,2026-07-14 18:03,assistant_response
MSG002435,THR00624,USR0018,ORG007,2026-05-22 18:55,question
MSG001366,THR00356,USR0245,ORG074,2026-04-01 18:00,assistant_response
MSG005341,THR01276,USR0033,ORG013,2026-08-08 10:53,question
MSG004593,THR01111,USR0044,ORG016,2026-08-09 18:51,question
MSG001107,THR00294,USR0044,ORG016,2026-03-08 16:56,question
MSG000225,THR00065,USR0174,ORG052,2026-01-27 12:59,question
MSG004697,THR01136,USR0109,ORG035,2026-08-15 22:05,question
MSG000223,THR00065,USR0174,ORG052,2026-01-27 12:53,question
MSG004230,THR01030,USR0164,ORG049,2026-07-15 23:07,assistant_response
MSG003236,THR00799,USR0028,ORG011,2026-06-01 18:31,assistant_response
MSG004534,THR01098,USR0045,ORG016,2026-08-22 22:08,assistant_response
MSG000025,THR00011,USR0029,ORG011,2026-01-01 13:33,question
MSG002745,THR00695,USR0157,ORG047,2026-06-06 18:43,question
MSG001651,THR00432,USR0250,ORG076,2026-04-11 12:24,question
MSG000516,THR00140,USR0046,ORG016,2026-02-21 14:34,assistant_response
MSG001609,THR00417,USR0153,ORG046,2026-04-22 10:30,question
MSG000220,THR00063,USR0009,ORG004,2026-01-12 09:22,assistant_response
MSG001202,THR00320,USR0103,ORG033,2026-03-10 16:47,assistant_response
MSG002317,THR00595,USR0136,ORG043,2026-05-07 14:18,question
MSG002226,THR00569,USR0219,ORG064,2026-05-21 15:16,assistant_response
MSG002544,THR00650,USR0125,ORG040,2026-05-01 08:43,assistant_response
MSG000522,THR00141,USR0090,ORG029,2026-02-14 13:03,assistant_response
MSG003712,THR00912,USR0083,ORG027,2026-07-23 16:23,assistant_response
MSG004386,THR01064,USR0084,ORG027,2026-07-13 19:18,assistant_response
MSG002378,THR00608,USR0265,ORG079,2026-05-18 17:55,assistant_response
MSG000994,THR00269,USR0180,ORG054,2026-03-28 20:10,assistant_response
MSG001239,THR00326,USR0267,ORG080,2026-03-14 18:37,question
MSG002520,THR00644,USR0128,ORG041,2026-05-13 21:17,assistant_response
MSG005188,THR01241,USR0214,ORG063,2026-08-07 21:32,assistant_response
MSG000363,THR00105,USR0161,ORG048,2026-02-28 17:46,question
MSG001725,THR00449,USR0103,ORG033,2026-04-25 15:56,question
MSG004439,THR01078,USR0231,ORG068,2026-08-20 15:27,question
MSG005146,THR01232,USR0092,ORG030,2026-08-15 14:17,assistant_response
MSG004076,THR01001,USR0240,ORG071,2026-07-09 20:59,assistant_response
MSG001890,THR00488,USR0068,ORG022,2026-04-23 12:32,assistant_response
MSG002955,THR00735,USR0077,ORG025,2026-06-06 11:17,question
MSG004004,THR00985,USR0165,ORG049,2026-07-02 07:37,assistant_response
MSG004292,THR01042,USR0197,ORG058,2026-07-23 20:48,assistant_response
MSG001752,THR00455,USR0149,ORG046,2026-04-12 17:27,assistant_response
MSG001451,THR00380,USR0042,ORG015,2026-04-16 10:19,question
MSG003913,THR00962,USR0117,ORG038,2026-07-14 10:50,question
MSG001465,THR00384,USR0050,ORG017,2026-04-03 18:56,question
MSG002807,THR00705,USR0046,ORG016,2026-06-06 13:40,question
MSG002064,THR00525,USR0083,ORG027,2026-05-06 14:39,assistant_response
MSG003562,THR00878,USR0212,ORG062,2026-07-28 13:36,assistant_response
MSG003978,THR00978,USR0255,ORG077,2026-07-16 15:34,assistant_response
MSG002157,THR00550,USR0264,ORG079,2026-05-21 15:13,question
MSG003445,THR00848,USR0047,ORG016,2026-06-12 17:12,question
MSG004109,THR01009,USR0091,ORG029,2026-07-21 08:46,question
MSG003812,THR00936,USR0253,ORG076,2026-07-03 18:37,assistant_response
MSG004601,THR01113,USR0220,ORG064,2026-08-14 21:02,question
MSG002430,THR00622,USR0044,ORG016,2026-05-21 19:19,assistant_response
MSG002978,THR00740,USR0143,ORG044,2026-06-20 13:03,assistant_response
MSG003980,THR00979,USR0010,ORG004,2026-07-31 08:27,assistant_response
MSG002574,THR00659,USR0260,ORG078,2026-05-13 12:56,assistant_response
MSG005219,THR01247,USR0156,ORG047,2026-08-03 12:07,question
MSG004260,THR01037,USR0098,ORG031,2026-07-31 15:18,assistant_response
MSG000351,THR00102,USR0255,ORG077,2026-02-21 16:55,question
MSG004567,THR01107,USR0086,ORG028,2026-08-21 10:55,question
MSG004709,THR01138,USR0079,ORG025,2026-08-04 18:27,question
MSG004813,THR01160,USR0138,ORG043,2026-08-18 10:19,question
MSG002271,THR00582,USR0205,ORG060,2026-05-12 19:26,question
MSG001706,THR00444,USR0025,ORG009,2026-04-22 10:47,assistant_response
MSG000556,THR00149,USR0004,ORG002,2026-02-09 19:15,assistant_response
MSG003421,THR00840,USR0103,ORG033,2026-06-20 19:13,question
MSG003897,THR00958,USR0008,ORG004,2026-07-17 13:45,question
MSG002799,THR00705,USR0046,ORG016,2026-06-06 13:32,question
MSG000571,THR00153,USR0189,ORG056,2026-02-20 14:32,question
MSG002369,THR00605,USR0068,ORG022,2026-05-19 14:52,question
MSG003570,THR00880,USR0192,ORG057,2026-07-05 21:46,assistant_response
MSG002935,THR00731,USR0013,ORG005,2026-06-06 21:49,question
MSG003706,THR00911,USR0025,ORG009,2026-07-05 18:23,assistant_response
MSG002310,THR00594,USR0138,ORG043,2026-05-06 13:37,assistant_response
MSG000710,THR00193,USR0126,ORG040,2026-02-16 17:16,assistant_response
MSG001273,THR00335,USR0154,ORG047,2026-03-09 12:01,question
MSG003801,THR00932,USR0252,ORG076,2026-07-02 16:58,question
MSG004277,THR01040,USR0231,ORG068,2026-07-30 14:27,question
MSG001071,THR00285,USR0245,ORG074,2026-03-03 11:37,question
MSG000402,THR00111,USR0025,ORG009,2026-02-02 16:37,assistant_response
MSG001635,THR00426,USR0115,ORG037,2026-04-24 16:32,question
MSG005074,THR01208,USR0115,ORG037,2026-08-23 14:33,assistant_response
MSG001583,THR00410,USR0114,ORG036,2026-04-21 14:43,question
MSG002610,THR00666,USR0107,ORG034,2026-05-21 23:17,assistant_response
MSG002780,THR00702,USR0139,ORG043,2026-06-02 21:45,assistant_response
MSG001019,THR00276,USR0048,ORG016,2026-03-13 16:04,question
MSG004045,THR00994,USR0104,ORG033,2026-07-16 09:59,question
MSG003982,THR00979,USR0010,ORG004,2026-07-31 08:31,assistant_response
MSG000132,THR00041,USR0020,ORG008,2026-01-22 18:01,assistant_response
MSG003145,THR00778,USR0026,ORG010,2026-06-04 19:03,question
MSG004963,THR01186,USR0116,ORG037,2026-08-23 20:10,question
MSG000331,THR00099,USR0048,ORG016,2026-01-17 12:39,question
MSG002398,THR00615,USR0173,ORG052,2026-05-14 19:56,assistant_response
MSG004835,THR01165,USR0129,ORG041,2026-08-27 19:22,question
MSG000806,THR00221,USR0212,ORG062,2026-03-13 09:46,assistant_response
MSG004013,THR00986,USR0188,ORG055,2026-07-12 08:00,question
MSG001109,THR00294,USR0044,ORG016,2026-03-08 17:03,question
MSG000353,THR00102,USR0255,ORG077,2026-02-21 17:02,question
MSG005249,THR01254,USR0235,ORG069,2026-08-09 13:01,question
MSG005089,THR01215,USR0052,ORG017,2026-08-01 11:27,question
MSG002726,THR00689,USR0173,ORG052,2026-06-03 22:42,assistant_response
MSG004782,THR01152,USR0163,ORG048,2026-08-13 15:05,assistant_response
MSG003697,THR00909,USR0168,ORG050,2026-07-16 21:29,question
MSG001435,THR00374,USR0016,ORG006,2026-04-14 12:47,question
MSG003215,THR00795,USR0232,ORG068,2026-06-18 16:26,question
MSG001030,THR00277,USR0002,ORG001,2026-03-28 10:14,assistant_response
MSG005326,THR01271,USR0018,ORG007,2026-08-29 13:42,assistant_response
MSG000003,THR00002,USR0159,ORG048,2026-01-30 17:22,question
MSG002705,THR00684,USR0223,ORG065,2026-06-14 11:09,question
MSG003976,THR00977,USR0267,ORG080,2026-07-25 22:56,assistant_response
MSG001763,THR00458,USR0176,ORG053,2026-04-06 10:25,question
MSG004607,THR01116,USR0085,ORG028,2026-08-14 08:25,question
MSG001253,THR00330,USR0070,ORG023,2026-03-25 10:09,question
MSG004784,THR01153,USR0087,ORG029,2026-08-10 11:11,assistant_response
MSG003068,THR00763,USR0200,ORG059,2026-06-06 11:09,assistant_response
MSG000506,THR00138,USR0242,ORG072,2026-02-04 11:04,assistant_response
MSG002430,THR00622,USR0044,ORG016,2026-05-21 19:19,assistant_response
MSG003079,THR00765,USR0122,ORG039,2026-06-12 21:57,question
MSG003332,THR00818,USR0144,ORG044,2026-06-09 15:02,assistant_response
MSG000168,THR00053,USR0192,ORG057,2026-01-08 07:20,assistant_response
MSG004229,THR01030,USR0164,ORG049,2026-07-15 23:07,question
MSG004067,THR00998,USR0154,ORG047,2026-07-14 17:12,question
MSG004296,THR01044,USR0024,ORG009,2026-07-01 15:32,assistant_response
MSG003894,THR00957,USR0257,ORG077,2026-07-25 14:32,assistant_response
MSG005182,THR01240,USR0240,ORG071,2026-08-24 21:33,assistant_response
MSG001995,THR00509,USR0145,ORG044,2026-05-01 18:32,question
MSG001244,THR00327,USR0202,ORG060,2026-03-03 08:29,assistant_response
MSG003708,THR00912,USR0083,ORG027,2026-07-23 16:11,assistant_response
MSG002722,THR00689,USR0173,ORG052,2026-06-03 22:36,assistant_response
MSG002287,THR00588,USR0129,ORG041,2026-05-23 21:24,question
MSG003679,THR00906,USR0012,ORG004,2026-07-10 20:43,question
MSG004969,THR01187,USR0050,ORG017,2026-08-01 22:27,question
MSG003719,THR00914,USR0065,ORG021,2026-07-15 15:23,question
MSG004083,THR01004,USR0033,ORG013,2026-07-21 13:54,question
MSG002790,THR00704,USR0198,ORG059,2026-06-08 19:32,assistant_response
MSG001911,THR00493,USR0032,ORG012,2026-04-23 16:27,question
MSG000603,THR00163,USR0033,ORG013,2026-02-18 09:05,question
MSG002808,THR00705,USR0046,ORG016,2026-06-06 13:40,assistant_response
MSG004002,THR00984,USR0254,ORG076,2026-07-19 19:42,assistant_response
MSG005315,THR01269,USR0064,ORG021,2026-08-18 19:10,question
MSG003123,THR00772,USR0160,ORG048,2026-06-01 16:49,question
MSG001182,THR00312,USR0053,ORG018,2026-03-29 10:15,assistant_response
MSG004167,THR01018,USR0189,ORG056,2026-07-27 16:02,question
MSG005024,THR01199,USR0261,ORG078,2026-08-09 18:26,assistant_response
MSG001864,THR00480,USR0213,ORG063,2026-04-02 11:04,assistant_response
MSG003077,THR00765,USR0122,ORG039,2026-06-12 21:59,question
MSG000504,THR00138,USR0242,ORG072,2026-02-04 11:00,assistant_response
MSG005303,THR01265,USR0204,ORG060,2026-08-02 07:16,question
MSG001407,THR00365,USR0040,ORG015,2026-04-08 18:20,question
MSG002875,THR00716,USR0097,ORG031,2026-06-04 11:11,question
MSG002131,THR00542,USR0075,ORG024,2026-05-24 22:22,question
MSG003968,THR00975,USR0256,ORG077,2026-07-22 07:11,assistant_response
MSG000169,THR00053,USR0192,ORG057,2026-01-08 07:26,question
MSG000781,THR00212,USR0039,ORG015,2026-02-11 19:49,question
MSG001267,THR00333,USR0156,ORG047,2026-03-27 08:15,question
MSG001132,THR00299,USR0242,ORG072,2026-03-31 09:01,assistant_response
MSG001710,THR00445,USR0214,ORG063,2026-04-15 19:07,assistant_response
MSG002414,THR00617,USR0203,ORG060,2026-05-09 22:04,assistant_response
MSG001602,THR00415,USR0112,ORG036,2026-04-15 16:43,assistant_response
MSG001357,THR00354,USR0073,ORG024,2026-04-19 14:09,question
MSG001429,THR00374,USR0016,ORG006,2026-04-14 12:38,question
MSG002782,THR00702,USR0139,ORG043,2026-06-02 21:53,assistant_response
MSG001087,THR00289,USR0071,ORG023,2026-03-13 11:45,question
MSG000717,THR00194,USR0252,ORG076,2026-02-15 12:58,question
MSG004561,THR01105,USR0054,ORG018,2026-08-23 09:03,question
MSG003383,THR00828,USR0140,ORG043,2026-06-11 15:23,question
MSG003678,THR00905,USR0076,ORG024,2026-07-16 11:55,assistant_response
MSG002781,THR00702,USR0139,ORG043,2026-06-02 21:53,question
MSG005055,THR01205,USR0097,ORG031,2026-08-22 22:44,question
MSG003847,THR00945,USR0249,ORG075,2026-07-14 18:02,question
MSG000195,THR00058,USR0235,ORG069,2026-01-03 10:53,question
MSG002617,THR00667,USR0213,ORG063,2026-06-27 18:56,question
MSG004361,THR01060,USR0246,ORG074,2026-07-15 15:39,question
MSG003538,THR00870,USR0049,ORG017,2026-07-20 18:59,assistant_response
MSG003989,THR00980,USR0193,ORG057,2026-07-15 21:02,question
MSG000846,THR00229,USR0164,ORG049,2026-03-10 22:40,assistant_response
MSG001473,THR00386,USR0215,ORG063,2026-04-18 22:38,question
MSG001100,THR00293,USR0197,ORG058,2026-03-12 20:20,assistant_response
MSG002851,THR00713,USR0070,ORG023,2026-06-14 11:56,question
MSG002366,THR00603,USR0176,ORG053,2026-05-12 12:31,assistant_response
MSG001001,THR00271,USR0087,ORG029,2026-03-11 16:23,question
MSG000127,THR00040,USR0080,ORG026,2026-01-03 17:01,question
MSG004406,THR01071,USR0043,ORG015,2026-08-10 21:27,assistant_response
MSG001464,THR00384,USR0050,ORG017,2026-04-03 18:51,assistant_response
MSG005287,THR01260,USR0081,ORG026,2026-08-09 16:54,question
MSG003527,THR00868,USR0020,ORG008,2026-07-20 12:51,question
MSG004216,THR01027,USR0095,ORG031,2026-07-21 21:54,assistant_response
MSG003725,THR00916,USR0084,ORG027,2026-07-18 16:11,question
MSG000606,THR00163,USR0033,ORG013,2026-02-18 09:11,assistant_response
MSG000085,THR00030,USR0032,ORG012,2026-01-15 10:57,question
MSG004517,THR01096,USR0174,ORG052,2026-08-30 21:16,question
MSG002128,THR00541,USR0072,ORG024,2026-05-15 12:11,assistant_response
MSG002809,THR00706,USR0157,ORG047,2026-06-11 22:25,question
MSG003218,THR00796,USR0106,ORG034,2026-06-22 17:19,assistant_response
MSG004957,THR01185,USR0100,ORG032,2026-08-11 10:02,question
MSG001984,THR00507,USR0178,ORG053,2026-05-15 14:59,assistant_response
MSG003515,THR00864,USR0021,ORG008,2026-07-05 10:56,question
MSG002720,THR00688,USR0114,ORG036,2026-06-14 16:50,assistant_response
MSG003455,THR00850,USR0200,ORG059,2026-06-29 10:40,question
MSG003099,THR00769,USR0051,ORG017,2026-06-27 11:17,question
MSG003586,THR00884,USR0088,ORG029,2026-07-19 14:05,assistant_response
MSG001234,THR00326,USR0267,ORG080,2026-03-14 18:34,assistant_response
MSG001445,THR00378,USR0219,ORG064,2026-04-03 16:52,question
MSG000056,THR00022,USR0102,ORG033,2026-01-06 11:48,assistant_response
MSG003714,THR00912,USR0083,ORG027,2026-07-23 16:29,assistant_response
MSG004625,THR01122,USR0172,ORG051,2026-08-13 11:35,question
MSG001039,THR00278,USR0033,ORG013,2026-03-26 19:25,question
MSG004348,THR01056,USR0109,ORG035,2026-07-19 07:37,assistant_response
MSG004317,THR01050,USR0085,ORG028,2026-07-11 22:48,question
MSG001055,THR00281,USR0081,ORG026,2026-03-15 21:02,question
MSG002236,THR00571,USR0248,ORG075,2026-05-06 18:35,assistant_response
MSG004373,THR01062,USR0029,ORG011,2026-07-24 09:35,question
MSG005147,THR01233,USR0151,ORG046,2026-08-27 09:50,question
MSG005090,THR01215,USR0052,ORG017,2026-08-01 11:27,assistant_response
MSG005351,THR01278,USR0098,ORG031,2026-08-20 13:59,question
MSG001248,THR00328,USR0150,ORG046,2026-03-09 18:06,assistant_response
MSG000410,THR00114,USR0206,ORG061,2026-02-02 13:27,assistant_response
MSG000385,THR00108,USR0197,ORG058,2026-02-28 20:39,question
MSG000601,THR00163,USR0033,ORG013,2026-02-18 09:00,question
MSG003382,THR00828,USR0140,ORG043,2026-06-11 15:17,assistant_response
MSG002061,THR00524,USR0177,ORG053,2026-05-07 20:59,question
MSG002152,THR00548,USR0265,ORG079,2026-05-13 19:00,assistant_response
MSG000936,THR00252,USR0059,ORG020,2026-03-09 22:48,assistant_response
MSG003928,THR00965,USR0234,ORG069,2026-07-20 16:53,assistant_response
MSG002786,THR00702,USR0139,ORG043,2026-06-02 22:05,assistant_response
MSG003389,THR00829,USR0201,ORG059,2026-06-15 14:48,question
MSG000072,THR00026,USR0181,ORG054,2026-01-17 09:19,assistant_response
MSG000186,THR00056,USR0111,ORG036,2026-01-27 11:35,assistant_response
MSG000449,THR00122,USR0214,ORG063,2026-02-19 17:02,question
MSG005376,THR01286,USR0230,ORG067,2026-08-13 14:34,assistant_response
MSG001014,THR00276,USR0048,ORG016,2026-03-13 15:48,assistant_response
MSG004699,THR01136,USR0109,ORG035,2026-08-15 22:04,question
MSG004513,THR01096,USR0174,ORG052,2026-08-30 21:08,question
MSG002389,THR00612,USR0102,ORG033,2026-05-19 12:49,question
MSG001941,THR00499,USR0091,ORG029,2026-05-22 09:13,question
MSG003806,THR00934,USR0154,ORG047,2026-07-31 22:07,assistant_response
MSG003083,THR00767,USR0228,ORG066,2026-06-17 07:51,question
MSG003351,THR00822,USR0197,ORG058,2026-06-08 21:51,question
MSG002783,THR00702,USR0139,ORG043,2026-06-02 21:50,question
MSG000700,THR00191,USR0075,ORG024,2026-02-01 15:35,assistant_response
MSG000316,THR00096,USR0029,ORG011,2026-01-27 10:33,assistant_response
MSG003187,THR00789,USR0197,ORG058,2026-06-03 17:13,question
MSG000728,THR00199,USR0211,ORG062,2026-02-01 07:33,assistant_response
MSG004818,THR01162,USR0257,ORG077,2026-08-07 11:23,assistant_response
MSG001369,THR00357,USR0175,ORG052,2026-04-23 13:01,question
MSG001753,THR00455,USR0149,ORG046,2026-04-12 17:34,question
MSG001944,THR00499,USR0091,ORG029,2026-05-22 09:23,assistant_response
MSG002729,THR00690,USR0044,ORG016,2026-06-13 20:51,question
MSG005236,THR01252,USR0036,ORG014,2026-08-13 13:08,assistant_response
MSG003766,THR00924,USR0163,ORG048,2026-07-20 09:00,assistant_response
MSG001865,THR00481,USR0069,ORG023,2026-04-16 07:33,question
MSG005201,THR01243,USR0215,ORG063,2026-08-14 19:48,question
MSG004367,THR01061,USR0232,ORG068,2026-07-11 11:19,question
MSG004822,THR01163,USR0126,ORG040,2026-08-18 20:58,assistant_response
MSG004824,THR01163,USR0126,ORG040,2026-08-18 20:59,assistant_response
MSG004058,THR00996,USR0049,ORG017,2026-07-19 17:17,assistant_response
MSG001291,THR00338,USR0191,ORG056,2026-03-22 09:37,question
MSG003229,THR00799,USR0028,ORG011,2026-06-01 18:08,question
MSG003064,THR00763,USR0200,ORG059,2026-06-06 10:55,assistant_response
MSG003221,THR00797,USR0223,ORG065,2026-06-23 18:05,question
MSG005007,THR01195,USR0211,ORG062,2026-08-08 07:29,question
MSG003028,THR00756,USR0059,ORG020,2026-06-22 17:21,assistant_response
MSG001953,THR00502,USR0079,ORG025,2026-05-30 17:38,question
MSG002549,THR00652,USR0174,ORG052,2026-05-30 08:03,question
MSG002870,THR00715,USR0211,ORG062,2026-06-10 21:53,assistant_response
MSG004462,THR01083,USR0155,ORG047,2026-08-03 11:08,assistant_response
MSG000759,THR00207,USR0244,ORG073,2026-02-09 08:59,question
MSG000387,THR00109,USR0161,ORG048,2026-02-07 12:31,question
MSG005233,THR01251,USR0201,ORG059,2026-08-06 10:14,question
MSG003006,THR00749,USR0148,ORG045,2026-06-14 17:19,assistant_response
MSG005345,THR01276,USR0033,ORG013,2026-08-08 10:57,question
MSG003400,THR00832,USR0180,ORG054,2026-06-08 16:16,assistant_response
MSG002892,THR00719,USR0241,ORG072,2026-06-23 18:17,assistant_response
MSG001180,THR00312,USR0053,ORG018,2026-03-29 10:14,assistant_response
MSG003205,THR00792,USR0091,ORG029,2026-06-10 19:11,question
MSG001424,THR00372,USR0038,ORG014,2026-04-11 12:56,assistant_response
MSG004286,THR01041,USR0044,ORG016,2026-07-01 22:14,assistant_response
MSG003303,THR00813,USR0006,ORG003,2026-06-16 21:38,question
MSG004308,THR01048,USR0256,ORG077,2026-07-28 15:47,assistant_response
MSG002029,THR00517,USR0061,ORG020,2026-05-18 07:48,question
MSG001099,THR00293,USR0197,ORG058,2026-03-12 20:20,question
MSG002834,THR00708,USR0132,ORG042,2026-06-29 20:04,assistant_response
MSG004690,THR01135,USR0249,ORG075,2026-08-23 21:18,assistant_response
MSG003621,THR00889,USR0254,ORG076,2026-07-08 09:41,question
MSG000415,THR00115,USR0259,ORG077,2026-02-15 15:54,question
MSG005228,THR01249,USR0146,ORG045,2026-08-07 14:22,assistant_response
MSG003578,THR00882,USR0031,ORG012,2026-07-09 11:11,assistant_response
MSG004323,THR01050,USR0085,ORG028,2026-07-11 23:06,question
MSG002933,THR00731,USR0013,ORG005,2026-06-06 21:46,question
MSG002866,THR00715,USR0211,ORG062,2026-06-10 21:47,assistant_response
MSG004761,THR01147,USR0159,ORG048,2026-08-18 10:46,question
MSG004574,THR01109,USR0051,ORG017,2026-08-05 18:21,assistant_response
MSG004203,THR01024,USR0212,ORG062,2026-07-30 17:45,question
MSG004087,THR01005,USR0147,ORG045,2026-07-21 12:20,question
MSG005184,THR01241,USR0214,ORG063,2026-08-07 21:28,assistant_response
MSG000270,THR00083,USR0128,ORG041,2026-01-31 10:01,assistant_response
MSG000978,THR00266,USR0022,ORG008,2026-03-25 21:34,assistant_response
MSG001091,THR00291,USR0078,ORG025,2026-03-30 20:39,question
MSG002357,THR00600,USR0090,ORG029,2026-05-15 10:50,question
MSG000147,THR00045,USR0123,ORG039,2026-01-10 23:03,question
MSG005347,THR01276,USR0033,ORG013,2026-08-08 10:55,question
MSG004668,THR01130,USR0099,ORG032,2026-08-27 18:29,assistant_response
MSG000900,THR00244,USR0179,ORG054,2026-03-16 10:31,assistant_response
MSG003517,THR00864,USR0021,ORG008,2026-07-05 10:54,question
MSG005298,THR01262,USR0259,ORG077,2026-08-25 17:28,assistant_response
MSG004706,THR01138,USR0079,ORG025,2026-08-04 18:19,assistant_response
MSG000205,THR00060,USR0001,ORG001,2026-01-20 18:21,question
MSG002791,THR00704,USR0198,ORG059,2026-06-08 19:35,question
MSG004137,THR01014,USR0161,ORG048,2026-07-11 19:55,question
MSG004304,THR01046,USR0258,ORG077,2026-07-16 17:59,assistant_response
MSG005359,THR01281,USR0113,ORG036,2026-08-03 15:41,question
MSG005283,THR01260,USR0081,ORG026,2026-08-09 16:42,question
MSG002489,THR00638,USR0026,ORG010,2026-05-18 07:11,question
MSG002170,THR00554,USR0083,ORG027,2026-05-05 08:59,assistant_response
MSG001131,THR00299,USR0242,ORG072,2026-03-31 09:01,question
MSG002434,THR00623,USR0146,ORG045,2026-05-15 11:09,assistant_response
MSG000724,THR00197,USR0119,ORG038,2026-02-03 11:00,assistant_response
MSG003286,THR00810,USR0247,ORG074,2026-06-23 09:23,assistant_response
MSG000776,THR00210,USR0200,ORG059,2026-02-22 17:24,assistant_response
MSG001205,THR00321,USR0253,ORG076,2026-03-25 13:46,question
MSG000795,THR00216,USR0079,ORG025,2026-03-24 19:20,question
MSG001731,THR00451,USR0247,ORG074,2026-04-11 14:00,question
MSG004463,THR01084,USR0009,ORG004,2026-08-23 13:54,question
MSG004806,THR01158,USR0059,ORG020,2026-08-09 08:21,assistant_response
MSG004701,THR01137,USR0210,ORG062,2026-08-04 10:23,question
MSG000202,THR00059,USR0264,ORG079,2026-01-19 14:45,assistant_response
MSG000401,THR00111,USR0025,ORG009,2026-02-02 16:37,question
MSG004504,THR01093,USR0162,ORG048,2026-08-18 09:19,assistant_response
MSG001117,THR00296,USR0028,ORG011,2026-03-26 14:31,question
MSG005083,THR01213,USR0113,ORG036,2026-08-29 15:46,question
MSG000218,THR00062,USR0011,ORG004,2026-01-13 22:05,assistant_response
MSG001367,THR00357,USR0175,ORG052,2026-04-23 12:58,question
MSG002081,THR00528,USR0066,ORG022,2026-05-22 14:06,question
MSG004033,THR00992,USR0051,ORG017,2026-07-26 22:09,question
MSG005027,THR01200,USR0096,ORG031,2026-08-08 11:51,question
MSG003954,THR00971,USR0256,ORG077,2026-07-09 15:52,assistant_response
MSG003783,THR00928,USR0218,ORG064,2026-07-24 20:14,question
MSG004195,THR01023,USR0209,ORG062,2026-07-26 08:24,question
MSG005013,THR01197,USR0014,ORG005,2026-08-15 17:37,question
MSG001452,THR00380,USR0042,ORG015,2026-04-16 10:19,assistant_response
MSG000345,THR00101,USR0136,ORG043,2026-01-21 13:55,question
MSG005149,THR01234,USR0051,ORG017,2026-08-04 09:23,question
MSG003582,THR00882,USR0031,ORG012,2026-07-09 11:19,assistant_response
MSG001088,THR00289,USR0071,ORG023,2026-03-13 11:45,assistant_response
MSG001442,THR00376,USR0136,ORG043,2026-04-22 16:19,assistant_response
MSG003304,THR00813,USR0006,ORG003,2026-06-16 21:38,assistant_response
MSG004263,THR01037,USR0098,ORG031,2026-07-31 15:26,question
MSG002712,THR00686,USR0164,ORG049,2026-06-18 11:22,assistant_response
MSG003886,THR00955,USR0064,ORG021,2026-07-30 13:43,assistant_response
MSG000118,THR00039,USR0159,ORG048,2026-01-06 13:21,assistant_response
MSG004689,THR01135,USR0249,ORG075,2026-08-23 21:18,question
MSG000767,THR00208,USR0017,ORG007,2026-02-06 17:22,question
MSG003843,THR00945,USR0249,ORG075,2026-07-14 17:58,question
MSG003686,THR00907,USR0178,ORG053,2026-07-14 21:49,assistant_response
MSG003199,THR00791,USR0250,ORG076,2026-06-04 21:20,question
MSG000452,THR00122,USR0214,ORG063,2026-02-19 16:53,assistant_response
MSG003052,THR00761,USR0010,ORG004,2026-06-07 17:54,assistant_response
MSG003513,THR00864,USR0021,ORG008,2026-07-05 11:04,question
MSG001889,THR00488,USR0068,ORG022,2026-04-23 12:32,question
MSG000604,THR00163,USR0033,ORG013,2026-02-18 09:05,assistant_response
MSG000419,THR00115,USR0259,ORG077,2026-02-15 15:56,question
MSG002656,THR00678,USR0004,ORG002,2026-06-10 14:13,assistant_response
MSG002365,THR00603,USR0176,ORG053,2026-05-12 12:31,question
MSG004470,THR01085,USR0075,ORG024,2026-08-21 14:37,assistant_response
MSG005165,THR01237,USR0005,ORG002,2026-08-25 16:39,question
MSG000673,THR00185,USR0112,ORG036,2026-02-16 13:56,question
MSG003855,THR00946,USR0097,ORG031,2026-07-26 10:27,question
MSG003329,THR00818,USR0144,ORG044,2026-06-09 15:00,question
MSG005022,THR01198,USR0007,ORG003,2026-08-20 09:55,assistant_response
MSG003164,THR00784,USR0170,ORG050,2026-06-26 17:33,assistant_response
MSG003268,THR00806,USR0093,ORG030,2026-06-15 20:39,assistant_response
MSG000832,THR00227,USR0169,ORG050,2026-03-15 17:37,assistant_response
MSG004872,THR01170,USR0009,ORG004,2026-08-30 11:43,assistant_response
MSG003695,THR00908,USR0033,ORG013,2026-07-01 15:05,question
MSG001854,THR00479,USR0202,ORG060,2026-04-07 21:55,assistant_response
MSG004537,THR01100,USR0025,ORG009,2026-08-01 18:56,question
MSG004245,THR01034,USR0087,ORG029,2026-07-02 19:39,question
MSG000897,THR00244,USR0179,ORG054,2026-03-16 10:28,question
MSG000533,THR00143,USR0055,ORG018,2026-02-11 16:37,question
MSG000433,THR00119,USR0264,ORG079,2026-02-05 17:59,question
MSG004503,THR01093,USR0162,ORG048,2026-08-18 09:19,question
MSG000631,THR00169,USR0127,ORG040,2026-02-15 18:09,question
MSG002685,THR00682,USR0248,ORG075,2026-06-06 22:52,question
MSG001860,THR00480,USR0213,ORG063,2026-04-02 10:55,assistant_response
MSG002903,THR00723,USR0127,ORG040,2026-06-14 19:49,question
MSG004170,THR01019,USR0028,ORG011,2026-07-23 14:16,assistant_response
MSG005054,THR01204,USR0028,ORG011,2026-08-14 18:24,assistant_response
MSG001284,THR00336,USR0128,ORG041,2026-03-04 21:06,assistant_response
MSG002106,THR00536,USR0039,ORG015,2026-05-29 07:54,assistant_response
MSG004858,THR01169,USR0232,ORG068,2026-08-09 14:42,assistant_response
MSG003120,THR00772,USR0160,ORG048,2026-06-01 16:42,assistant_response
MSG002419,THR00618,USR0231,ORG068,2026-05-14 12:15,question
MSG000855,THR00232,USR0108,ORG035,2026-03-15 16:53,question
MSG001395,THR00361,USR0090,ORG029,2026-04-23 18:14,question
MSG000429,THR00117,USR0261,ORG078,2026-02-13 08:02,question
MSG004314,THR01049,USR0145,ORG044,2026-07-29 15:45,assistant_response
MSG000770,THR00208,USR0017,ORG007,2026-02-06 17:25,assistant_response
MSG001578,THR00408,USR0084,ORG027,2026-04-27 15:49,assistant_response
MSG001918,THR00495,USR0262,ORG078,2026-04-26 16:44,assistant_response
MSG003451,THR00849,USR0104,ORG033,2026-06-06 08:24,question
MSG002747,THR00695,USR0157,ORG047,2026-06-06 18:49,question
MSG000054,THR00021,USR0179,ORG054,2026-01-12 11:15,assistant_response
MSG003889,THR00955,USR0064,ORG021,2026-07-30 13:41,question
MSG000247,THR00075,USR0152,ORG046,2026-01-10 21:38,question
MSG002026,THR00516,USR0231,ORG068,2026-05-21 19:27,assistant_response
MSG003224,THR00797,USR0223,ORG065,2026-06-23 18:10,assistant_response
MSG000320,THR00097,USR0083,ORG027,2026-01-11 14:25,assistant_response
MSG005336,THR01274,USR0192,ORG057,2026-08-30 14:12,assistant_response
MSG003406,THR00834,USR0045,ORG016,2026-06-28 11:24,assistant_response
MSG003012,THR00750,USR0067,ORG022,2026-06-20 22:47,assistant_response
MSG002651,THR00676,USR0110,ORG036,2026-06-13 15:27,question
MSG003478,THR00856,USR0073,ORG024,2026-07-16 07:30,assistant_response
MSG000993,THR00269,USR0180,ORG054,2026-03-28 20:10,question
MSG002288,THR00588,USR0129,ORG041,2026-05-23 21:24,assistant_response
MSG003388,THR00829,USR0201,ORG059,2026-06-15 14:46,assistant_response
MSG003524,THR00867,USR0139,ORG043,2026-07-17 21:26,assistant_response
MSG002914,THR00727,USR0265,ORG079,2026-06-25 08:12,assistant_response
MSG004411,THR01072,USR0245,ORG074,2026-08-10 11:12,question
MSG004012,THR00986,USR0188,ORG055,2026-07-12 08:00,assistant_response
MSG003223,THR00797,USR0223,ORG065,2026-06-23 18:10,question
MSG003634,THR00892,USR0013,ORG005,2026-07-15 21:49,assistant_response
MSG000926,THR00250,USR0110,ORG036,2026-03-07 15:49,assistant_response
MSG001978,THR00506,USR0112,ORG036,2026-05-31 22:36,assistant_response
MSG002994,THR00746,USR0219,ORG064,2026-06-27 09:24,assistant_response
MSG003165,THR00785,USR0058,ORG019,2026-06-12 22:29,question
MSG001319,THR00347,USR0249,ORG075,2026-04-12 17:24,question
MSG001150,THR00304,USR0034,ORG013,2026-03-10 20:47,assistant_response
MSG004186,THR01021,USR0131,ORG041,2026-07-10 10:02,assistant_response
MSG002709,THR00686,USR0164,ORG049,2026-06-18 11:20,question
MSG001958,THR00503,USR0155,ORG047,2026-05-16 18:09,assistant_response
MSG002368,THR00604,USR0191,ORG056,2026-05-12 19:17,assistant_response
MSG004482,THR01087,USR0086,ORG028,2026-08-29 11:51,assistant_response
MSG002162,THR00552,USR0170,ORG050,2026-05-24 10:30,assistant_response
MSG003464,THR00852,USR0123,ORG039,2026-06-16 19:07,assistant_response
MSG000502,THR00137,USR0116,ORG037,2026-02-21 14:03,assistant_response
MSG002738,THR00693,USR0221,ORG065,2026-06-11 09:10,assistant_response
MSG001831,THR00474,USR0028,ORG011,2026-04-27 14:54,question
MSG002609,THR00666,USR0107,ORG034,2026-05-21 23:17,question
MSG005343,THR01276,USR0033,ORG013,2026-08-08 11:03,question
MSG002393,THR00614,USR0147,ORG045,2026-05-15 11:55,question
MSG005274,THR01258,USR0090,ORG029,2026-08-14 14:23,assistant_response
MSG000607,THR00164,USR0093,ORG030,2026-02-25 11:49,question
MSG001308,THR00343,USR0141,ORG044,2026-03-09 21:56,assistant_response
MSG003584,THR00883,USR0113,ORG036,2026-07-29 16:38,assistant_response
MSG004169,THR01019,USR0028,ORG011,2026-07-23 14:16,question
MSG003984,THR00979,USR0010,ORG004,2026-07-31 08:35,assistant_response
MSG002390,THR00612,USR0102,ORG033,2026-05-19 12:49,assistant_response
MSG000565,THR00153,USR0189,ORG056,2026-02-20 14:14,question
MSG003937,THR00966,USR0220,ORG064,2026-07-07 10:03,question
MSG004640,THR01124,USR0133,ORG042,2026-08-08 16:47,assistant_response
MSG003854,THR00946,USR0097,ORG031,2026-07-26 10:26,assistant_response
MSG001555,THR00403,USR0260,ORG078,2026-04-13 11:55,question
MSG002510,THR00641,USR0017,ORG007,2026-05-11 09:54,assistant_response
MSG002818,THR00707,USR0181,ORG054,2026-06-12 16:18,assistant_response
MSG001349,THR00354,USR0073,ORG024,2026-04-19 13:53,question
MSG001081,THR00289,USR0071,ORG023,2026-03-13 11:42,question
MSG004022,THR00988,USR0160,ORG048,2026-07-19 10:01,assistant_response
MSG001247,THR00328,USR0150,ORG046,2026-03-09 18:06,question
MSG004300,THR01045,USR0190,ORG056,2026-07-05 08:37,assistant_response
MSG000454,THR00123,USR0243,ORG073,2026-02-09 14:46,assistant_response
MSG004998,THR01192,USR0034,ORG013,2026-08-26 11:09,assistant_response
MSG003216,THR00795,USR0232,ORG068,2026-06-18 16:26,assistant_response
MSG001064,THR00282,USR0155,ORG047,2026-03-06 15:05,assistant_response
MSG004199,THR01023,USR0209,ORG062,2026-07-26 08:29,question
MSG005206,THR01243,USR0215,ORG063,2026-08-14 19:54,assistant_response
MSG004863,THR01169,USR0232,ORG068,2026-08-09 14:57,question
MSG004377,THR01062,USR0029,ORG011,2026-07-24 09:43,question
MSG001511,THR00394,USR0177,ORG053,2026-04-29 20:16,question
MSG002966,THR00738,USR0256,ORG077,2026-06-18 07:40,assistant_response
MSG003745,THR00918,USR0152,ORG046,2026-07-16 17:08,question
MSG000361,THR00104,USR0213,ORG063,2026-02-16 21:13,question
MSG000698,THR00190,USR0190,ORG056,2026-02-11 20:08,assistant_response
MSG004252,THR01035,USR0077,ORG025,2026-07-03 18:22,assistant_response
MSG005101,THR01219,USR0220,ORG064,2026-08-21 14:58,question
MSG002967,THR00738,USR0256,ORG077,2026-06-18 07:48,question
MSG002817,THR00707,USR0181,ORG054,2026-06-12 16:18,question
MSG005267,THR01258,USR0090,ORG029,2026-08-14 14:11,question
MSG005159,THR01237,USR0005,ORG002,2026-08-25 16:18,question
MSG004351,THR01057,USR0127,ORG040,2026-07-25 22:43,question
MSG004652,THR01127,USR0003,ORG002,2026-08-15 17:27,assistant_response
MSG000196,THR00058,USR0235,ORG069,2026-01-03 10:53,assistant_response
MSG003642,THR00895,USR0139,ORG043,2026-07-23 13:50,assistant_response
MSG000120,THR00039,USR0159,ORG048,2026-01-06 13:23,assistant_response
MSG000421,THR00116,USR0202,ORG060,2026-02-12 17:35,question
MSG003558,THR00878,USR0212,ORG062,2026-07-28 13:28,assistant_response
MSG003387,THR00829,USR0201,ORG059,2026-06-15 14:46,question
MSG000498,THR00135,USR0110,ORG036,2026-02-07 16:01,assistant_response
MSG002626,THR00670,USR0098,ORG031,2026-06-07 14:41,assistant_response
MSG002021,THR00515,USR0129,ORG041,2026-05-18 09:40,question
MSG004218,THR01028,USR0103,ORG033,2026-07-21 16:20,assistant_response
MSG003754,THR00920,USR0060,ORG020,2026-07-10 07:29,assistant_response
MSG001223,THR00324,USR0158,ORG047,2026-03-04 13:35,question
MSG003604,THR00887,USR0077,ORG025,2026-07-30 07:30,assistant_response
MSG000193,THR00057,USR0148,ORG045,2026-01-08 16:07,question
MSG002509,THR00641,USR0017,ORG007,2026-05-11 09:54,question
MSG002023,THR00515,USR0129,ORG041,2026-05-18 09:44,question
MSG001283,THR00336,USR0128,ORG041,2026-03-04 21:06,question
MSG003173,THR00786,USR0066,ORG022,2026-06-17 10:25,question
MSG002280,THR00585,USR0207,ORG061,2026-05-19 07:16,assistant_response
MSG000327,THR00098,USR0129,ORG041,2026-01-07 15:13,question
MSG001640,THR00428,USR0037,ORG014,2026-04-16 13:32,assistant_response
MSG001417,THR00369,USR0212,ORG062,2026-04-16 19:29,question
MSG003088,THR00768,USR0098,ORG031,2026-06-11 22:46,assistant_response
MSG005141,THR01231,USR0189,ORG056,2026-08-26 22:20,question
MSG001126,THR00297,USR0256,ORG077,2026-03-21 09:39,assistant_response
MSG001233,THR00326,USR0267,ORG080,2026-03-14 18:34,question
MSG002963,THR00738,USR0256,ORG077,2026-06-18 07:38,question
MSG001701,THR00443,USR0020,ORG008,2026-04-13 15:54,question
MSG004516,THR01096,USR0174,ORG052,2026-08-30 21:14,assistant_response
MSG005346,THR01276,USR0033,ORG013,2026-08-08 10:57,assistant_response
MSG000285,THR00086,USR0038,ORG014,2026-01-15 12:57,question
MSG003738,THR00918,USR0152,ORG046,2026-07-16 16:48,assistant_response
MSG003650,THR00897,USR0188,ORG055,2026-07-15 08:23,assistant_response
MSG001382,THR00359,USR0187,ORG055,2026-04-03 18:54,assistant_response
MSG000161,THR00050,USR0140,ORG043,2026-01-15 11:53,question
MSG002161,THR00552,USR0170,ORG050,2026-05-24 10:30,question
MSG002186,THR00558,USR0094,ORG031,2026-05-20 15:10,assistant_response
MSG000152,THR00046,USR0226,ORG066,2026-01-15 16:49,assistant_response
MSG005358,THR01280,USR0206,ORG061,2026-08-21 17:00,assistant_response
MSG000537,THR00143,USR0055,ORG018,2026-02-11 16:57,question
MSG001165,THR00308,USR0133,ORG042,2026-03-06 18:08,question
MSG001892,THR00488,USR0068,ORG022,2026-04-23 12:35,assistant_response
MSG000020,THR00010,USR0250,ORG076,2026-01-17 16:02,assistant_response
MSG002359,THR00601,USR0005,ORG002,2026-05-01 13:24,question
MSG003209,THR00793,USR0195,ORG057,2026-06-11 22:43,question
MSG002637,THR00675,USR0191,ORG056,2026-06-14 20:52,question
MSG000074,THR00027,USR0030,ORG011,2026-01-12 16:04,assistant_response
MSG003704,THR00911,USR0025,ORG009,2026-07-05 18:18,assistant_response
MSG004715,THR01139,USR0074,ORG024,2026-08-05 20:03,question
MSG002361,THR00601,USR0005,ORG002,2026-05-01 13:27,question
MSG000969,THR00264,USR0087,ORG029,2026-03-25 21:40,question
MSG004238,THR01032,USR0094,ORG031,2026-07-13 19:55,assistant_response
MSG002422,THR00618,USR0231,ORG068,2026-05-14 12:29,assistant_response
MSG001339,THR00351,USR0029,ORG011,2026-04-25 14:40,question
MSG002464,THR00629,USR0268,ORG080,2026-05-27 11:22,assistant_response
MSG000701,THR00191,USR0075,ORG024,2026-02-01 15:41,question
MSG001855,THR00479,USR0202,ORG060,2026-04-07 21:54,question
MSG000509,THR00138,USR0242,ORG072,2026-02-04 11:12,question
MSG004215,THR01027,USR0095,ORG031,2026-07-21 21:54,question
MSG005006,THR01194,USR0151,ORG046,2026-08-28 19:25,assistant_response
MSG004342,THR01055,USR0146,ORG045,2026-07-06 12:47,assistant_response
MSG000192,THR00056,USR0111,ORG036,2026-01-27 11:38,assistant_response
MSG002043,THR00519,USR0045,ORG016,2026-05-10 21:24,question
MSG004518,THR01096,USR0174,ORG052,2026-08-30 21:16,assistant_response
MSG004548,THR01104,USR0137,ORG043,2026-08-29 11:54,assistant_response
MSG000204,THR00060,USR0001,ORG001,2026-01-20 18:15,assistant_response
MSG000808,THR00221,USR0212,ORG062,2026-03-13 09:51,assistant_response
MSG004768,THR01149,USR0093,ORG030,2026-08-31 07:17,assistant_response
MSG003875,THR00952,USR0221,ORG065,2026-07-02 13:06,question
MSG001302,THR00341,USR0026,ORG010,2026-03-06 20:52,assistant_response
MSG001783,THR00463,USR0067,ORG022,2026-04-16 22:07,question
MSG003098,THR00769,USR0051,ORG017,2026-06-27 11:13,assistant_response
MSG005102,THR01219,USR0220,ORG064,2026-08-21 14:58,assistant_response
MSG001728,THR00450,USR0210,ORG062,2026-04-10 12:02,assistant_response
MSG002648,THR00676,USR0110,ORG036,2026-06-13 15:25,assistant_response
MSG002351,THR00599,USR0066,ORG022,2026-05-02 20:42,question
MSG000307,THR00094,USR0265,ORG079,2026-01-12 11:56,question
MSG002750,THR00695,USR0157,ORG047,2026-06-06 18:45,assistant_response
MSG004059,THR00997,USR0244,ORG073,2026-07-14 13:22,question
MSG002490,THR00638,USR0026,ORG010,2026-05-18 07:11,assistant_response
MSG002934,THR00731,USR0013,ORG005,2026-06-06 21:46,assistant_response
MSG001139,THR00301,USR0257,ORG077,2026-03-25 20:33,question
MSG003804,THR00933,USR0238,ORG071,2026-07-08 07:50,assistant_response
MSG003414,THR00837,USR0219,ORG064,2026-06-23 17:16,assistant_response
MSG004622,THR01121,USR0208,ORG061,2026-08-25 13:56,assistant_response
MSG002160,THR00551,USR0186,ORG055,2026-05-20 10:42,assistant_response
MSG000870,THR00236,USR0215,ORG063,2026-03-18 08:57,assistant_response
MSG002465,THR00630,USR0005,ORG002,2026-05-23 22:48,question
MSG004320,THR01050,USR0085,ORG028,2026-07-11 22:55,assistant_response
MSG001580,THR00409,USR0198,ORG059,2026-04-02 12:54,assistant_response
MSG000272,THR00083,USR0128,ORG041,2026-01-31 10:06,assistant_response
MSG002301,THR00592,USR0265,ORG079,2026-05-18 07:46,question
MSG000953,THR00259,USR0231,ORG068,2026-03-20 08:55,question
MSG001318,THR00346,USR0128,ORG041,2026-04-21 07:34,assistant_response
MSG005262,THR01256,USR0237,ORG070,2026-08-19 08:47,assistant_response
MSG002325,THR00596,USR0055,ORG018,2026-05-04 09:45,question
MSG001907,THR00493,USR0032,ORG012,2026-04-23 16:13,question
MSG000876,THR00236,USR0215,ORG063,2026-03-18 09:14,assistant_response
MSG001348,THR00353,USR0184,ORG055,2026-04-30 07:50,assistant_response
MSG002937,THR00732,USR0084,ORG027,2026-06-23 10:05,question
MSG000045,THR00017,USR0167,ORG050,2026-01-06 21:54,question
MSG004583,THR01110,USR0213,ORG063,2026-08-25 07:18,question
MSG004999,THR01192,USR0034,ORG013,2026-08-26 11:18,question
MSG000040,THR00015,USR0236,ORG070,2026-01-30 09:55,assistant_response
MSG005185,THR01241,USR0214,ORG063,2026-08-07 21:31,question
MSG001288,THR00336,USR0128,ORG041,2026-03-04 21:08,assistant_response
MSG003193,THR00789,USR0197,ORG058,2026-06-03 17:25,question
MSG000595,THR00161,USR0158,ORG047,2026-02-24 07:25,question
MSG001524,THR00397,USR0244,ORG073,2026-04-30 15:57,assistant_response
MSG001523,THR00397,USR0244,ORG073,2026-04-30 15:57,question
MSG002691,THR00682,USR0248,ORG075,2026-06-06 22:55,question
MSG000882,THR00238,USR0023,ORG008,2026-03-19 19:48,assistant_response
MSG000298,THR00091,USR0189,ORG056,2026-01-15 11:39,assistant_response
MSG003535,THR00870,USR0049,ORG017,2026-07-20 19:00,question
MSG001466,THR00384,USR0050,ORG017,2026-04-03 18:56,assistant_response
MSG000762,THR00208,USR0017,ORG007,2026-02-06 17:01,assistant_response
MSG004375,THR01062,USR0029,ORG011,2026-07-24 09:36,question
MSG003391,THR00830,USR0267,ORG080,2026-06-11 12:20,question
MSG001322,THR00348,USR0164,ORG049,2026-04-20 14:01,assistant_response
MSG004744,THR01144,USR0167,ORG050,2026-08-03 20:24,assistant_response
MSG005015,THR01198,USR0007,ORG003,2026-08-20 09:37,question
MSG004392,THR01066,USR0068,ORG022,2026-08-12 10:53,assistant_response
MSG000123,THR00039,USR0159,ORG048,2026-01-06 13:27,question
MSG001632,THR00426,USR0115,ORG037,2026-04-24 16:26,assistant_response
MSG003723,THR00916,USR0084,ORG027,2026-07-18 16:07,question
MSG002173,THR00555,USR0133,ORG042,2026-05-30 12:38,question
MSG002643,THR00676,USR0110,ORG036,2026-06-13 15:23,question
MSG002474,THR00633,USR0084,ORG027,2026-05-23 19:53,assistant_response
MSG001203,THR00320,USR0103,ORG033,2026-03-10 16:50,question
MSG001679,THR00439,USR0024,ORG009,2026-04-10 16:29,question
MSG004913,THR01177,USR0108,ORG035,2026-08-01 13:52,question
MSG001037,THR00278,USR0033,ORG013,2026-03-26 19:22,question
MSG002095,THR00533,USR0237,ORG070,2026-05-15 18:49,question
MSG000139,THR00043,USR0085,ORG028,2026-01-24 21:02,question
MSG000686,THR00189,USR0255,ORG077,2026-02-15 10:51,assistant_response
MSG003763,THR00924,USR0163,ORG048,2026-07-20 08:58,question
MSG004721,THR01139,USR0074,ORG024,2026-08-05 20:09,question
MSG003357,THR00823,USR0177,ORG053,2026-06-02 15:56,question
MSG004807,THR01159,USR0248,ORG075,2026-08-01 20:40,question
MSG001532,THR00400,USR0227,ORG066,2026-04-25 17:23,assistant_response
MSG005224,THR01248,USR0251,ORG076,2026-08-01 12:12,assistant_response
MSG003477,THR00856,USR0073,ORG024,2026-07-16 07:30,question
MSG000819,THR00225,USR0254,ORG076,2026-03-20 13:29,question
MSG001759,THR00457,USR0225,ORG065,2026-04-20 15:56,question
MSG001569,THR00407,USR0251,ORG076,2026-04-20 21:20,question
MSG002488,THR00637,USR0140,ORG043,2026-05-23 22:12,assistant_response
MSG000441,THR00120,USR0154,ORG047,2026-02-19 17:44,question
MSG005371,THR01285,USR0163,ORG048,2026-08-28 22:04,question
MSG001306,THR00342,USR0196,ORG058,2026-03-22 20:11,assistant_response
MSG003342,THR00820,USR0121,ORG039,2026-06-16 12:51,assistant_response
MSG005084,THR01213,USR0113,ORG036,2026-08-29 15:46,assistant_response
MSG003061,THR00762,USR0016,ORG006,2026-06-11 19:45,question
MSG002443,THR00624,USR0018,ORG007,2026-05-22 19:15,question
MSG004121,THR01011,USR0187,ORG055,2026-07-22 09:31,question
MSG001828,THR00473,USR0156,ORG047,2026-04-29 13:41,assistant_response
MSG001776,THR00460,USR0086,ORG028,2026-04-04 11:46,assistant_response
MSG001999,THR00509,USR0145,ORG044,2026-05-01 18:34,question
MSG002958,THR00736,USR0159,ORG048,2026-06-24 21:18,assistant_response
MSG000844,THR00229,USR0164,ORG049,2026-03-10 22:36,assistant_response
MSG003253,THR00803,USR0065,ORG021,2026-06-05 07:10,question
MSG000679,THR00186,USR0061,ORG020,2026-02-24 22:58,question
MSG005344,THR01276,USR0033,ORG013,2026-08-08 11:03,assistant_response
MSG002407,THR00617,USR0203,ORG060,2026-05-09 21:49,question
MSG004234,THR01032,USR0094,ORG031,2026-07-13 19:53,assistant_response
MSG003249,THR00802,USR0097,ORG031,2026-06-18 20:21,question
MSG004413,THR01073,USR0268,ORG080,2026-08-14 16:36,question
MSG000422,THR00116,USR0202,ORG060,2026-02-12 17:35,assistant_response
MSG001610,THR00417,USR0153,ORG046,2026-04-22 10:30,assistant_response
MSG001152,THR00304,USR0034,ORG013,2026-03-10 20:50,assistant_response
MSG002939,THR00733,USR0186,ORG055,2026-06-03 19:46,question
MSG002815,THR00707,USR0181,ORG054,2026-06-12 16:15,question
MSG000811,THR00221,USR0212,ORG062,2026-03-13 09:52,question
MSG000709,THR00193,USR0126,ORG040,2026-02-16 17:16,question
MSG001025,THR00277,USR0002,ORG001,2026-03-28 09:58,question
MSG000791,THR00214,USR0096,ORG031,2026-03-22 19:09,question
MSG001639,THR00428,USR0037,ORG014,2026-04-16 13:32,question
MSG003957,THR00972,USR0244,ORG073,2026-07-22 19:31,question
MSG004967,THR01186,USR0116,ORG037,2026-08-23 20:08,question
MSG002031,THR00517,USR0061,ORG020,2026-05-18 07:53,question
MSG003314,THR00815,USR0156,ORG047,2026-06-24 15:03,assistant_response
MSG003053,THR00761,USR0010,ORG004,2026-06-07 17:53,question
MSG005130,THR01227,USR0121,ORG039,2026-08-13 13:24,assistant_response
MSG001206,THR00321,USR0253,ORG076,2026-03-25 13:46,assistant_response
MSG002671,THR00680,USR0080,ORG026,2026-06-05 15:44,question
MSG002259,THR00578,USR0267,ORG080,2026-05-10 08:53,question
MSG002901,THR00722,USR0225,ORG065,2026-06-28 22:44,question
MSG001428,THR00373,USR0039,ORG015,2026-04-18 09:25,assistant_response
MSG000377,THR00108,USR0197,ORG058,2026-02-28 20:15,question
MSG004340,THR01054,USR0058,ORG019,2026-07-28 11:07,assistant_response
MSG003819,THR00937,USR0133,ORG042,2026-07-21 22:56,question
MSG001121,THR00297,USR0256,ORG077,2026-03-21 09:36,question
MSG003639,THR00894,USR0037,ORG014,2026-07-13 17:33,question
MSG000519,THR00141,USR0090,ORG029,2026-02-14 12:59,question
MSG002833,THR00708,USR0132,ORG042,2026-06-29 20:04,question
MSG002981,THR00742,USR0153,ORG046,2026-06-11 09:03,question
MSG003951,THR00971,USR0256,ORG077,2026-07-09 15:48,question
MSG000901,THR00245,USR0035,ORG013,2026-03-10 08:51,question
MSG000568,THR00153,USR0189,ORG056,2026-02-20 14:16,assistant_response
MSG001342,THR00351,USR0029,ORG011,2026-04-25 14:42,assistant_response
MSG000121,THR00039,USR0159,ORG048,2026-01-06 13:25,question
MSG004132,THR01013,USR0129,ORG041,2026-07-16 09:22,assistant_response
MSG004720,THR01139,USR0074,ORG024,2026-08-05 20:07,assistant_response
MSG004181,THR01020,USR0186,ORG055,2026-07-29 10:50,question
MSG003748,THR00919,USR0227,ORG066,2026-07-11 10:46,assistant_response
MSG004020,THR00988,USR0160,ORG048,2026-07-19 09:58,assistant_response
MSG004139,THR01015,USR0074,ORG024,2026-07-04 12:13,question
MSG002097,THR00534,USR0056,ORG018,2026-05-06 09:53,question
MSG002122,THR00540,USR0258,ORG077,2026-05-01 14:58,assistant_response
MSG003521,THR00866,USR0146,ORG045,2026-07-14 22:44,question
MSG002196,THR00561,USR0091,ORG029,2026-05-16 08:56,assistant_response
MSG000122,THR00039,USR0159,ORG048,2026-01-06 13:25,assistant_response
MSG002483,THR00636,USR0094,ORG031,2026-05-05 16:07,question
MSG003607,THR00887,USR0077,ORG025,2026-07-30 07:47,question
MSG004448,THR01079,USR0041,ORG015,2026-08-24 15:57,assistant_response
MSG001043,THR00279,USR0146,ORG045,2026-03-11 11:39,question
MSG005166,THR01237,USR0005,ORG002,2026-08-25 16:39,assistant_response
MSG002138,THR00545,USR0024,ORG009,2026-05-02 17:06,assistant_response
MSG003590,THR00885,USR0251,ORG076,2026-07-28 13:40,assistant_response
MSG000021,THR00011,USR0029,ORG011,2026-01-01 13:19,question
MSG004790,THR01156,USR0051,ORG017,2026-08-11 11:26,assistant_response
MSG005349,THR01277,USR0213,ORG063,2026-08-17 10:52,question
MSG002515,THR00643,USR0129,ORG041,2026-05-27 19:53,question
MSG001983,THR00507,USR0178,ORG053,2026-05-15 14:59,question
MSG001421,THR00371,USR0018,ORG007,2026-04-10 07:20,question
MSG001405,THR00364,USR0114,ORG036,2026-04-21 10:59,question
MSG000481,THR00131,USR0148,ORG045,2026-02-23 13:44,question
MSG003873,THR00951,USR0041,ORG015,2026-07-14 10:04,question
MSG002485,THR00636,USR0094,ORG031,2026-05-05 16:11,question
MSG002586,THR00662,USR0166,ORG050,2026-05-14 17:07,assistant_response
MSG002324,THR00596,USR0055,ORG018,2026-05-04 09:48,assistant_response
MSG003702,THR00910,USR0157,ORG047,2026-07-06 15:21,assistant_response
MSG000732,THR00200,USR0009,ORG004,2026-02-17 20:51,assistant_response
MSG000042,THR00016,USR0208,ORG061,2026-01-23 20:18,assistant_response
MSG001224,THR00324,USR0158,ORG047,2026-03-04 13:35,assistant_response
MSG000737,THR00200,USR0009,ORG004,2026-02-17 21:06,question
MSG004053,THR00995,USR0206,ORG061,2026-07-26 14:45,question
MSG003867,THR00948,USR0186,ORG055,2026-07-05 22:20,question
MSG001847,THR00477,USR0268,ORG080,2026-04-12 10:20,question
MSG002596,THR00664,USR0051,ORG017,2026-05-02 19:42,assistant_response
MSG005129,THR01227,USR0121,ORG039,2026-08-13 13:24,question
MSG005217,THR01247,USR0156,ORG047,2026-08-03 12:06,question
MSG003839,THR00943,USR0155,ORG047,2026-07-09 18:13,question
MSG002816,THR00707,USR0181,ORG054,2026-06-12 16:15,assistant_response
MSG000862,THR00233,USR0210,ORG062,2026-03-22 22:11,assistant_response
MSG000313,THR00095,USR0094,ORG031,2026-01-25 11:27,question
MSG002563,THR00655,USR0194,ORG057,2026-05-12 11:28,question
MSG001993,THR00508,USR0021,ORG008,2026-05-22 17:48,question
MSG000302,THR00091,USR0189,ORG056,2026-01-15 11:47,assistant_response
MSG001695,THR00441,USR0207,ORG061,2026-04-01 14:16,question
MSG004120,THR01011,USR0187,ORG055,2026-07-22 09:29,assistant_response
MSG003259,THR00805,USR0213,ORG063,2026-06-28 22:01,question
MSG002012,THR00512,USR0218,ORG064,2026-05-27 10:19,assistant_response
MSG000413,THR00115,USR0259,ORG077,2026-02-15 15:57,question
MSG001601,THR00415,USR0112,ORG036,2026-04-15 16:43,question
MSG004267,THR01039,USR0097,ORG031,2026-07-14 12:26,question
MSG003434,THR00844,USR0200,ORG059,2026-06-09 11:44,assistant_response
MSG003866,THR00948,USR0186,ORG055,2026-07-05 22:02,assistant_response
MSG003460,THR00851,USR0225,ORG065,2026-06-24 13:08,assistant_response
MSG002025,THR00516,USR0231,ORG068,2026-05-21 19:27,question
MSG000317,THR00097,USR0083,ORG027,2026-01-11 14:22,question
MSG000381,THR00108,USR0197,ORG058,2026-02-28 20:21,question
MSG000740,THR00201,USR0077,ORG025,2026-02-08 13:39,assistant_response
MSG001074,THR00286,USR0228,ORG066,2026-03-01 07:44,assistant_response
MSG001157,THR00305,USR0060,ORG020,2026-03-15 08:19,question
MSG004180,THR01020,USR0186,ORG055,2026-07-29 10:37,assistant_response
MSG000439,THR00120,USR0154,ORG047,2026-02-19 17:36,question
MSG005334,THR01273,USR0003,ORG002,2026-08-02 19:49,assistant_response
MSG002441,THR00624,USR0018,ORG007,2026-05-22 19:16,question
MSG001881,THR00486,USR0263,ORG079,2026-04-10 17:45,question
MSG000455,THR00124,USR0088,ORG029,2026-02-17 19:09,question
MSG004526,THR01097,USR0185,ORG055,2026-08-26 22:56,assistant_response
MSG002374,THR00607,USR0077,ORG025,2026-05-16 07:11,assistant_response
MSG002615,THR00667,USR0213,ORG063,2026-06-27 18:55,question
MSG000095,THR00033,USR0199,ORG059,2026-01-14 17:49,question
MSG005293,THR01261,USR0211,ORG062,2026-08-25 10:23,question
MSG004989,THR01190,USR0225,ORG065,2026-08-25 10:41,question
MSG000340,THR00100,USR0173,ORG052,2026-01-27 08:53,assistant_response
MSG004973,THR01187,USR0050,ORG017,2026-08-01 22:39,question
MSG003602,THR00887,USR0077,ORG025,2026-07-30 07:26,assistant_response
MSG002701,THR00684,USR0223,ORG065,2026-06-14 10:55,question
MSG001067,THR00283,USR0191,ORG056,2026-03-22 12:03,question
MSG003156,THR00781,USR0048,ORG016,2026-06-27 21:06,assistant_response
MSG001549,THR00403,USR0260,ORG078,2026-04-13 11:49,question
MSG003220,THR00796,USR0106,ORG034,2026-06-22 17:22,assistant_response
MSG003306,THR00813,USR0006,ORG003,2026-06-16 21:44,assistant_response
MSG003195,THR00790,USR0176,ORG053,2026-06-18 14:11,question
MSG002975,THR00739,USR0233,ORG068,2026-06-14 21:07,question
MSG001005,THR00273,USR0065,ORG021,2026-03-23 11:15,question
MSG003443,THR00848,USR0047,ORG016,2026-06-12 17:05,question
MSG003817,THR00937,USR0133,ORG042,2026-07-21 22:49,question
MSG005378,THR01287,USR0011,ORG004,2026-08-20 10:19,assistant_response
MSG003824,THR00938,USR0009,ORG004,2026-07-28 15:10,assistant_response
MSG000909,THR00246,USR0176,ORG053,2026-03-21 10:53,question
MSG002673,THR00680,USR0080,ORG026,2026-06-05 15:35,question
MSG000982,THR00267,USR0053,ORG018,2026-03-24 14:23,assistant_response
MSG000765,THR00208,USR0017,ORG007,2026-02-06 17:15,question
MSG005003,THR01193,USR0222,ORG065,2026-08-03 10:43,question
MSG004590,THR01110,USR0213,ORG063,2026-08-25 07:23,assistant_response
MSG005014,THR01197,USR0014,ORG005,2026-08-15 17:37,assistant_response
MSG004364,THR01061,USR0232,ORG068,2026-07-11 11:13,assistant_response
MSG001859,THR00480,USR0213,ORG063,2026-04-02 10:55,question
MSG000535,THR00143,USR0055,ORG018,2026-02-11 16:35,question
MSG003790,THR00929,USR0156,ORG047,2026-07-16 17:12,assistant_response
MSG003041,THR00759,USR0247,ORG074,2026-06-05 22:13,question
MSG000104,THR00036,USR0073,ORG024,2026-01-30 18:25,assistant_response
MSG001567,THR00407,USR0251,ORG076,2026-04-20 21:21,question
MSG002343,THR00598,USR0141,ORG044,2026-05-16 13:08,question
MSG004068,THR00998,USR0154,ORG047,2026-07-14 17:12,assistant_response
MSG004154,THR01016,USR0029,ORG011,2026-07-16 18:52,assistant_response
MSG002899,THR00721,USR0114,ORG036,2026-06-24 13:48,question
MSG002532,THR00646,USR0166,ORG050,2026-05-06 08:59,assistant_response
MSG004705,THR01138,USR0079,ORG025,2026-08-04 18:19,question
MSG000627,THR00167,USR0202,ORG060,2026-02-17 11:58,question
MSG004307,THR01048,USR0256,ORG077,2026-07-28 15:47,question
MSG004244,THR01033,USR0118,ORG038,2026-07-30 09:29,assistant_response
MSG002576,THR00660,USR0187,ORG055,2026-05-25 14:20,assistant_response
MSG004615,THR01118,USR0156,ORG047,2026-08-24 17:58,question
MSG003589,THR00885,USR0251,ORG076,2026-07-28 13:40,question
MSG005314,THR01268,USR0083,ORG027,2026-08-06 07:38,assistant_response
MSG003916,THR00962,USR0117,ORG038,2026-07-14 11:03,assistant_response
MSG000382,THR00108,USR0197,ORG058,2026-02-28 20:21,assistant_response
MSG000835,THR00228,USR0070,ORG023,2026-03-10 17:42,question
MSG004875,THR01170,USR0009,ORG004,2026-08-30 12:05,question
MSG004726,THR01140,USR0251,ORG076,2026-08-01 10:35,assistant_response
MSG003710,THR00912,USR0083,ORG027,2026-07-23 16:17,assistant_response
MSG003690,THR00908,USR0033,ORG013,2026-07-01 14:56,assistant_response
MSG001066,THR00282,USR0155,ORG047,2026-03-06 15:06,assistant_response
MSG002570,THR00657,USR0240,ORG071,2026-05-09 12:07,assistant_response
MSG003122,THR00772,USR0160,ORG048,2026-06-01 16:44,assistant_response
MSG003454,THR00849,USR0104,ORG033,2026-06-06 08:30,assistant_response
MSG001606,THR00416,USR0053,ORG018,2026-04-01 18:35,assistant_response
MSG003213,THR00795,USR0232,ORG068,2026-06-18 16:24,question
MSG002364,THR00602,USR0133,ORG042,2026-05-06 15:15,assistant_response
MSG002587,THR00663,USR0035,ORG013,2026-05-02 11:11,question
MSG000485,THR00132,USR0179,ORG054,2026-02-18 15:18,question
MSG002066,THR00525,USR0083,ORG027,2026-05-06 14:40,assistant_response
MSG000518,THR00140,USR0046,ORG016,2026-02-21 14:35,assistant_response
MSG003282,THR00810,USR0247,ORG074,2026-06-23 09:09,assistant_response
MSG002909,THR00725,USR0020,ORG008,2026-06-17 10:28,question
MSG000408,THR00114,USR0206,ORG061,2026-02-02 13:23,assistant_response
MSG000947,THR00257,USR0217,ORG064,2026-03-06 22:40,question
MSG003699,THR00910,USR0157,ORG047,2026-07-06 15:14,question
MSG004530,THR01097,USR0185,ORG055,2026-08-26 23:00,assistant_response
MSG002119,THR00540,USR0258,ORG077,2026-05-01 15:00,question
MSG001304,THR00341,USR0026,ORG010,2026-03-06 20:53,assistant_response
MSG001652,THR00432,USR0250,ORG076,2026-04-11 12:24,assistant_response
MSG000712,THR00193,USR0126,ORG040,2026-02-16 17:22,assistant_response
MSG002983,THR00743,USR0083,ORG027,2026-06-22 16:39,question
MSG001600,THR00414,USR0141,ORG044,2026-04-14 19:54,assistant_response
MSG002607,THR00666,USR0107,ORG034,2026-05-21 23:13,question
MSG000528,THR00142,USR0096,ORG031,2026-02-24 16:56,assistant_response
MSG001758,THR00456,USR0024,ORG009,2026-04-01 11:45,assistant_response
MSG002367,THR00604,USR0191,ORG056,2026-05-12 19:17,question
MSG003283,THR00810,USR0247,ORG074,2026-06-23 09:16,question
MSG000212,THR00061,USR0044,ORG016,2026-01-17 18:18,assistant_response
MSG003394,THR00830,USR0267,ORG080,2026-06-11 12:21,assistant_response
MSG001612,THR00418,USR0167,ORG050,2026-04-28 15:16,assistant_response
MSG005204,THR01243,USR0215,ORG063,2026-08-14 19:51,assistant_response
MSG003685,THR00907,USR0178,ORG053,2026-07-14 21:49,question
MSG000790,THR00214,USR0096,ORG031,2026-03-22 19:12,assistant_response
MSG005318,THR01270,USR0006,ORG003,2026-08-22 15:09,assistant_response
MSG002277,THR00584,USR0179,ORG054,2026-05-12 15:18,question
MSG000991,THR00268,USR0045,ORG016,2026-03-15 11:01,question
MSG003864,THR00948,USR0186,ORG055,2026-07-05 22:02,assistant_response
MSG002344,THR00598,USR0141,ORG044,2026-05-16 13:08,assistant_response
MSG000699,THR00191,USR0075,ORG024,2026-02-01 15:35,question
MSG001373,THR00358,USR0012,ORG004,2026-04-05 11:49,question
MSG001301,THR00341,USR0026,ORG010,2026-03-06 20:52,question
MSG002458,THR00626,USR0234,ORG069,2026-05-21 20:36,assistant_response
MSG003887,THR00955,USR0064,ORG021,2026-07-30 13:40,question
MSG003359,THR00823,USR0177,ORG053,2026-06-02 16:00,question
MSG002126,THR00540,USR0258,ORG077,2026-05-01 15:14,assistant_response
MSG004624,THR01122,USR0172,ORG051,2026-08-13 11:33,assistant_response
MSG003444,THR00848,USR0047,ORG016,2026-06-12 17:05,assistant_response
MSG001534,THR00401,USR0046,ORG016,2026-04-07 21:13,assistant_response
MSG003238,THR00800,USR0202,ORG060,2026-06-21 17:45,assistant_response
MSG004725,THR01140,USR0251,ORG076,2026-08-01 10:35,question
MSG000108,THR00036,USR0073,ORG024,2026-01-30 18:25,assistant_response
MSG000064,THR00023,USR0253,ORG076,2026-01-15 21:55,assistant_response
MSG003671,THR00902,USR0150,ORG046,2026-07-15 18:58,question
MSG003632,THR00891,USR0009,ORG004,2026-07-16 16:22,assistant_response
MSG005115,THR01223,USR0034,ORG013,2026-08-06 19:54,question
MSG000990,THR00268,USR0045,ORG016,2026-03-15 10:56,assistant_response
MSG005167,THR01237,USR0005,ORG002,2026-08-25 16:38,question
MSG001699,THR00443,USR0020,ORG008,2026-04-13 15:49,question
MSG004446,THR01079,USR0041,ORG015,2026-08-24 16:00,assistant_response
MSG003435,THR00845,USR0002,ORG001,2026-06-17 22:30,question
MSG004639,THR01124,USR0133,ORG042,2026-08-08 16:47,question
MSG004549,THR01104,USR0137,ORG043,2026-08-29 11:59,question
MSG002698,THR00683,USR0154,ORG047,2026-06-02 19:08,assistant_response
MSG003603,THR00887,USR0077,ORG025,2026-07-30 07:30,question
MSG001097,THR00292,USR0045,ORG016,2026-03-29 10:14,question
MSG004303,THR01046,USR0258,ORG077,2026-07-16 17:59,question
MSG002079,THR00527,USR0035,ORG013,2026-05-09 10:18,question
MSG000918,THR00248,USR0208,ORG061,2026-03-21 12:15,assistant_response
MSG004990,THR01190,USR0225,ORG065,2026-08-25 10:41,assistant_response
MSG001535,THR00401,USR0046,ORG016,2026-04-07 21:19,question
MSG000032,THR00013,USR0090,ORG029,2026-01-05 19:34,assistant_response
MSG001622,THR00422,USR0019,ORG007,2026-04-19 13:21,assistant_response
MSG003938,THR00966,USR0220,ORG064,2026-07-07 10:03,assistant_response
MSG004146,THR01015,USR0074,ORG024,2026-07-04 12:34,assistant_response
MSG002883,THR00718,USR0014,ORG005,2026-06-12 09:58,question
MSG002642,THR00675,USR0191,ORG056,2026-06-14 21:02,assistant_response
MSG003361,THR00824,USR0244,ORG073,2026-06-10 22:47,question
MSG001692,THR00440,USR0173,ORG052,2026-04-14 11:29,assistant_response
MSG001901,THR00491,USR0055,ORG018,2026-04-01 19:09,question
MSG003252,THR00803,USR0065,ORG021,2026-06-05 07:04,assistant_response
MSG001437,THR00375,USR0106,ORG034,2026-04-07 20:44,question
MSG000510,THR00138,USR0242,ORG072,2026-02-04 11:12,assistant_response
MSG005190,THR01241,USR0214,ORG063,2026-08-07 21:43,assistant_response
MSG003508,THR00863,USR0087,ORG029,2026-07-23 18:35,assistant_response
MSG000802,THR00219,USR0263,ORG079,2026-03-14 10:01,assistant_response
MSG004473,THR01085,USR0075,ORG024,2026-08-21 14:31,question
MSG004480,THR01087,USR0086,ORG028,2026-08-29 11:47,assistant_response
MSG004736,THR01142,USR0173,ORG052,2026-08-26 19:51,assistant_response
MSG004661,THR01129,USR0072,ORG024,2026-08-23 19:33,question
MSG003183,THR00787,USR0037,ORG014,2026-06-26 16:38,question
MSG005064,THR01207,USR0084,ORG027,2026-08-04 21:56,assistant_response
MSG000868,THR00236,USR0215,ORG063,2026-03-18 08:50,assistant_response
MSG001723,THR00449,USR0103,ORG033,2026-04-25 15:53,question
MSG003489,THR00858,USR0050,ORG017,2026-07-15 12:53,question
MSG001188,THR00314,USR0092,ORG030,2026-03-30 08:41,assistant_response
MSG002735,THR00693,USR0221,ORG065,2026-06-11 09:07,question
MSG000134,THR00042,USR0193,ORG057,2026-01-05 12:11,assistant_response
MSG003301,THR00813,USR0006,ORG003,2026-06-16 21:38,question
MSG002381,THR00610,USR0131,ORG041,2026-05-16 10:28,question
MSG002062,THR00524,USR0177,ORG053,2026-05-07 20:59,assistant_response
MSG005038,THR01201,USR0160,ORG048,2026-08-19 20:52,assistant_response
MSG002595,THR00664,USR0051,ORG017,2026-05-02 19:42,question
MSG000409,THR00114,USR0206,ORG061,2026-02-02 13:27,question
MSG002232,THR00569,USR0219,ORG064,2026-05-21 15:31,assistant_response
MSG002556,THR00655,USR0194,ORG057,2026-05-12 11:16,assistant_response
MSG003080,THR00765,USR0122,ORG039,2026-06-12 21:57,assistant_response
MSG003072,THR00765,USR0122,ORG039,2026-06-12 21:53,assistant_response
MSG002034,THR00518,USR0024,ORG009,2026-05-23 09:22,assistant_response
MSG000425,THR00116,USR0202,ORG060,2026-02-12 17:39,question
MSG001685,THR00440,USR0173,ORG052,2026-04-14 11:24,question
MSG002525,THR00646,USR0166,ORG050,2026-05-06 08:47,question
MSG000068,THR00024,USR0166,ORG050,2026-01-28 17:09,assistant_response
MSG002661,THR00678,USR0004,ORG002,2026-06-10 14:31,question
MSG004159,THR01017,USR0127,ORG040,2026-07-31 15:56,question
MSG000426,THR00116,USR0202,ORG060,2026-02-12 17:39,assistant_response
MSG004233,THR01032,USR0094,ORG031,2026-07-13 19:53,question
MSG003302,THR00813,USR0006,ORG003,2026-06-16 21:38,assistant_response
MSG004774,THR01149,USR0093,ORG030,2026-08-31 07:38,assistant_response
MSG000407,THR00114,USR0206,ORG061,2026-02-02 13:23,question
MSG004111,THR01009,USR0091,ORG029,2026-07-21 08:47,question
MSG002542,THR00650,USR0125,ORG040,2026-05-01 08:37,assistant_response
MSG004760,THR01147,USR0159,ORG048,2026-08-18 10:41,assistant_response
MSG005039,THR01202,USR0075,ORG024,2026-08-05 22:19,question
MSG002598,THR00664,USR0051,ORG017,2026-05-02 19:48,assistant_response
MSG001792,THR00464,USR0161,ORG048,2026-04-01 14:42,assistant_response
MSG002787,THR00703,USR0185,ORG055,2026-06-28 10:01,question
MSG002821,THR00707,USR0181,ORG054,2026-06-12 16:18,question
MSG002702,THR00684,USR0223,ORG065,2026-06-14 10:55,assistant_response
MSG003462,THR00852,USR0123,ORG039,2026-06-16 19:04,assistant_response
MSG001168,THR00308,USR0133,ORG042,2026-03-06 18:11,assistant_response
MSG001563,THR00407,USR0251,ORG076,2026-04-20 21:11,question
MSG001786,THR00463,USR0067,ORG022,2026-04-16 22:08,assistant_response
MSG002224,THR00568,USR0106,ORG034,2026-05-23 17:26,assistant_response
MSG005125,THR01226,USR0019,ORG007,2026-08-07 14:57,question
MSG002437,THR00624,USR0018,ORG007,2026-05-22 18:59,question
MSG002265,THR00580,USR0262,ORG078,2026-05-17 14:39,question
MSG000725,THR00198,USR0192,ORG057,2026-02-02 22:42,question
MSG001529,THR00400,USR0227,ORG066,2026-04-25 17:17,question
MSG001755,THR00456,USR0024,ORG009,2026-04-01 11:42,question
MSG004551,THR01104,USR0137,ORG043,2026-08-29 12:06,question
MSG000721,THR00196,USR0039,ORG015,2026-02-27 08:48,question
MSG000465,THR00127,USR0242,ORG072,2026-02-28 08:45,question
MSG001376,THR00359,USR0187,ORG055,2026-04-03 18:45,assistant_response
MSG003134,THR00774,USR0081,ORG026,2026-06-09 10:02,assistant_response
MSG002143,THR00546,USR0141,ORG044,2026-05-27 15:41,question
MSG001745,THR00454,USR0136,ORG043,2026-04-15 08:06,question
MSG002222,THR00567,USR0004,ORG002,2026-05-19 10:33,assistant_response
MSG003393,THR00830,USR0267,ORG080,2026-06-11 12:21,question
MSG004444,THR01079,USR0041,ORG015,2026-08-24 15:55,assistant_response
MSG001441,THR00376,USR0136,ORG043,2026-04-22 16:19,question
MSG001681,THR00439,USR0024,ORG009,2026-04-10 16:34,question
MSG004434,THR01078,USR0231,ORG068,2026-08-20 15:21,assistant_response
MSG001868,THR00481,USR0069,ORG023,2026-04-16 07:37,assistant_response
MSG002658,THR00678,USR0004,ORG002,2026-06-10 14:20,assistant_response
MSG002045,THR00520,USR0016,ORG006,2026-05-16 12:34,question
MSG004651,THR01127,USR0003,ORG002,2026-08-15 17:27,question
MSG000511,THR00138,USR0242,ORG072,2026-02-04 11:16,question
MSG004415,THR01074,USR0024,ORG009,2026-08-17 10:32,question
MSG003355,THR00823,USR0177,ORG053,2026-06-02 15:50,question
MSG004086,THR01005,USR0147,ORG045,2026-07-21 12:16,assistant_response
MSG004919,THR01178,USR0143,ORG044,2026-08-19 22:16,question
MSG003782,THR00928,USR0218,ORG064,2026-07-24 20:12,assistant_response
MSG001237,THR00326,USR0267,ORG080,2026-03-14 18:44,question
MSG000067,THR00024,USR0166,ORG050,2026-01-28 17:09,question
MSG005218,THR01247,USR0156,ORG047,2026-08-03 12:06,assistant_response
MSG003334,THR00818,USR0144,ORG044,2026-06-09 15:10,assistant_response
MSG001517,THR00396,USR0206,ORG061,2026-04-02 19:58,question
MSG003784,THR00928,USR0218,ORG064,2026-07-24 20:14,assistant_response
MSG005227,THR01249,USR0146,ORG045,2026-08-07 14:22,question
MSG002784,THR00702,USR0139,ORG043,2026-06-02 21:50,assistant_response
MSG004775,THR01150,USR0228,ORG066,2026-08-03 17:25,question
MSG000860,THR00233,USR0210,ORG062,2026-03-22 22:08,assistant_response
MSG001426,THR00373,USR0039,ORG015,2026-04-18 09:21,assistant_response
MSG000886,THR00240,USR0266,ORG079,2026-03-18 14:28,assistant_response
MSG005258,THR01255,USR0127,ORG040,2026-08-17 17:58,assistant_response
MSG002462,THR00628,USR0188,ORG055,2026-05-14 15:09,assistant_response
MSG000681,THR00187,USR0105,ORG034,2026-02-13 14:35,question
MSG003871,THR00950,USR0073,ORG024,2026-07-23 14:19,question
MSG002237,THR00571,USR0248,ORG075,2026-05-06 18:38,question
MSG002853,THR00713,USR0070,ORG023,2026-06-14 12:01,question
MSG001722,THR00448,USR0061,ORG020,2026-04-10 10:50,assistant_response
MSG000769,THR00208,USR0017,ORG007,2026-02-06 17:25,question
MSG003055,THR00761,USR0010,ORG004,2026-06-07 17:57,question
MSG005245,THR01253,USR0244,ORG073,2026-08-06 16:37,question
MSG000150,THR00045,USR0123,ORG039,2026-01-10 23:07,assistant_response
MSG000400,THR00111,USR0025,ORG009,2026-02-02 16:31,assistant_response
MSG003796,THR00930,USR0210,ORG062,2026-07-21 15:26,assistant_response
MSG002618,THR00667,USR0213,ORG063,2026-06-27 18:56,assistant_response
MSG001841,THR00477,USR0268,ORG080,2026-04-12 10:02,question
MSG002599,THR00665,USR0132,ORG042,2026-05-02 18:14,question
MSG000515,THR00140,USR0046,ORG016,2026-02-21 14:34,question
MSG004275,THR01040,USR0231,ORG068,2026-07-30 14:23,question
MSG003410,THR00835,USR0095,ORG031,2026-06-29 10:44,assistant_response
MSG001846,THR00477,USR0268,ORG080,2026-04-12 10:16,assistant_response
MSG000016,THR00008,USR0249,ORG075,2026-01-20 21:26,assistant_response
MSG002959,THR00736,USR0159,ORG048,2026-06-24 21:20,question
MSG002133,THR00543,USR0250,ORG076,2026-05-08 09:16,question
MSG003946,THR00968,USR0044,ORG016,2026-07-04 11:25,assistant_response
MSG001665,THR00436,USR0008,ORG004,2026-04-29 17:48,question
MSG005170,THR01238,USR0007,ORG003,2026-08-16 11:55,assistant_response
MSG003245,THR00802,USR0097,ORG031,2026-06-18 19:57,question
MSG000466,THR00127,USR0242,ORG072,2026-02-28 08:45,assistant_response
MSG003785,THR00929,USR0156,ORG047,2026-07-16 17:04,question
MSG003541,THR00872,USR0077,ORG025,2026-07-22 22:31,question
MSG002046,THR00520,USR0016,ORG006,2026-05-16 12:34,assistant_response
MSG004194,THR01023,USR0209,ORG062,2026-07-26 08:17,assistant_response
MSG001879,THR00485,USR0151,ORG046,2026-04-15 11:08,question
MSG004734,THR01142,USR0173,ORG052,2026-08-26 19:34,assistant_response
MSG000617,THR00166,USR0069,ORG023,2026-02-21 18:07,question
MSG000059,THR00023,USR0253,ORG076,2026-01-15 21:43,question
MSG001297,THR00339,USR0012,ORG004,2026-03-03 13:59,question
MSG003003,THR00749,USR0148,ORG045,2026-06-14 17:16,question
MSG003018,THR00752,USR0001,ORG001,2026-06-04 07:35,assistant_response
MSG003381,THR00828,USR0140,ORG043,2026-06-11 15:17,question
MSG003043,THR00760,USR0029,ORG011,2026-06-27 16:36,question
MSG003008,THR00750,USR0067,ORG022,2026-06-20 22:33,assistant_response
MSG003374,THR00825,USR0200,ORG059,2026-06-16 15:10,assistant_response
MSG002721,THR00689,USR0173,ORG052,2026-06-03 22:36,question
MSG001327,THR00348,USR0164,ORG049,2026-04-20 14:22,question
MSG000593,THR00160,USR0263,ORG079,2026-02-14 21:36,question
MSG002526,THR00646,USR0166,ORG050,2026-05-06 08:47,assistant_response
MSG002370,THR00605,USR0068,ORG022,2026-05-19 14:52,assistant_response
MSG002736,THR00693,USR0221,ORG065,2026-06-11 09:07,assistant_response
MSG004492,THR01090,USR0222,ORG065,2026-08-14 22:52,assistant_response
MSG005299,THR01263,USR0260,ORG078,2026-08-02 21:01,question
MSG003822,THR00937,USR0133,ORG042,2026-07-21 22:59,assistant_response
MSG004867,THR01170,USR0009,ORG004,2026-08-30 11:41,question
MSG003661,THR00899,USR0108,ORG035,2026-07-25 14:20,question
MSG003208,THR00793,USR0195,ORG057,2026-06-11 22:41,assistant_response
MSG003933,THR00966,USR0220,ORG064,2026-07-07 09:57,question
MSG000041,THR00016,USR0208,ORG061,2026-01-23 20:18,question
MSG004922,THR01179,USR0090,ORG029,2026-08-03 11:47,assistant_response
MSG001594,THR00413,USR0005,ORG002,2026-04-08 15:38,assistant_response
MSG002337,THR00598,USR0141,ORG044,2026-05-16 12:52,question
MSG002839,THR00711,USR0219,ORG064,2026-06-10 17:28,question
MSG003739,THR00918,USR0152,ORG046,2026-07-16 16:54,question
MSG001453,THR00380,USR0042,ORG015,2026-04-16 10:23,question
MSG001790,THR00463,USR0067,ORG022,2026-04-16 22:16,assistant_response
MSG004268,THR01039,USR0097,ORG031,2026-07-14 12:26,assistant_response
MSG005260,THR01255,USR0127,ORG040,2026-08-17 18:02,assistant_response
MSG003211,THR00794,USR0072,ORG024,2026-06-29 07:48,question
MSG005242,THR01252,USR0036,ORG014,2026-08-13 13:26,assistant_response
MSG002194,THR00560,USR0104,ORG033,2026-05-17 20:52,assistant_response
MSG001948,THR00500,USR0220,ORG064,2026-05-09 15:08,assistant_response
MSG001973,THR00505,USR0207,ORG061,2026-05-03 18:26,question
MSG005239,THR01252,USR0036,ORG014,2026-08-13 13:22,question
MSG001431,THR00374,USR0016,ORG006,2026-04-14 12:39,question
MSG000814,THR00222,USR0195,ORG057,2026-03-06 11:17,assistant_response
MSG000674,THR00185,USR0112,ORG036,2026-02-16 13:56,assistant_response
MSG001217,THR00323,USR0005,ORG002,2026-03-31 17:07,question
MSG005010,THR01196,USR0220,ORG064,2026-08-29 10:21,assistant_response
MSG001401,THR00363,USR0201,ORG059,2026-04-28 08:11,question
MSG001756,THR00456,USR0024,ORG009,2026-04-01 11:42,assistant_response
MSG003694,THR00908,USR0033,ORG013,2026-07-01 15:08,assistant_response
MSG003666,THR00901,USR0177,ORG053,2026-07-15 22:32,assistant_response
MSG004859,THR01169,USR0232,ORG068,2026-08-09 14:44,question
MSG000221,THR00064,USR0054,ORG018,2026-01-25 17:08,question
MSG003402,THR00833,USR0048,ORG016,2026-06-02 13:38,assistant_response
MSG004153,THR01016,USR0029,ORG011,2026-07-16 18:52,question
MSG001063,THR00282,USR0155,ORG047,2026-03-06 15:05,question
MSG003659,THR00898,USR0035,ORG013,2026-07-18 13:24,question
MSG002743,THR00695,USR0157,ORG047,2026-06-06 18:39,question
MSG000877,THR00237,USR0044,ORG016,2026-03-04 14:42,question
MSG002150,THR00548,USR0265,ORG079,2026-05-13 18:59,assistant_response
MSG004846,THR01166,USR0024,ORG009,2026-08-06 09:19,assistant_response
MSG003569,THR00880,USR0192,ORG057,2026-07-05 21:46,question
MSG004788,THR01155,USR0167,ORG050,2026-08-06 07:45,assistant_response
MSG002918,THR00729,USR0028,ORG011,2026-06-23 11:29,assistant_response
MSG003579,THR00882,USR0031,ORG012,2026-07-09 11:28,question
MSG001222,THR00324,USR0158,ORG047,2026-03-04 13:37,assistant_response
MSG004514,THR01096,USR0174,ORG052,2026-08-30 21:08,assistant_response
MSG001660,THR00434,USR0046,ORG016,2026-04-05 20:40,assistant_response
MSG001122,THR00297,USR0256,ORG077,2026-03-21 09:36,assistant_response
MSG000284,THR00085,USR0110,ORG036,2026-01-20 16:50,assistant_response
MSG000581,THR00156,USR0042,ORG015,2026-02-17 21:33,question
MSG005181,THR01240,USR0240,ORG071,2026-08-24 21:33,question
MSG000722,THR00196,USR0039,ORG015,2026-02-27 08:48,assistant_response
MSG002604,THR00666,USR0107,ORG034,2026-05-21 22:59,assistant_response
MSG001033,THR00278,USR0033,ORG013,2026-03-26 19:15,question
MSG001106,THR00294,USR0044,ORG016,2026-03-08 16:49,assistant_response
MSG001733,THR00452,USR0057,ORG019,2026-04-27 22:09,question
MSG002801,THR00705,USR0046,ORG016,2026-06-06 13:38,question
MSG003108,THR00770,USR0268,ORG080,2026-06-04 07:29,assistant_response
MSG000094,THR00033,USR0199,ORG059,2026-01-14 17:43,assistant_response
MSG004616,THR01118,USR0156,ORG047,2026-08-24 17:58,assistant_response
MSG000867,THR00236,USR0215,ORG063,2026-03-18 08:50,question
MSG000222,THR00064,USR0054,ORG018,2026-01-25 17:08,assistant_response
MSG003876,THR00952,USR0221,ORG065,2026-07-02 13:06,assistant_response
MSG001940,THR00499,USR0091,ORG029,2026-05-22 09:16,assistant_response
MSG001762,THR00457,USR0225,ORG065,2026-04-20 16:03,assistant_response
MSG003235,THR00799,USR0028,ORG011,2026-06-01 18:31,question
MSG004763,THR01148,USR0028,ORG011,2026-08-31 13:48,question
MSG003312,THR00814,USR0151,ORG046,2026-06-10 12:08,assistant_response
MSG003836,THR00942,USR0086,ORG028,2026-07-18 17:55,assistant_response
MSG000256,THR00077,USR0223,ORG065,2026-01-09 08:04,assistant_response
MSG004704,THR01137,USR0210,ORG062,2026-08-04 10:28,assistant_response
MSG004290,THR01042,USR0197,ORG058,2026-07-23 20:47,assistant_response
MSG004860,THR01169,USR0232,ORG068,2026-08-09 14:44,assistant_response
MSG004385,THR01064,USR0084,ORG027,2026-07-13 19:18,question
MSG002328,THR00596,USR0055,ORG018,2026-05-04 10:04,assistant_response
MSG001312,THR00345,USR0246,ORG074,2026-03-02 09:17,assistant_response
MSG000875,THR00236,USR0215,ORG063,2026-03-18 09:14,question
MSG005020,THR01198,USR0007,ORG003,2026-08-20 09:41,assistant_response
MSG000597,THR00162,USR0112,ORG036,2026-02-19 09:02,question
MSG001925,THR00496,USR0161,ORG048,2026-05-31 08:14,question
MSG004130,THR01013,USR0129,ORG041,2026-07-16 09:15,assistant_response
MSG002233,THR00570,USR0142,ORG044,2026-05-22 19:48,question
MSG000157,THR00048,USR0071,ORG023,2026-01-28 15:06,question
MSG001862,THR00480,USR0213,ORG063,2026-04-02 10:59,assistant_response
MSG004322,THR01050,USR0085,ORG028,2026-07-11 23:00,assistant_response
MSG005158,THR01236,USR0141,ORG044,2026-08-07 12:00,assistant_response
MSG001951,THR00501,USR0131,ORG041,2026-05-01 17:30,question
MSG004089,THR01005,USR0147,ORG045,2026-07-21 12:20,question
MSG002877,THR00717,USR0137,ORG043,2026-06-20 14:38,question
MSG000871,THR00236,USR0215,ORG063,2026-03-18 09:00,question
MSG001992,THR00508,USR0021,ORG008,2026-05-22 17:39,assistant_response
MSG005253,THR01254,USR0235,ORG069,2026-08-09 13:12,question
MSG001403,THR00363,USR0201,ORG059,2026-04-28 08:16,question
MSG001300,THR00340,USR0048,ORG016,2026-03-29 17:07,assistant_response
MSG000265,THR00081,USR0231,ORG068,2026-01-31 18:23,question
MSG001347,THR00353,USR0184,ORG055,2026-04-30 07:50,question
MSG001645,THR00431,USR0235,ORG069,2026-04-05 17:55,question
MSG000818,THR00224,USR0248,ORG075,2026-03-26 09:23,assistant_response
MSG001775,THR00460,USR0086,ORG028,2026-04-04 11:46,question
MSG004438,THR01078,USR0231,ORG068,2026-08-20 15:25,assistant_response
MSG004558,THR01105,USR0054,ORG018,2026-08-23 09:13,assistant_response
MSG003779,THR00928,USR0218,ORG064,2026-07-24 20:09,question
MSG003758,THR00921,USR0183,ORG054,2026-07-03 17:08,assistant_response
MSG004196,THR01023,USR0209,ORG062,2026-07-26 08:24,assistant_response
MSG002998,THR00748,USR0030,ORG011,2026-06-04 09:30,assistant_response
MSG005053,THR01204,USR0028,ORG011,2026-08-14 18:24,question
MSG000352,THR00102,USR0255,ORG077,2026-02-21 16:55,assistant_response
MSG000447,THR00122,USR0214,ORG063,2026-02-19 16:56,question
MSG001905,THR00492,USR0103,ORG033,2026-04-09 12:25,question
MSG003352,THR00822,USR0197,ORG058,2026-06-08 21:51,assistant_response
MSG003687,THR00908,USR0033,ORG013,2026-07-01 14:53,question
MSG004312,THR01049,USR0145,ORG044,2026-07-29 15:44,assistant_response
MSG002632,THR00672,USR0235,ORG069,2026-06-23 20:56,assistant_response
MSG001919,THR00495,USR0262,ORG078,2026-04-26 16:48,question
MSG001909,THR00493,USR0032,ORG012,2026-04-23 16:16,question
MSG001430,THR00374,USR0016,ORG006,2026-04-14 12:38,assistant_response
MSG004065,THR00997,USR0244,ORG073,2026-07-14 13:37,question
MSG002741,THR00694,USR0179,ORG054,2026-06-07 17:29,question
MSG001894,THR00489,USR0060,ORG020,2026-04-25 18:35,assistant_response
MSG003581,THR00882,USR0031,ORG012,2026-07-09 11:19,question
MSG001591,THR00412,USR0243,ORG073,2026-04-30 11:41,question
MSG004498,THR01092,USR0250,ORG076,2026-08-08 08:33,assistant_response
MSG000299,THR00091,USR0189,ORG056,2026-01-15 11:42,question
MSG003498,THR00859,USR0055,ORG018,2026-07-04 22:52,assistant_response
MSG004541,THR01102,USR0059,ORG020,2026-08-20 14:07,question
MSG002336,THR00598,USR0141,ORG044,2026-05-16 12:48,assistant_response
MSG000649,THR00176,USR0267,ORG080,2026-02-08 20:19,question
MSG005138,THR01230,USR0022,ORG008,2026-08-15 17:27,assistant_response
MSG001191,THR00315,USR0215,ORG063,2026-03-08 17:15,question
MSG000432,THR00118,USR0171,ORG051,2026-02-26 22:33,assistant_response
MSG003495,THR00859,USR0055,ORG018,2026-07-04 22:39,question
MSG000634,THR00170,USR0058,ORG019,2026-02-02 20:39,assistant_response
MSG000033,THR00013,USR0090,ORG029,2026-01-05 19:39,question
MSG002298,THR00592,USR0265,ORG079,2026-05-18 07:44,assistant_response
MSG003364,THR00824,USR0244,ORG073,2026-06-10 22:49,assistant_response
MSG002867,THR00715,USR0211,ORG062,2026-06-10 21:53,question
MSG001003,THR00272,USR0049,ORG017,2026-03-05 20:58,question
MSG004630,THR01122,USR0172,ORG051,2026-08-13 11:48,assistant_response
MSG003036,THR00759,USR0247,ORG074,2026-06-05 22:01,assistant_response
MSG000234,THR00069,USR0243,ORG073,2026-01-09 08:48,assistant_response
MSG002638,THR00675,USR0191,ORG056,2026-06-14 20:52,assistant_response
MSG002543,THR00650,USR0125,ORG040,2026-05-01 08:43,question
MSG000175,THR00054,USR0075,ORG024,2026-01-05 08:18,question
MSG004070,THR00999,USR0264,ORG079,2026-07-15 12:56,assistant_response
MSG004440,THR01078,USR0231,ORG068,2026-08-20 15:27,assistant_response
MSG003594,THR00886,USR0008,ORG004,2026-07-24 20:50,assistant_response
MSG004589,THR01110,USR0213,ORG063,2026-08-25 07:23,question
MSG005058,THR01205,USR0097,ORG031,2026-08-22 22:49,assistant_response
MSG002073,THR00526,USR0028,ORG011,2026-05-28 21:47,question
MSG001693,THR00441,USR0207,ORG061,2026-04-01 14:14,question
MSG002795,THR00704,USR0198,ORG059,2026-06-08 19:53,question
MSG000342,THR00100,USR0173,ORG052,2026-01-27 09:04,assistant_response
MSG004565,THR01106,USR0055,ORG018,2026-08-26 10:53,question
MSG003999,THR00984,USR0254,ORG076,2026-07-19 19:39,question
MSG003900,THR00959,USR0088,ORG029,2026-07-29 07:46,assistant_response
MSG002559,THR00655,USR0194,ORG057,2026-05-12 11:24,question
MSG004994,THR01192,USR0034,ORG013,2026-08-26 11:03,assistant_response
MSG002100,THR00535,USR0072,ORG024,2026-05-29 13:16,assistant_response
MSG001503,THR00392,USR0268,ORG080,2026-04-26 20:07,question
MSG005088,THR01215,USR0052,ORG017,2026-08-01 11:24,assistant_response
MSG000529,THR00143,USR0055,ORG018,2026-02-11 16:29,question
MSG005062,THR01206,USR0170,ORG050,2026-08-28 17:39,assistant_response
MSG003757,THR00921,USR0183,ORG054,2026-07-03 17:08,question
MSG002539,THR00649,USR0086,ORG028,2026-05-26 15:37,question
MSG003511,THR00864,USR0021,ORG008,2026-07-05 10:54,question
MSG001676,THR00438,USR0067,ORG022,2026-04-04 19:32,assistant_response
MSG001643,THR00430,USR0078,ORG025,2026-04-05 13:21,question
MSG001175,THR00310,USR0135,ORG042,2026-03-23 09:31,question
MSG005168,THR01237,USR0005,ORG002,2026-08-25 16:38,assistant_response
MSG003991,THR00981,USR0156,ORG047,2026-07-29 12:31,question
MSG005342,THR01276,USR0033,ORG013,2026-08-08 10:53,assistant_response
MSG002000,THR00509,USR0145,ORG044,2026-05-01 18:34,assistant_response
MSG002330,THR00596,USR0055,ORG018,2026-05-04 10:11,assistant_response
MSG000508,THR00138,USR0242,ORG072,2026-02-04 11:12,assistant_response
MSG003850,THR00945,USR0249,ORG075,2026-07-14 18:13,assistant_response
MSG000576,THR00154,USR0192,ORG057,2026-02-14 22:48,assistant_response
MSG003786,THR00929,USR0156,ORG047,2026-07-16 17:04,assistant_response
MSG002664,THR00679,USR0142,ORG044,2026-06-30 11:06,assistant_response
MSG001811,THR00468,USR0252,ORG076,2026-04-11 14:25,question
MSG003591,THR00886,USR0008,ORG004,2026-07-24 20:47,question
MSG004267,THR01039,USR0097,ORG031,2026-07-14 12:26,question
MSG001049,THR00280,USR0025,ORG009,2026-03-02 10:41,question
MSG001939,THR00499,USR0091,ORG029,2026-05-22 09:16,question
MSG004451,THR01081,USR0236,ORG070,2026-08-23 19:55,question
MSG001888,THR00487,USR0112,ORG036,2026-04-07 13:42,assistant_response
MSG003162,THR00784,USR0170,ORG050,2026-06-26 17:29,assistant_response
MSG002911,THR00726,USR0126,ORG040,2026-06-17 19:47,question
MSG000734,THR00200,USR0009,ORG004,2026-02-17 20:52,assistant_response
MSG000292,THR00088,USR0149,ORG046,2026-01-29 16:54,assistant_response
MSG000366,THR00105,USR0161,ORG048,2026-02-28 17:50,assistant_response
MSG004387,THR01064,USR0084,ORG027,2026-07-13 19:20,question
MSG004515,THR01096,USR0174,ORG052,2026-08-30 21:14,question
MSG002362,THR00601,USR0005,ORG002,2026-05-01 13:27,assistant_response
MSG004179,THR01020,USR0186,ORG055,2026-07-29 10:37,question
MSG000280,THR00085,USR0110,ORG036,2026-01-20 16:46,assistant_response
MSG000662,THR00182,USR0170,ORG050,2026-02-21 09:59,assistant_response
MSG004257,THR01036,USR0233,ORG068,2026-07-27 22:07,question
MSG003826,THR00938,USR0009,ORG004,2026-07-28 15:13,assistant_response
MSG000696,THR00190,USR0190,ORG056,2026-02-11 20:02,assistant_response
MSG004155,THR01016,USR0029,ORG011,2026-07-16 18:56,question
MSG005375,THR01286,USR0230,ORG067,2026-08-13 14:34,question
MSG000386,THR00108,USR0197,ORG058,2026-02-28 20:39,assistant_response
MSG004564,THR01106,USR0055,ORG018,2026-08-26 10:52,assistant_response
MSG000358,THR00103,USR0208,ORG061,2026-02-10 21:04,assistant_response
MSG003667,THR00901,USR0177,ORG053,2026-07-15 22:36,question
MSG004101,THR01007,USR0159,ORG048,2026-07-15 22:43,question
MSG003267,THR00806,USR0093,ORG030,2026-06-15 20:39,question
MSG003969,THR00976,USR0168,ORG050,2026-07-05 16:39,question
MSG004947,THR01183,USR0239,ORG071,2026-08-16 18:35,question
MSG004787,THR01155,USR0167,ORG050,2026-08-06 07:45,question
MSG005317,THR01270,USR0006,ORG003,2026-08-22 15:09,question
MSG003566,THR00879,USR0224,ORG065,2026-07-05 13:59,assistant_response
MSG003139,THR00775,USR0180,ORG054,2026-06-18 17:17,question
MSG000585,THR00157,USR0058,ORG019,2026-02-02 13:36,question
MSG000062,THR00023,USR0253,ORG076,2026-01-15 21:49,assistant_response
MSG003297,THR00812,USR0040,ORG015,2026-06-22 16:39,question
MSG004093,THR01007,USR0159,ORG048,2026-07-15 22:35,question
MSG002038,THR00518,USR0024,ORG009,2026-05-23 09:36,assistant_response
MSG002572,THR00658,USR0135,ORG042,2026-05-18 18:29,assistant_response
MSG002323,THR00596,USR0055,ORG018,2026-05-04 09:48,question
MSG004283,THR01041,USR0044,ORG016,2026-07-01 22:20,question
MSG005251,THR01254,USR0235,ORG069,2026-08-09 13:14,question
MSG000308,THR00094,USR0265,ORG079,2026-01-12 11:56,assistant_response
MSG004423,THR01076,USR0009,ORG004,2026-08-04 21:15,question
MSG004732,THR01142,USR0173,ORG052,2026-08-26 19:35,assistant_response
MSG004131,THR01013,USR0129,ORG041,2026-07-16 09:22,question
MSG000980,THR00267,USR0053,ORG018,2026-03-24 14:19,assistant_response
MSG001588,THR00411,USR0210,ORG062,2026-04-17 08:01,assistant_response
MSG002798,THR00704,USR0198,ORG059,2026-06-08 19:52,assistant_response
MSG003172,THR00785,USR0058,ORG019,2026-06-12 22:44,assistant_response
MSG002920,THR00729,USR0028,ORG011,2026-06-23 11:30,assistant_response
MSG003649,THR00897,USR0188,ORG055,2026-07-15 08:23,question
MSG000164,THR00051,USR0231,ORG068,2026-01-29 18:59,assistant_response
MSG001765,THR00459,USR0140,ORG043,2026-04-27 19:44,question
MSG003851,THR00945,USR0249,ORG075,2026-07-14 18:06,question
MSG005123,THR01225,USR0248,ORG075,2026-08-23 22:30,question
MSG002554,THR00654,USR0178,ORG053,2026-05-26 21:46,assistant_response
MSG001476,THR00386,USR0215,ORG063,2026-04-18 22:48,assistant_response
MSG001192,THR00315,USR0215,ORG063,2026-03-08 17:15,assistant_response
MSG001389,THR00360,USR0166,ORG050,2026-04-05 12:54,question
MSG000538,THR00143,USR0055,ORG018,2026-02-11 16:57,assistant_response
MSG003217,THR00796,USR0106,ORG034,2026-06-22 17:19,question
MSG001833,THR00475,USR0243,ORG073,2026-04-23 18:45,question
MSG004766,THR01148,USR0028,ORG011,2026-08-31 13:49,assistant_response
MSG005263,THR01257,USR0234,ORG069,2026-08-12 16:25,question
MSG003811,THR00936,USR0253,ORG076,2026-07-03 18:37,question
MSG002144,THR00546,USR0141,ORG044,2026-05-27 15:41,assistant_response
MSG002669,THR00680,USR0080,ORG026,2026-06-05 15:29,question
MSG004499,THR01093,USR0162,ORG048,2026-08-18 09:17,question
MSG002985,THR00743,USR0083,ORG027,2026-06-22 16:44,question
MSG002115,THR00539,USR0149,ORG046,2026-05-05 21:35,question
MSG002055,THR00522,USR0192,ORG057,2026-05-31 07:38,question
MSG003948,THR00969,USR0053,ORG018,2026-07-24 12:04,assistant_response
MSG000660,THR00181,USR0212,ORG062,2026-02-14 11:24,assistant_response
MSG002944,THR00733,USR0186,ORG055,2026-06-03 19:50,assistant_response
MSG003150,THR00780,USR0102,ORG033,2026-06-23 09:59,assistant_response
MSG000577,THR00155,USR0112,ORG036,2026-02-25 14:43,question
MSG002680,THR00681,USR0048,ORG016,2026-06-19 19:48,assistant_response
MSG002792,THR00704,USR0198,ORG059,2026-06-08 19:35,assistant_response
MSG004085,THR01005,USR0147,ORG045,2026-07-21 12:16,question
MSG004587,THR01110,USR0213,ORG063,2026-08-25 07:30,question
MSG004902,THR01175,USR0144,ORG044,2026-08-22 18:12,assistant_response
MSG000949,THR00257,USR0217,ORG064,2026-03-06 22:42,question
MSG004614,THR01117,USR0030,ORG011,2026-08-21 16:26,assistant_response
MSG003903,THR00960,USR0259,ORG077,2026-07-28 22:27,question
MSG000383,THR00108,USR0197,ORG058,2026-02-28 20:30,question
MSG004851,THR01168,USR0108,ORG035,2026-08-20 17:56,question
MSG003626,THR00890,USR0112,ORG036,2026-07-05 18:18,assistant_response
MSG000323,THR00097,USR0083,ORG027,2026-01-11 14:25,question
MSG001897,THR00490,USR0214,ORG063,2026-04-22 16:57,question
MSG002796,THR00704,USR0198,ORG059,2026-06-08 19:53,assistant_response
MSG000621,THR00167,USR0202,ORG060,2026-02-17 11:47,question
MSG000661,THR00182,USR0170,ORG050,2026-02-21 09:59,question
MSG001189,THR00314,USR0092,ORG030,2026-03-30 08:47,question
MSG000154,THR00047,USR0215,ORG063,2026-01-31 12:52,assistant_response
MSG003490,THR00858,USR0050,ORG017,2026-07-15 12:53,assistant_response
MSG004575,THR01109,USR0051,ORG017,2026-08-05 18:28,question
MSG005199,THR01242,USR0066,ORG022,2026-08-10 07:37,question
MSG001954,THR00502,USR0079,ORG025,2026-05-30 17:38,assistant_response
MSG001566,THR00407,USR0251,ORG076,2026-04-20 21:16,assistant_response
MSG005238,THR01252,USR0036,ORG014,2026-08-13 13:12,assistant_response
MSG002406,THR00616,USR0163,ORG048,2026-05-21 16:45,assistant_response
MSG000098,THR00034,USR0172,ORG051,2026-01-03 17:06,assistant_response
MSG004917,THR01178,USR0143,ORG044,2026-08-19 22:10,question
MSG003175,THR00786,USR0066,ORG022,2026-06-17 10:26,question
MSG003308,THR00813,USR0006,ORG003,2026-06-16 21:44,assistant_response
MSG002057,THR00523,USR0202,ORG060,2026-05-18 09:19,question
MSG000414,THR00115,USR0259,ORG077,2026-02-15 15:57,assistant_response
MSG002063,THR00525,USR0083,ORG027,2026-05-06 14:39,question
MSG003037,THR00759,USR0247,ORG074,2026-06-05 22:11,question
MSG005360,THR01281,USR0113,ORG036,2026-08-03 15:41,assistant_response
MSG001669,THR00436,USR0008,ORG004,2026-04-29 18:00,question
MSG001358,THR00354,USR0073,ORG024,2026-04-19 14:09,assistant_response
MSG000399,THR00111,USR0025,ORG009,2026-02-02 16:31,question
MSG005290,THR01260,USR0081,ORG026,2026-08-09 16:48,assistant_response
MSG002879,THR00718,USR0014,ORG005,2026-06-12 09:44,question
MSG001062,THR00281,USR0081,ORG026,2026-03-15 21:24,assistant_response
MSG002916,THR00728,USR0156,ORG047,2026-06-25 16:29,assistant_response
MSG003201,THR00791,USR0250,ORG076,2026-06-04 21:24,question
MSG002577,THR00660,USR0187,ORG055,2026-05-25 14:25,question
MSG001597,THR00413,USR0005,ORG002,2026-04-08 15:50,question
MSG004098,THR01007,USR0159,ORG048,2026-07-15 22:37,assistant_response
MSG003262,THR00805,USR0213,ORG063,2026-06-28 22:07,assistant_response
MSG004986,THR01189,USR0028,ORG011,2026-08-27 17:48,assistant_response
MSG002922,THR00729,USR0028,ORG011,2026-06-23 11:41,assistant_response
MSG000070,THR00025,USR0227,ORG066,2026-01-21 16:50,assistant_response
MSG002529,THR00646,USR0166,ORG050,2026-05-06 08:53,question
MSG000764,THR00208,USR0017,ORG007,2026-02-06 17:03,assistant_response
MSG002578,THR00660,USR0187,ORG055,2026-05-25 14:25,assistant_response
MSG000394,THR00109,USR0161,ORG048,2026-02-07 12:43,assistant_response
MSG005133,THR01228,USR0081,ORG026,2026-08-30 18:23,question
MSG003964,THR00973,USR0233,ORG068,2026-07-04 10:22,assistant_response
MSG000368,THR00105,USR0161,ORG048,2026-02-28 17:50,assistant_response
MSG004324,THR01050,USR0085,ORG028,2026-07-11 23:06,assistant_response
MSG004836,THR01165,USR0129,ORG041,2026-08-27 19:22,assistant_response
MSG001969,THR00505,USR0207,ORG061,2026-05-03 18:20,question
MSG000266,THR00081,USR0231,ORG068,2026-01-31 18:23,assistant_response
MSG001653,THR00433,USR0141,ORG044,2026-04-07 12:36,question
MSG001538,THR00401,USR0046,ORG016,2026-04-07 21:21,assistant_response
MSG002533,THR00646,USR0166,ORG050,2026-05-06 09:11,question
MSG004164,THR01017,USR0127,ORG040,2026-07-31 16:04,assistant_response
MSG004150,THR01016,USR0029,ORG011,2026-07-16 18:44,assistant_response
MSG000536,THR00143,USR0055,ORG018,2026-02-11 16:35,assistant_response
MSG000873,THR00236,USR0215,ORG063,2026-03-18 09:05,question
MSG001334,THR00350,USR0052,ORG017,2026-04-08 14:17,assistant_response
MSG004572,THR01108,USR0081,ORG026,2026-08-24 16:49,assistant_response
MSG005163,THR01237,USR0005,ORG002,2026-08-25 16:26,question
MSG000230,THR00067,USR0235,ORG069,2026-01-02 16:12,assistant_response
MSG002749,THR00695,USR0157,ORG047,2026-06-06 18:45,question
MSG002972,THR00738,USR0256,ORG077,2026-06-18 07:54,assistant_response
MSG000638,THR00171,USR0106,ORG034,2026-02-03 10:38,assistant_response
MSG000856,THR00232,USR0108,ORG035,2026-03-15 16:53,assistant_response
MSG000889,THR00242,USR0213,ORG063,2026-03-30 09:07,question
MSG002212,THR00563,USR0221,ORG065,2026-05-17 20:29,assistant_response
MSG001596,THR00413,USR0005,ORG002,2026-04-08 15:44,assistant_response
MSG003476,THR00855,USR0077,ORG025,2026-07-24 14:59,assistant_response
MSG003044,THR00760,USR0029,ORG011,2026-06-27 16:36,assistant_response
MSG000448,THR00122,USR0214,ORG063,2026-02-19 16:56,assistant_response
MSG001351,THR00354,USR0073,ORG024,2026-04-19 13:58,question
MSG005331,THR01272,USR0268,ORG080,2026-08-21 10:34,question
MSG003319,THR00816,USR0027,ORG010,2026-06-22 16:54,question
MSG002566,THR00656,USR0251,ORG076,2026-05-07 12:34,assistant_response
MSG003911,THR00962,USR0117,ORG038,2026-07-14 10:52,question
MSG003838,THR00943,USR0155,ORG047,2026-07-09 18:06,assistant_response
MSG000633,THR00170,USR0058,ORG019,2026-02-02 20:39,question
MSG001505,THR00393,USR0052,ORG017,2026-04-30 10:36,question
MSG004996,THR01192,USR0034,ORG013,2026-08-26 11:04,assistant_response
MSG005029,THR01201,USR0160,ORG048,2026-08-19 20:32,question
MSG000459,THR00124,USR0088,ORG029,2026-02-17 19:19,question
MSG003281,THR00810,USR0247,ORG074,2026-06-23 09:09,question
MSG001736,THR00452,USR0057,ORG019,2026-04-27 22:14,assistant_response
MSG004906,THR01176,USR0156,ORG047,2026-08-26 14:15,assistant_response
MSG004200,THR01023,USR0209,ORG062,2026-07-26 08:29,assistant_response
MSG000754,THR00206,USR0223,ORG065,2026-02-21 17:38,assistant_response
MSG002227,THR00569,USR0219,ORG064,2026-05-21 15:21,question
MSG001285,THR00336,USR0128,ORG041,2026-03-04 21:07,question
MSG004162,THR01017,USR0127,ORG040,2026-07-31 15:59,assistant_response
MSG001863,THR00480,USR0213,ORG063,2026-04-02 11:04,question
MSG002508,THR00641,USR0017,ORG007,2026-05-11 09:53,assistant_response
MSG004591,THR01111,USR0044,ORG016,2026-08-09 18:45,question
MSG002114,THR00539,USR0149,ORG046,2026-05-05 21:32,assistant_response
MSG003722,THR00915,USR0018,ORG007,2026-07-22 17:22,assistant_response
MSG005045,THR01204,USR0028,ORG011,2026-08-14 18:12,question
MSG003248,THR00802,USR0097,ORG031,2026-06-18 20:02,assistant_response
MSG000090,THR00031,USR0259,ORG077,2026-01-21 12:02,assistant_response
MSG004603,THR01114,USR0186,ORG055,2026-08-31 07:28,question
MSG004123,THR01011,USR0187,ORG055,2026-07-22 09:29,question
MSG001422,THR00371,USR0018,ORG007,2026-04-10 07:20,assistant_response
MSG000264,THR00080,USR0188,ORG055,2026-01-12 19:36,assistant_response
MSG000492,THR00133,USR0195,ORG057,2026-02-13 18:55,assistant_response
MSG001278,THR00335,USR0154,ORG047,2026-03-09 12:11,assistant_response
MSG000912,THR00247,USR0090,ORG029,2026-03-18 12:21,assistant_response
MSG004294,THR01043,USR0031,ORG012,2026-07-02 17:59,assistant_response
MSG000109,THR00036,USR0073,ORG024,2026-01-30 18:39,question
MSG003638,THR00893,USR0208,ORG061,2026-07-06 18:41,assistant_response
MSG002764,THR00697,USR0044,ORG016,2026-06-04 08:27,assistant_response
MSG005247,THR01254,USR0235,ORG069,2026-08-09 13:00,question
MSG003852,THR00945,USR0249,ORG075,2026-07-14 18:06,assistant_response
MSG002454,THR00625,USR0140,ORG043,2026-05-18 21:28,assistant_response
MSG001148,THR00304,USR0034,ORG013,2026-03-10 20:46,assistant_response
MSG003849,THR00945,USR0249,ORG075,2026-07-14 18:13,question
MSG001495,THR00391,USR0142,ORG044,2026-04-17 21:58,question
MSG001227,THR00324,USR0158,ORG047,2026-03-04 13:57,question
MSG003412,THR00836,USR0240,ORG071,2026-06-22 09:40,assistant_response
MSG000103,THR00036,USR0073,ORG024,2026-01-30 18:25,question
MSG000632,THR00169,USR0127,ORG040,2026-02-15 18:09,assistant_response
MSG004944,THR01182,USR0166,ORG050,2026-08-14 20:17,assistant_response
MSG000648,THR00175,USR0165,ORG049,2026-02-08 16:56,assistant_response
MSG001158,THR00305,USR0060,ORG020,2026-03-15 08:19,assistant_response
MSG002993,THR00746,USR0219,ORG064,2026-06-27 09:24,question
MSG001204,THR00320,USR0103,ORG033,2026-03-10 16:50,assistant_response
MSG000248,THR00075,USR0152,ORG046,2026-01-10 21:38,assistant_response
MSG001296,THR00339,USR0012,ORG004,2026-03-03 13:57,assistant_response
MSG004758,THR01146,USR0085,ORG028,2026-08-23 07:42,assistant_response
MSG000605,THR00163,USR0033,ORG013,2026-02-18 09:11,question
MSG000869,THR00236,USR0215,ORG063,2026-03-18 08:57,question
MSG004978,THR01188,USR0129,ORG041,2026-08-08 10:30,assistant_response
MSG004984,THR01189,USR0028,ORG011,2026-08-27 17:43,assistant_response
MSG003480,THR00856,USR0073,ORG024,2026-07-16 07:31,assistant_response
MSG000216,THR00062,USR0011,ORG004,2026-01-13 22:02,assistant_response
MSG003093,THR00768,USR0098,ORG031,2026-06-11 22:52,question
MSG005203,THR01243,USR0215,ORG063,2026-08-14 19:51,question
MSG000961,THR00262,USR0228,ORG066,2026-03-16 12:05,question
MSG001129,THR00298,USR0199,ORG059,2026-03-28 20:30,question
MSG004778,THR01150,USR0228,ORG066,2026-08-03 17:32,assistant_response
MSG004287,THR01041,USR0044,ORG016,2026-07-01 22:32,question
MSG001727,THR00450,USR0210,ORG062,2026-04-10 12:02,question
MSG001987,THR00508,USR0021,ORG008,2026-05-22 17:28,question
MSG004598,THR01112,USR0126,ORG040,2026-08-05 20:50,assistant_response
MSG001181,THR00312,USR0053,ORG018,2026-03-29 10:15,question
MSG004657,THR01128,USR0120,ORG038,2026-08-12 16:24,question
MSG002415,THR00618,USR0231,ORG068,2026-05-14 12:11,question
MSG001142,THR00302,USR0079,ORG025,2026-03-09 09:19,assistant_response
MSG002957,THR00736,USR0159,ORG048,2026-06-24 21:18,question
MSG002862,THR00714,USR0061,ORG020,2026-06-06 18:02,assistant_response
MSG000489,THR00133,USR0195,ORG057,2026-02-13 18:50,question
MSG004288,THR01041,USR0044,ORG016,2026-07-01 22:32,assistant_response
MSG004396,THR01068,USR0217,ORG064,2026-08-03 20:51,assistant_response
MSG004557,THR01105,USR0054,ORG018,2026-08-23 09:13,question
MSG002969,THR00738,USR0256,ORG077,2026-06-18 07:56,question
MSG000141,THR00044,USR0122,ORG039,2026-01-15 16:48,question
MSG001666,THR00436,USR0008,ORG004,2026-04-29 17:48,assistant_response
MSG000024,THR00011,USR0029,ORG011,2026-01-01 13:21,assistant_response
MSG002964,THR00738,USR0256,ORG077,2026-06-18 07:38,assistant_response
MSG001927,THR00497,USR0227,ORG066,2026-05-27 14:58,question
MSG004485,THR01088,USR0231,ORG068,2026-08-19 14:12,question
MSG004389,THR01065,USR0062,ORG021,2026-07-10 22:51,question
MSG003456,THR00850,USR0200,ORG059,2026-06-29 10:40,assistant_response
MSG004331,THR01052,USR0019,ORG007,2026-07-16 15:11,question
MSG003151,THR00780,USR0102,ORG033,2026-06-23 10:04,question
MSG001886,THR00487,USR0112,ORG036,2026-04-07 13:39,assistant_response
MSG004036,THR00992,USR0051,ORG017,2026-07-26 22:14,assistant_response
MSG004073,THR01000,USR0265,ORG079,2026-07-28 12:43,question
MSG003430,THR00843,USR0229,ORG067,2026-06-01 22:09,assistant_response
MSG003140,THR00775,USR0180,ORG054,2026-06-18 17:17,assistant_response
MSG002015,THR00513,USR0223,ORG065,2026-05-21 09:51,question
MSG001133,THR00299,USR0242,ORG072,2026-03-31 09:04,question
MSG002732,THR00691,USR0247,ORG074,2026-06-18 13:31,assistant_response
MSG003392,THR00830,USR0267,ORG080,2026-06-11 12:20,assistant_response
MSG003943,THR00967,USR0252,ORG076,2026-07-22 10:25,question
MSG003473,THR00854,USR0022,ORG008,2026-06-13 10:21,question
MSG004049,THR00994,USR0104,ORG033,2026-07-16 10:05,question
MSG002616,THR00667,USR0213,ORG063,2026-06-27 18:55,assistant_response
MSG002889,THR00719,USR0241,ORG072,2026-06-23 18:15,question
MSG003155,THR00781,USR0048,ORG016,2026-06-27 21:06,question
MSG001490,THR00389,USR0223,ORG065,2026-04-07 11:53,assistant_response
MSG001045,THR00279,USR0146,ORG045,2026-03-11 11:48,question
MSG002647,THR00676,USR0110,ORG036,2026-06-13 15:25,question
MSG005081,THR01212,USR0185,ORG055,2026-08-02 07:12,question
MSG005031,THR01201,USR0160,ORG048,2026-08-19 20:35,question
MSG002282,THR00586,USR0055,ORG018,2026-05-18 09:32,assistant_response
MSG005340,THR01276,USR0033,ORG013,2026-08-08 10:51,assistant_response
MSG004680,THR01134,USR0217,ORG064,2026-08-15 22:50,assistant_response
MSG000552,THR00147,USR0208,ORG061,2026-02-27 20:32,assistant_response
MSG003920,THR00963,USR0254,ORG076,2026-07-25 18:45,assistant_response
MSG003660,THR00898,USR0035,ORG013,2026-07-18 13:24,assistant_response
MSG003200,THR00791,USR0250,ORG076,2026-06-04 21:20,assistant_response
MSG001211,THR00321,USR0253,ORG076,2026-03-25 13:52,question
MSG002624,THR00670,USR0098,ORG031,2026-06-07 14:36,assistant_response
MSG001201,THR00320,USR0103,ORG033,2026-03-10 16:47,question
MSG004946,THR01183,USR0239,ORG071,2026-08-16 18:33,assistant_response
MSG000018,THR00009,USR0263,ORG079,2026-01-04 18:27,assistant_response
MSG000626,THR00167,USR0202,ORG060,2026-02-17 11:49,assistant_response
MSG002175,THR00555,USR0133,ORG042,2026-05-30 12:45,question
MSG004400,THR01070,USR0238,ORG071,2026-08-22 14:41,assistant_response
MSG004090,THR01005,USR0147,ORG045,2026-07-21 12:20,assistant_response
MSG004769,THR01149,USR0093,ORG030,2026-08-31 07:24,question
MSG000852,THR00230,USR0202,ORG060,2026-03-12 11:04,assistant_response
MSG004992,THR01191,USR0032,ORG012,2026-08-30 08:24,assistant_response
MSG002352,THR00599,USR0066,ORG022,2026-05-02 20:42,assistant_response
MSG002471,THR00632,USR0192,ORG057,2026-05-07 20:58,question
MSG001231,THR00326,USR0267,ORG080,2026-03-14 18:29,question
MSG003484,THR00856,USR0073,ORG024,2026-07-16 07:48,assistant_response
MSG001486,THR00387,USR0018,ORG007,2026-04-17 11:35,assistant_response
MSG002744,THR00695,USR0157,ORG047,2026-06-06 18:39,assistant_response
MSG003512,THR00864,USR0021,ORG008,2026-07-05 10:54,assistant_response
MSG001459,THR00382,USR0190,ORG056,2026-04-06 21:02,question
MSG001238,THR00326,USR0267,ORG080,2026-03-14 18:44,assistant_response
MSG000356,THR00102,USR0255,ORG077,2026-02-21 17:05,assistant_response
MSG004642,THR01125,USR0031,ORG012,2026-08-27 18:16,assistant_response
MSG004797,THR01156,USR0051,ORG017,2026-08-11 11:30,question
MSG000970,THR00264,USR0087,ORG029,2026-03-25 21:40,assistant_response
MSG002734,THR00692,USR0101,ORG033,2026-06-18 14:15,assistant_response
MSG000625,THR00167,USR0202,ORG060,2026-02-17 11:49,question
MSG002928,THR00731,USR0013,ORG005,2026-06-06 21:37,assistant_response
MSG002309,THR00594,USR0138,ORG043,2026-05-06 13:37,question
MSG000834,THR00228,USR0070,ORG023,2026-03-10 17:38,assistant_response
MSG001840,THR00476,USR0114,ORG036,2026-04-01 17:32,assistant_response
MSG000903,THR00245,USR0035,ORG013,2026-03-10 08:58,question
MSG001390,THR00360,USR0166,ORG050,2026-04-05 12:54,assistant_response
MSG005234,THR01251,USR0201,ORG059,2026-08-06 10:14,assistant_response
MSG000921,THR00249,USR0015,ORG006,2026-03-24 13:29,question
MSG003152,THR00780,USR0102,ORG033,2026-06-23 10:04,assistant_response
MSG001851,THR00479,USR0202,ORG060,2026-04-07 21:52,question
MSG004737,THR01142,USR0173,ORG052,2026-08-26 19:38,question
MSG004687,THR01135,USR0249,ORG075,2026-08-23 21:15,question
MSG005026,THR01199,USR0261,ORG078,2026-08-09 18:30,assistant_response
MSG003158,THR00782,USR0239,ORG071,2026-06-16 14:14,assistant_response
MSG003500,THR00859,USR0055,ORG018,2026-07-04 22:44,assistant_response
MSG001857,THR00480,USR0213,ORG063,2026-04-02 10:49,question
MSG000197,THR00058,USR0235,ORG069,2026-01-03 10:58,question
MSG001838,THR00476,USR0114,ORG036,2026-04-01 17:25,assistant_response
MSG000010,THR00005,USR0081,ORG026,2026-01-12 16:46,assistant_response
MSG001162,THR00306,USR0090,ORG029,2026-03-04 07:45,assistant_response
MSG003403,THR00833,USR0048,ORG016,2026-06-02 13:39,question
MSG004191,THR01022,USR0083,ORG027,2026-07-30 21:40,question
MSG000841,THR00228,USR0070,ORG023,2026-03-10 17:54,question
MSG002431,THR00623,USR0146,ORG045,2026-05-15 11:08,question
MSG000843,THR00229,USR0164,ORG049,2026-03-10 22:36,question
MSG000365,THR00105,USR0161,ORG048,2026-02-28 17:50,question
MSG004586,THR01110,USR0213,ORG063,2026-08-25 07:21,assistant_response
MSG005085,THR01214,USR0126,ORG040,2026-08-06 13:01,question
MSG002192,THR00559,USR0036,ORG014,2026-05-08 19:24,assistant_response
MSG000458,THR00124,USR0088,ORG029,2026-02-17 19:10,assistant_response
MSG001998,THR00509,USR0145,ORG044,2026-05-01 18:36,assistant_response
MSG001266,THR00333,USR0156,ORG047,2026-03-27 08:13,assistant_response
MSG003924,THR00965,USR0234,ORG069,2026-07-20 16:43,assistant_response
MSG002718,THR00687,USR0026,ORG010,2026-06-22 19:30,assistant_response
MSG002519,THR00644,USR0128,ORG041,2026-05-13 21:17,question
MSG001337,THR00351,USR0029,ORG011,2026-04-25 14:36,question
MSG005131,THR01228,USR0081,ORG026,2026-08-30 18:16,question
MSG003936,THR00966,USR0220,ORG064,2026-07-07 10:03,assistant_response
MSG001141,THR00302,USR0079,ORG025,2026-03-09 09:19,question
MSG001658,THR00433,USR0141,ORG044,2026-04-07 12:50,assistant_response
MSG000697,THR00190,USR0190,ORG056,2026-02-11 20:08,question
MSG004949,THR01183,USR0239,ORG071,2026-08-16 18:35,question
MSG004384,THR01063,USR0123,ORG039,2026-07-31 19:05,assistant_response
MSG000077,THR00028,USR0260,ORG078,2026-01-13 21:37,question
MSG000111,THR00037,USR0044,ORG016,2026-01-10 19:41,question
MSG004751,THR01145,USR0174,ORG052,2026-08-18 08:45,question
MSG002193,THR00560,USR0104,ORG033,2026-05-17 20:52,question
MSG000685,THR00189,USR0255,ORG077,2026-02-15 10:51,question
MSG004861,THR01169,USR0232,ORG068,2026-08-09 14:50,question
MSG001083,THR00289,USR0071,ORG023,2026-03-13 11:51,question
MSG004469,THR01085,USR0075,ORG024,2026-08-21 14:37,question
MSG005107,THR01222,USR0251,ORG076,2026-08-07 09:50,question
MSG004524,THR01097,USR0185,ORG055,2026-08-26 22:51,assistant_response
MSG000170,THR00053,USR0192,ORG057,2026-01-08 07:26,assistant_response
MSG004911,THR01176,USR0156,ORG047,2026-08-26 14:38,question
MSG003096,THR00768,USR0098,ORG031,2026-06-11 23:14,assistant_response
MSG000817,THR00224,USR0248,ORG075,2026-03-26 09:23,question
MSG000097,THR00034,USR0172,ORG051,2026-01-03 17:06,question
MSG001125,THR00297,USR0256,ORG077,2026-03-21 09:39,question
MSG004316,THR01049,USR0145,ORG044,2026-07-29 15:51,assistant_response
MSG000822,THR00226,USR0004,ORG002,2026-03-31 19:21,assistant_response
MSG003298,THR00812,USR0040,ORG015,2026-06-22 16:39,assistant_response
MSG003728,THR00916,USR0084,ORG027,2026-07-18 16:21,assistant_response
MSG002010,THR00512,USR0218,ORG064,2026-05-27 10:13,assistant_response
MSG003494,THR00859,USR0055,ORG018,2026-07-04 22:38,assistant_response
MSG000591,THR00159,USR0251,ORG076,2026-02-03 21:51,question
MSG001176,THR00310,USR0135,ORG042,2026-03-23 09:31,assistant_response
MSG000569,THR00153,USR0189,ORG056,2026-02-20 14:22,question
MSG001539,THR00401,USR0046,ORG016,2026-04-07 21:34,question
MSG003230,THR00799,USR0028,ORG011,2026-06-01 18:08,assistant_response
MSG001456,THR00380,USR0042,ORG015,2026-04-16 10:31,assistant_response
MSG001335,THR00350,USR0052,ORG017,2026-04-08 14:23,question
MSG002541,THR00650,USR0125,ORG040,2026-05-01 08:37,question
MSG000173,THR00053,USR0192,ORG057,2026-01-08 07:29,question
MSG004771,THR01149,USR0093,ORG030,2026-08-31 07:29,question
MSG001478,THR00387,USR0018,ORG007,2026-04-17 11:07,assistant_response
MSG004019,THR00988,USR0160,ORG048,2026-07-19 09:58,question
MSG001548,THR00402,USR0192,ORG057,2026-04-27 08:44,assistant_response
MSG001443,THR00377,USR0202,ORG060,2026-04-19 22:09,question
MSG001516,THR00396,USR0206,ORG061,2026-04-02 19:56,assistant_response
MSG003764,THR00924,USR0163,ORG048,2026-07-20 08:58,assistant_response
MSG001487,THR00388,USR0099,ORG032,2026-04-05 08:27,question
MSG004063,THR00997,USR0244,ORG073,2026-07-14 13:28,question
MSG005361,THR01281,USR0113,ORG036,2026-08-03 15:42,question
MSG003925,THR00965,USR0234,ORG069,2026-07-20 16:45,question
MSG001216,THR00323,USR0005,ORG002,2026-03-31 17:00,assistant_response
MSG003020,THR00753,USR0107,ORG034,2026-06-26 20:26,assistant_response
MSG003555,THR00878,USR0212,ORG062,2026-07-28 13:24,question
MSG001899,THR00490,USR0214,ORG063,2026-04-22 17:06,question
MSG003655,THR00898,USR0035,ORG013,2026-07-18 13:10,question
MSG001276,THR00335,USR0154,ORG047,2026-03-09 12:05,assistant_response
MSG003240,THR00801,USR0223,ORG065,2026-06-18 13:42,assistant_response
MSG001671,THR00437,USR0003,ORG002,2026-04-21 14:14,question
MSG002202,THR00562,USR0048,ORG016,2026-05-16 11:57,assistant_response
MSG002657,THR00678,USR0004,ORG002,2026-06-10 14:20,question
MSG001808,THR00468,USR0252,ORG076,2026-04-11 14:21,assistant_response
MSG003623,THR00889,USR0254,ORG076,2026-07-08 09:43,question
MSG001689,THR00440,USR0173,ORG052,2026-04-14 11:27,question
MSG002109,THR00537,USR0208,ORG061,2026-05-25 13:58,question
MSG003130,THR00774,USR0081,ORG026,2026-06-09 10:00,assistant_response
MSG004484,THR01087,USR0086,ORG028,2026-08-29 11:49,assistant_response
MSG000129,THR00041,USR0020,ORG008,2026-01-22 17:56,question
MSG002098,THR00534,USR0056,ORG018,2026-05-06 09:53,assistant_response
MSG001448,THR00378,USR0219,ORG064,2026-04-03 16:56,assistant_response
MSG002292,THR00589,USR0174,ORG052,2026-05-31 21:43,assistant_response
MSG001797,THR00464,USR0161,ORG048,2026-04-01 15:00,question
MSG004955,THR01185,USR0100,ORG032,2026-08-11 09:56,question
MSG000086,THR00030,USR0032,ORG012,2026-01-15 10:57,assistant_response
MSG000470,THR00129,USR0236,ORG070,2026-02-18 17:34,assistant_response
MSG002660,THR00678,USR0004,ORG002,2026-06-10 14:27,assistant_response
MSG002416,THR00618,USR0231,ORG068,2026-05-14 12:11,assistant_response
MSG003346,THR00821,USR0044,ORG016,2026-06-05 11:53,assistant_response
MSG001095,THR00292,USR0045,ORG016,2026-03-29 10:08,question
MSG002164,THR00552,USR0170,ORG050,2026-05-24 10:32,assistant_response
MSG005339,THR01276,USR0033,ORG013,2026-08-08 10:51,question
MSG002659,THR00678,USR0004,ORG002,2026-06-10 14:27,question
MSG003024,THR00755,USR0035,ORG013,2026-06-10 16:32,assistant_response
MSG002847,THR00713,USR0070,ORG023,2026-06-14 11:44,question
MSG000012,THR00006,USR0044,ORG016,2026-01-29 08:09,assistant_response
MSG005059,THR01205,USR0097,ORG031,2026-08-22 22:56,question
MSG004380,THR01062,USR0029,ORG011,2026-07-24 09:44,assistant_response
MSG004487,THR01089,USR0201,ORG059,2026-08-02 17:00,question
MSG005364,THR01282,USR0112,ORG036,2026-08-14 16:49,assistant_response
MSG000423,THR00116,USR0202,ORG060,2026-02-12 17:37,question
MSG002216,THR00564,USR0247,ORG074,2026-05-26 19:29,assistant_response
MSG001090,THR00290,USR0085,ORG028,2026-03-15 18:46,assistant_response
MSG002276,THR00584,USR0179,ORG054,2026-05-12 15:14,assistant_response
MSG001214,THR00322,USR0004,ORG002,2026-03-30 20:01,assistant_response
MSG004879,THR01172,USR0040,ORG015,2026-08-18 07:57,question
MSG002391,THR00613,USR0262,ORG078,2026-05-16 21:56,question
MSG004997,THR01192,USR0034,ORG013,2026-08-26 11:09,question
MSG004471,THR01085,USR0075,ORG024,2026-08-21 14:33,question
MSG000374,THR00106,USR0264,ORG079,2026-02-18 10:20,assistant_response
MSG001835,THR00476,USR0114,ORG036,2026-04-01 17:22,question
MSG001402,THR00363,USR0201,ORG059,2026-04-28 08:11,assistant_response
MSG000976,THR00265,USR0262,ORG078,2026-03-04 10:27,assistant_response
MSG002200,THR00561,USR0091,ORG029,2026-05-16 08:58,assistant_response
MSG002428,THR00621,USR0204,ORG060,2026-05-17 09:06,assistant_response
MSG001805,THR00467,USR0241,ORG072,2026-04-28 22:55,question
MSG002486,THR00636,USR0094,ORG031,2026-05-05 16:11,assistant_response
MSG002121,THR00540,USR0258,ORG077,2026-05-01 14:58,question
MSG004302,THR01046,USR0258,ORG077,2026-07-16 17:56,assistant_response
MSG004455,THR01082,USR0250,ORG076,2026-08-10 18:44,question
MSG003731,THR00916,USR0084,ORG027,2026-07-18 16:23,question
MSG004201,THR01023,USR0209,ORG062,2026-07-26 08:41,question
MSG004647,THR01127,USR0003,ORG002,2026-08-15 17:15,question
MSG001785,THR00463,USR0067,ORG022,2026-04-16 22:08,question
MSG001311,THR00345,USR0246,ORG074,2026-03-02 09:17,question
MSG000030,THR00012,USR0149,ORG046,2026-01-11 10:00,assistant_response
MSG001508,THR00393,USR0052,ORG017,2026-04-30 10:39,assistant_response
MSG001696,THR00441,USR0207,ORG061,2026-04-01 14:16,assistant_response
MSG002225,THR00569,USR0219,ORG064,2026-05-21 15:16,question
MSG003284,THR00810,USR0247,ORG074,2026-06-23 09:16,assistant_response
MSG003197,THR00790,USR0176,ORG053,2026-06-18 14:17,question
MSG004486,THR01088,USR0231,ORG068,2026-08-19 14:12,assistant_response
MSG004173,THR01020,USR0186,ORG055,2026-07-29 10:34,question
MSG003587,THR00885,USR0251,ORG076,2026-07-28 13:37,question
MSG001356,THR00354,USR0073,ORG024,2026-04-19 13:59,assistant_response
MSG000615,THR00165,USR0216,ORG064,2026-02-12 19:30,question
MSG004207,THR01026,USR0181,ORG054,2026-07-14 17:29,question
MSG004708,THR01138,USR0079,ORG025,2026-08-04 18:22,assistant_response
MSG005012,THR01196,USR0220,ORG064,2026-08-29 10:28,assistant_response
MSG003257,THR00805,USR0213,ORG063,2026-06-28 21:57,question
MSG001559,THR00405,USR0185,ORG055,2026-04-23 13:17,question
MSG000499,THR00136,USR0056,ORG018,2026-02-20 14:15,question
MSG000373,THR00106,USR0264,ORG079,2026-02-18 10:20,question
MSG002373,THR00607,USR0077,ORG025,2026-05-16 07:11,question
MSG001057,THR00281,USR0081,ORG026,2026-03-15 21:12,question
MSG002246,THR00573,USR0061,ORG020,2026-05-24 14:32,assistant_response
MSG001368,THR00357,USR0175,ORG052,2026-04-23 12:58,assistant_response
MSG000180,THR00054,USR0075,ORG024,2026-01-05 08:32,assistant_response
MSG004128,THR01012,USR0257,ORG077,2026-07-30 10:40,assistant_response
MSG004291,THR01042,USR0197,ORG058,2026-07-23 20:48,question
MSG003433,THR00844,USR0200,ORG059,2026-06-09 11:44,question
MSG003956,THR00971,USR0256,ORG077,2026-07-09 15:54,assistant_response
MSG000555,THR00149,USR0004,ORG002,2026-02-09 19:15,question
MSG003573,THR00882,USR0031,ORG012,2026-07-09 11:07,question
MSG004887,THR01172,USR0040,ORG015,2026-08-18 08:09,question
MSG003674,THR00903,USR0034,ORG013,2026-07-07 21:05,assistant_response
MSG002999,THR00748,USR0030,ORG011,2026-06-04 09:37,question
MSG002846,THR00713,USR0070,ORG023,2026-06-14 11:41,assistant_response
MSG002069,THR00525,USR0083,ORG027,2026-05-06 14:57,question
MSG003426,THR00842,USR0053,ORG018,2026-06-02 09:04,assistant_response
MSG001571,THR00407,USR0251,ORG076,2026-04-20 21:23,question
MSG005111,THR01223,USR0034,ORG013,2026-08-06 19:48,question
MSG000359,THR00103,USR0208,ORG061,2026-02-10 21:08,question
MSG001259,THR00332,USR0232,ORG068,2026-03-10 21:16,question
MSG004371,THR01061,USR0232,ORG068,2026-07-11 11:41,question
MSG001655,THR00433,USR0141,ORG044,2026-04-07 12:43,question
MSG003885,THR00955,USR0064,ORG021,2026-07-30 13:43,question
MSG002470,THR00632,USR0192,ORG057,2026-05-07 20:56,assistant_response
MSG002810,THR00706,USR0157,ORG047,2026-06-11 22:25,assistant_response
MSG000614,THR00165,USR0216,ORG064,2026-02-12 19:32,assistant_response
MSG000809,THR00221,USR0212,ORG062,2026-03-13 09:56,question
MSG003652,THR00898,USR0035,ORG013,2026-07-18 13:08,assistant_response
MSG001581,THR00409,USR0198,ORG059,2026-04-02 13:01,question
MSG001561,THR00406,USR0259,ORG077,2026-04-13 10:43,question
MSG000337,THR00100,USR0173,ORG052,2026-01-27 08:52,question
MSG000986,THR00267,USR0053,ORG018,2026-03-24 14:28,assistant_response
MSG001069,THR00284,USR0120,ORG038,2026-03-14 09:45,question
MSG000872,THR00236,USR0215,ORG063,2026-03-18 09:00,assistant_response
MSG000715,THR00194,USR0252,ORG076,2026-02-15 12:48,question
MSG005306,THR01266,USR0168,ORG050,2026-08-22 21:31,assistant_response
MSG001721,THR00448,USR0061,ORG020,2026-04-10 10:50,question
MSG002261,THR00578,USR0267,ORG080,2026-05-10 08:57,question
MSG001952,THR00501,USR0131,ORG041,2026-05-01 17:30,assistant_response
MSG003045,THR00760,USR0029,ORG011,2026-06-27 16:41,question
MSG004333,THR01052,USR0019,ORG007,2026-07-16 15:18,question
MSG005279,THR01259,USR0094,ORG031,2026-08-23 10:27,question
MSG002954,THR00735,USR0077,ORG025,2026-06-06 11:15,assistant_response
MSG004605,THR01115,USR0265,ORG079,2026-08-31 09:05,question
MSG001068,THR00283,USR0191,ORG056,2026-03-22 12:03,assistant_response
MSG004581,THR01110,USR0213,ORG063,2026-08-25 07:15,question
MSG005180,THR01240,USR0240,ORG071,2026-08-24 21:25,assistant_response
MSG000914,THR00247,USR0090,ORG029,2026-03-18 12:23,assistant_response
MSG002494,THR00638,USR0026,ORG010,2026-05-18 07:15,assistant_response
MSG002739,THR00694,USR0179,ORG054,2026-06-07 17:22,question
MSG004522,THR01096,USR0174,ORG052,2026-08-30 21:36,assistant_response
MSG004025,THR00989,USR0173,ORG052,2026-07-06 07:34,question
MSG002067,THR00525,USR0083,ORG027,2026-05-06 14:43,question
MSG004901,THR01175,USR0144,ORG044,2026-08-22 18:12,question
MSG004645,THR01126,USR0025,ORG009,2026-08-25 10:28,question
MSG005187,THR01241,USR0214,ORG063,2026-08-07 21:32,question
MSG002296,THR00591,USR0113,ORG036,2026-05-22 14:51,assistant_response
MSG003868,THR00948,USR0186,ORG055,2026-07-05 22:20,assistant_response
MSG005362,THR01281,USR0113,ORG036,2026-08-03 15:42,assistant_response
MSG001737,THR00452,USR0057,ORG019,2026-04-27 22:11,question
MSG005273,THR01258,USR0090,ORG029,2026-08-14 14:23,question
MSG000428,THR00116,USR0202,ORG060,2026-02-12 17:50,assistant_response
MSG000005,THR00003,USR0074,ORG024,2026-01-19 19:04,question
MSG000335,THR00099,USR0048,ORG016,2026-01-17 12:52,question
MSG001489,THR00389,USR0223,ORG065,2026-04-07 11:53,question
MSG000390,THR00109,USR0161,ORG048,2026-02-07 12:35,assistant_response
MSG002621,THR00669,USR0266,ORG079,2026-06-04 10:46,question
MSG002024,THR00515,USR0129,ORG041,2026-05-18 09:44,assistant_response
MSG003425,THR00842,USR0053,ORG018,2026-06-02 09:04,question
MSG002876,THR00716,USR0097,ORG031,2026-06-04 11:11,assistant_response
MSG002299,THR00592,USR0265,ORG079,2026-05-18 07:47,question
MSG004866,THR01169,USR0232,ORG068,2026-08-09 14:54,assistant_response
MSG002206,THR00563,USR0221,ORG065,2026-05-17 20:23,assistant_response
MSG005191,THR01241,USR0214,ORG063,2026-08-07 21:56,question
MSG002493,THR00638,USR0026,ORG010,2026-05-18 07:15,question
MSG000424,THR00116,USR0202,ORG060,2026-02-12 17:37,assistant_response
MSG004959,THR01186,USR0116,ORG037,2026-08-23 20:04,question
MSG004177,THR01020,USR0186,ORG055,2026-07-29 10:42,question
MSG000503,THR00138,USR0242,ORG072,2026-02-04 11:00,question
MSG003926,THR00965,USR0234,ORG069,2026-07-20 16:45,assistant_response
MSG003491,THR00858,USR0050,ORG017,2026-07-15 13:00,question
MSG002754,THR00696,USR0226,ORG066,2026-06-02 14:19,assistant_response
MSG001817,THR00469,USR0194,ORG057,2026-04-13 14:05,question
MSG001896,THR00490,USR0214,ORG063,2026-04-22 16:56,assistant_response
MSG002511,THR00641,USR0017,ORG007,2026-05-11 09:59,question
MSG005229,THR01250,USR0030,ORG011,2026-08-12 07:10,question
MSG003337,THR00819,USR0078,ORG025,2026-06-22 21:30,question
MSG003116,THR00771,USR0171,ORG051,2026-06-15 08:12,assistant_response
MSG004686,THR01135,USR0249,ORG075,2026-08-23 21:08,assistant_response
MSG000745,THR00204,USR0042,ORG015,2026-02-21 08:05,question
MSG001636,THR00426,USR0115,ORG037,2026-04-24 16:32,assistant_response
MSG000145,THR00045,USR0123,ORG039,2026-01-10 22:57,question
MSG003493,THR00859,USR0055,ORG018,2026-07-04 22:38,question
MSG001198,THR00318,USR0206,ORG061,2026-03-03 21:55,assistant_response
MSG001575,THR00408,USR0084,ORG027,2026-04-27 15:50,question
MSG002244,THR00573,USR0061,ORG020,2026-05-24 14:29,assistant_response
MSG000315,THR00096,USR0029,ORG011,2026-01-27 10:33,question
MSG003288,THR00811,USR0144,ORG044,2026-06-15 09:33,assistant_response
MSG001084,THR00289,USR0071,ORG023,2026-03-13 11:51,assistant_response
MSG000987,THR00268,USR0045,ORG016,2026-03-15 10:49,question
MSG001880,THR00485,USR0151,ORG046,2026-04-15 11:08,assistant_response
MSG001219,THR00324,USR0158,ORG047,2026-03-04 13:33,question
MSG001546,THR00402,USR0192,ORG057,2026-04-27 08:35,assistant_response
MSG001485,THR00387,USR0018,ORG007,2026-04-17 11:35,question
MSG005018,THR01198,USR0007,ORG003,2026-08-20 09:42,assistant_response
MSG000845,THR00229,USR0164,ORG049,2026-03-10 22:40,question
MSG003883,THR00955,USR0064,ORG021,2026-07-30 13:43,question
MSG004613,THR01117,USR0030,ORG011,2026-08-21 16:26,question
MSG003516,THR00864,USR0021,ORG008,2026-07-05 10:56,assistant_response
MSG005270,THR01258,USR0090,ORG029,2026-08-14 14:15,assistant_response
MSG002159,THR00551,USR0186,ORG055,2026-05-20 10:42,question
MSG000943,THR00255,USR0123,ORG039,2026-03-10 10:11,question
MSG002304,THR00592,USR0265,ORG079,2026-05-18 07:56,assistant_response
MSG002044,THR00519,USR0045,ORG016,2026-05-10 21:24,assistant_response
MSG001531,THR00400,USR0227,ORG066,2026-04-25 17:23,question
MSG004189,THR01021,USR0131,ORG041,2026-07-10 10:20,question
MSG001250,THR00328,USR0150,ORG046,2026-03-09 18:11,assistant_response
MSG002030,THR00517,USR0061,ORG020,2026-05-18 07:48,assistant_response
MSG003514,THR00864,USR0021,ORG008,2026-07-05 11:04,assistant_response
MSG004925,THR01180,USR0117,ORG038,2026-08-29 15:18,question
MSG005172,THR01239,USR0108,ORG035,2026-08-16 14:33,assistant_response
MSG002312,THR00594,USR0138,ORG043,2026-05-06 13:35,assistant_response
MSG002372,THR00606,USR0121,ORG039,2026-05-18 20:54,assistant_response
MSG003934,THR00966,USR0220,ORG064,2026-07-07 09:57,assistant_response
MSG003559,THR00878,USR0212,ORG062,2026-07-28 13:34,question
MSG000066,THR00023,USR0253,ORG076,2026-01-15 21:58,assistant_response
MSG003520,THR00865,USR0250,ORG076,2026-07-03 07:00,assistant_response
MSG005193,THR01242,USR0066,ORG022,2026-08-10 07:31,question
MSG005260,THR01255,USR0127,ORG040,2026-08-17 18:02,assistant_response
MSG001938,THR00499,USR0091,ORG029,2026-05-22 09:11,assistant_response
MSG000112,THR00037,USR0044,ORG016,2026-01-10 19:41,assistant_response
MSG004097,THR01007,USR0159,ORG048,2026-07-15 22:37,question
MSG002820,THR00707,USR0181,ORG054,2026-06-12 16:29,assistant_response
MSG005296,THR01262,USR0259,ORG077,2026-08-25 17:26,assistant_response
MSG001034,THR00278,USR0033,ORG013,2026-03-26 19:15,assistant_response
MSG000174,THR00053,USR0192,ORG057,2026-01-08 07:29,assistant_response
MSG000884,THR00239,USR0221,ORG065,2026-03-04 07:06,assistant_response
MSG000899,THR00244,USR0179,ORG054,2026-03-16 10:31,question
MSG001077,THR00288,USR0046,ORG016,2026-03-24 10:06,question
MSG003186,THR00788,USR0123,ORG039,2026-06-20 14:35,assistant_response
MSG004112,THR01009,USR0091,ORG029,2026-07-21 08:47,assistant_response
MSG003276,THR00808,USR0257,ORG077,2026-06-09 20:59,assistant_response
MSG002662,THR00678,USR0004,ORG002,2026-06-10 14:31,assistant_response
MSG005056,THR01205,USR0097,ORG031,2026-08-22 22:44,assistant_response
MSG004684,THR01134,USR0217,ORG064,2026-08-15 22:54,assistant_response
MSG004507,THR01093,USR0162,ORG048,2026-08-18 09:37,question
MSG004007,THR00986,USR0188,ORG055,2026-07-12 07:52,question
MSG005325,THR01271,USR0018,ORG007,2026-08-29 13:42,question
MSG004942,THR01181,USR0130,ORG041,2026-08-22 21:28,assistant_response
MSG005173,THR01239,USR0108,ORG035,2026-08-16 14:40,question
MSG003927,THR00965,USR0234,ORG069,2026-07-20 16:53,question
MSG001631,THR00426,USR0115,ORG037,2026-04-24 16:26,question
MSG001314,THR00346,USR0128,ORG041,2026-04-21 07:24,assistant_response
MSG000259,THR00078,USR0263,ORG079,2026-01-26 12:01,question
MSG002714,THR00687,USR0026,ORG010,2026-06-22 19:28,assistant_response
MSG003450,THR00848,USR0047,ORG016,2026-06-12 17:23,assistant_response
MSG005308,THR01266,USR0168,ORG050,2026-08-22 21:36,assistant_response
MSG001096,THR00292,USR0045,ORG016,2026-03-29 10:08,assistant_response
MSG000330,THR00099,USR0048,ORG016,2026-01-17 12:37,assistant_response
MSG002334,THR00597,USR0022,ORG008,2026-05-28 22:28,assistant_response
MSG001553,THR00403,USR0260,ORG078,2026-04-13 11:53,question
MSG000907,THR00246,USR0176,ORG053,2026-03-21 10:45,question
MSG001626,THR00423,USR0244,ORG073,2026-04-30 18:32,assistant_response
MSG002943,THR00733,USR0186,ORG055,2026-06-03 19:50,question
MSG000048,THR00018,USR0224,ORG065,2026-01-28 10:15,assistant_response
MSG003556,THR00878,USR0212,ORG062,2026-07-28 13:24,assistant_response
MSG002898,THR00720,USR0099,ORG032,2026-06-08 08:34,assistant_response
MSG004854,THR01168,USR0108,ORG035,2026-08-20 18:02,assistant_response
MSG001326,THR00348,USR0164,ORG049,2026-04-20 14:03,assistant_response
MSG003600,THR00886,USR0008,ORG004,2026-07-24 20:55,assistant_response
MSG003593,THR00886,USR0008,ORG004,2026-07-24 20:50,question
MSG000891,THR00242,USR0213,ORG063,2026-03-30 09:09,question
MSG002208,THR00563,USR0221,ORG065,2026-05-17 20:28,assistant_response
MSG004896,THR01174,USR0005,ORG002,2026-08-04 21:27,assistant_response
MSG001493,THR00390,USR0035,ORG013,2026-04-03 19:35,question
MSG003509,THR00864,USR0021,ORG008,2026-07-05 10:50,question
MSG002986,THR00743,USR0083,ORG027,2026-06-22 16:44,assistant_response
MSG002452,THR00625,USR0140,ORG043,2026-05-18 21:23,assistant_response
MSG003067,THR00763,USR0200,ORG059,2026-06-06 11:09,question
MSG005036,THR01201,USR0160,ORG048,2026-08-19 20:47,assistant_response
MSG003856,THR00946,USR0097,ORG031,2026-07-26 10:27,assistant_response
MSG001853,THR00479,USR0202,ORG060,2026-04-07 21:55,question
MSG002050,THR00522,USR0192,ORG057,2026-05-31 07:35,assistant_response
MSG001275,THR00335,USR0154,ORG047,2026-03-09 12:05,question
MSG000057,THR00022,USR0102,ORG033,2026-01-06 11:50,question
MSG003993,THR00982,USR0200,ORG059,2026-07-16 10:36,question
MSG001015,THR00276,USR0048,ORG016,2026-03-13 15:52,question
MSG003365,THR00824,USR0244,ORG073,2026-06-10 22:55,question
MSG001260,THR00332,USR0232,ORG068,2026-03-10 21:16,assistant_response
MSG004214,THR01027,USR0095,ORG031,2026-07-21 21:50,assistant_response
MSG004335,THR01053,USR0021,ORG008,2026-07-15 18:45,question
MSG000695,THR00190,USR0190,ORG056,2026-02-11 20:02,question
MSG005369,THR01284,USR0199,ORG059,2026-08-22 11:21,question
MSG005082,THR01212,USR0185,ORG055,2026-08-02 07:12,assistant_response
MSG003530,THR00869,USR0155,ORG047,2026-07-12 20:00,assistant_response
MSG000831,THR00227,USR0169,ORG050,2026-03-15 17:37,question
MSG000073,THR00027,USR0030,ORG011,2026-01-12 16:04,question
MSG002905,THR00724,USR0195,ORG057,2026-06-24 17:25,question
MSG003294,THR00811,USR0144,ORG044,2026-06-15 09:51,assistant_response
MSG001526,THR00398,USR0156,ORG047,2026-04-10 15:53,assistant_response
MSG002865,THR00715,USR0211,ORG062,2026-06-10 21:47,question
MSG000043,THR00017,USR0167,ORG050,2026-01-06 21:53,question
MSG000878,THR00237,USR0044,ORG016,2026-03-04 14:42,assistant_response
MSG004740,THR01143,USR0259,ORG077,2026-08-21 21:48,assistant_response
MSG004908,THR01176,USR0156,ORG047,2026-08-26 14:20,assistant_response
MSG002692,THR00682,USR0248,ORG075,2026-06-06 22:55,assistant_response
MSG003772,THR00926,USR0180,ORG054,2026-07-10 22:01,assistant_response
MSG000049,THR00019,USR0041,ORG015,2026-01-13 16:47,question
MSG002915,THR00728,USR0156,ORG047,2026-06-25 16:29,question
MSG000472,THR00130,USR0136,ORG043,2026-02-20 22:12,assistant_response
MSG004000,THR00984,USR0254,ORG076,2026-07-19 19:39,assistant_response
MSG003794,THR00929,USR0156,ORG047,2026-07-16 17:08,assistant_response
MSG000291,THR00088,USR0149,ORG046,2026-01-29 16:54,question
MSG004224,THR01029,USR0128,ORG041,2026-07-17 12:01,assistant_response
MSG002498,THR00638,USR0026,ORG010,2026-05-18 07:27,assistant_response
MSG001782,THR00462,USR0195,ORG057,2026-04-25 18:39,assistant_response
MSG003225,THR00798,USR0207,ORG061,2026-06-28 11:54,question
MSG004660,THR01128,USR0120,ORG038,2026-08-12 16:28,assistant_response
MSG000019,THR00010,USR0250,ORG076,2026-01-17 16:02,question
MSG001746,THR00454,USR0136,ORG043,2026-04-15 08:06,assistant_response
MSG002169,THR00554,USR0083,ORG027,2026-05-05 08:59,question
MSG002405,THR00616,USR0163,ORG048,2026-05-21 16:45,question
MSG003958,THR00972,USR0244,ORG073,2026-07-22 19:31,assistant_response
MSG005000,THR01192,USR0034,ORG013,2026-08-26 11:18,assistant_response
MSG002377,THR00608,USR0265,ORG079,2026-05-18 17:55,question
MSG000966,THR00263,USR0113,ORG036,2026-03-10 08:17,assistant_response
MSG004417,THR01074,USR0024,ORG009,2026-08-17 10:36,question
MSG002047,THR00521,USR0201,ORG059,2026-05-26 16:40,question
MSG002769,THR00699,USR0170,ORG050,2026-06-07 13:16,question
MSG000928,THR00251,USR0053,ORG018,2026-03-26 12:23,assistant_response
MSG003058,THR00761,USR0010,ORG004,2026-06-07 18:03,assistant_response
MSG005097,THR01217,USR0088,ORG029,2026-08-31 21:00,question
MSG003106,THR00770,USR0268,ORG080,2026-06-04 07:26,assistant_response
MSG004060,THR00997,USR0244,ORG073,2026-07-14 13:22,assistant_response
MSG005348,THR01276,USR0033,ORG013,2026-08-08 10:55,assistant_response
MSG000418,THR00115,USR0259,ORG077,2026-02-15 15:58,assistant_response
MSG002895,THR00720,USR0099,ORG032,2026-06-08 08:29,question
MSG004209,THR01026,USR0181,ORG054,2026-07-14 17:30,question
MSG001093,THR00291,USR0078,ORG025,2026-03-30 20:41,question
MSG003007,THR00750,USR0067,ORG022,2026-06-20 22:33,question
MSG000616,THR00165,USR0216,ORG064,2026-02-12 19:30,assistant_response
MSG001433,THR00374,USR0016,ORG006,2026-04-14 12:40,question
MSG005005,THR01194,USR0151,ORG046,2026-08-28 19:25,question
MSG004289,THR01042,USR0197,ORG058,2026-07-23 20:47,question
MSG001381,THR00359,USR0187,ORG055,2026-04-03 18:54,question
MSG003676,THR00904,USR0148,ORG045,2026-07-31 09:06,assistant_response
MSG000347,THR00102,USR0255,ORG077,2026-02-21 16:41,question
MSG004327,THR01051,USR0226,ORG066,2026-07-02 13:09,question
MSG002001,THR00510,USR0152,ORG046,2026-05-29 13:20,question
MSG002827,THR00708,USR0132,ORG042,2026-06-29 20:01,question
MSG004378,THR01062,USR0029,ORG011,2026-07-24 09:43,assistant_response
MSG003482,THR00856,USR0073,ORG024,2026-07-16 07:34,assistant_response
MSG005177,THR01240,USR0240,ORG071,2026-08-24 21:28,question
MSG001558,THR00404,USR0103,ORG033,2026-04-27 08:15,assistant_response
MSG000114,THR00037,USR0044,ORG016,2026-01-10 19:43,assistant_response
MSG003322,THR00816,USR0027,ORG010,2026-06-22 16:59,assistant_response
MSG004869,THR01170,USR0009,ORG004,2026-08-30 11:45,question
MSG004362,THR01060,USR0246,ORG074,2026-07-15 15:39,assistant_response
MSG005140,THR01230,USR0022,ORG008,2026-08-15 17:31,assistant_response
MSG004079,THR01002,USR0268,ORG080,2026-07-07 18:29,question
MSG003930,THR00965,USR0234,ORG069,2026-07-20 16:55,assistant_response
MSG001118,THR00296,USR0028,ORG011,2026-03-26 14:31,assistant_response
MSG004168,THR01018,USR0189,ORG056,2026-07-27 16:02,assistant_response
MSG005284,THR01260,USR0081,ORG026,2026-08-09 16:42,assistant_response
MSG000088,THR00030,USR0032,ORG012,2026-01-15 10:53,assistant_response
MSG004038,THR00993,USR0258,ORG077,2026-07-26 17:10,assistant_response
MSG004540,THR01101,USR0082,ORG027,2026-08-06 08:51,assistant_response
MSG002342,THR00598,USR0141,ORG044,2026-05-16 13:09,assistant_response
MSG000693,THR00189,USR0255,ORG077,2026-02-15 10:59,question
MSG000471,THR00130,USR0136,ORG043,2026-02-20 22:12,question
MSG004713,THR01138,USR0079,ORG025,2026-08-04 18:47,question
MSG001353,THR00354,USR0073,ORG024,2026-04-19 13:59,question
MSG000768,THR00208,USR0017,ORG007,2026-02-06 17:22,assistant_response
MSG001967,THR00505,USR0207,ORG061,2026-05-03 18:17,question
MSG000629,THR00168,USR0238,ORG071,2026-02-22 20:34,question
MSG000652,THR00177,USR0090,ORG029,2026-02-21 20:35,assistant_response
MSG000739,THR00201,USR0077,ORG025,2026-02-08 13:39,question
MSG002562,THR00655,USR0194,ORG057,2026-05-12 11:31,assistant_response
MSG003331,THR00818,USR0144,ORG044,2026-06-09 15:02,question
MSG002504,THR00640,USR0176,ORG053,2026-05-14 16:54,assistant_response
MSG000713,THR00194,USR0252,ORG076,2026-02-15 12:46,question
MSG002501,THR00640,USR0176,ORG053,2026-05-14 16:50,question
MSG001875,THR00483,USR0066,ORG022,2026-04-04 19:47,question
MSG004265,THR01038,USR0106,ORG034,2026-07-20 13:52,question
MSG003505,THR00862,USR0172,ORG051,2026-07-03 10:17,question
MSG002260,THR00578,USR0267,ORG080,2026-05-10 08:53,assistant_response
MSG002350,THR00599,USR0066,ORG022,2026-05-02 20:36,assistant_response
MSG004115,THR01011,USR0187,ORG055,2026-07-22 09:25,question
MSG003840,THR00943,USR0155,ORG047,2026-07-09 18:13,assistant_response
MSG002900,THR00721,USR0114,ORG036,2026-06-24 13:48,assistant_response
MSG003596,THR00886,USR0008,ORG004,2026-07-24 20:55,assistant_response
MSG001500,THR00391,USR0142,ORG044,2026-04-17 22:08,assistant_response
MSG003751,THR00920,USR0060,ORG020,2026-07-10 07:25,question
MSG003427,THR00842,USR0053,ORG018,2026-06-02 09:11,question
MSG002041,THR00518,USR0024,ORG009,2026-05-23 09:34,question
MSG003033,THR00759,USR0247,ORG074,2026-06-05 21:57,question
MSG000434,THR00119,USR0264,ORG079,2026-02-05 17:59,assistant_response
MSG002191,THR00559,USR0036,ORG014,2026-05-08 19:24,question
MSG004650,THR01127,USR0003,ORG002,2026-08-15 17:20,assistant_response
MSG003104,THR00770,USR0268,ORG080,2026-06-04 07:19,assistant_response
MSG001169,THR00309,USR0061,ORG020,2026-03-25 07:21,question
MSG001036,THR00278,USR0033,ORG013,2026-03-26 19:21,assistant_response
MSG001274,THR00335,USR0154,ORG047,2026-03-09 12:01,assistant_response
MSG004208,THR01026,USR0181,ORG054,2026-07-14 17:29,assistant_response
MSG005186,THR01241,USR0214,ORG063,2026-08-07 21:31,assistant_response
MSG005068,THR01207,USR0084,ORG027,2026-08-04 22:00,assistant_response
MSG001046,THR00279,USR0146,ORG045,2026-03-11 11:48,assistant_response
MSG003907,THR00961,USR0055,ORG018,2026-07-06 18:24,question
MSG003299,THR00813,USR0006,ORG003,2026-06-16 21:32,question
MSG004520,THR01096,USR0174,ORG052,2026-08-30 21:20,assistant_response
MSG004356,THR01059,USR0166,ORG050,2026-07-05 07:05,assistant_response
MSG002828,THR00708,USR0132,ORG042,2026-06-29 20:01,assistant_response
MSG004886,THR01172,USR0040,ORG015,2026-08-18 08:00,assistant_response
MSG003192,THR00789,USR0197,ORG058,2026-06-03 17:27,assistant_response
MSG002606,THR00666,USR0107,ORG034,2026-05-21 23:03,assistant_response
MSG001399,THR00362,USR0194,ORG057,2026-04-10 16:08,question
MSG000393,THR00109,USR0161,ORG048,2026-02-07 12:43,question
MSG004845,THR01166,USR0024,ORG009,2026-08-06 09:19,question
MSG002221,THR00567,USR0004,ORG002,2026-05-19 10:33,question
MSG004519,THR01096,USR0174,ORG052,2026-08-30 21:20,question
MSG002311,THR00594,USR0138,ORG043,2026-05-06 13:35,question
MSG004688,THR01135,USR0249,ORG075,2026-08-23 21:15,assistant_response
MSG002859,THR00714,USR0061,ORG020,2026-06-06 18:07,question
MSG004334,THR01052,USR0019,ORG007,2026-07-16 15:18,assistant_response
MSG000783,THR00213,USR0231,ORG068,2026-03-16 14:22,question
MSG005305,THR01266,USR0168,ORG050,2026-08-22 21:31,question
MSG002512,THR00641,USR0017,ORG007,2026-05-11 09:59,assistant_response
MSG004313,THR01049,USR0145,ORG044,2026-07-29 15:45,question
MSG005333,THR01273,USR0003,ORG002,2026-08-02 19:49,question
MSG005017,THR01198,USR0007,ORG003,2026-08-20 09:42,question
MSG000861,THR00233,USR0210,ORG062,2026-03-22 22:11,question
MSG003102,THR00769,USR0051,ORG017,2026-06-27 11:25,assistant_response
MSG001821,THR00471,USR0010,ORG004,2026-04-04 19:26,question
MSG003090,THR00768,USR0098,ORG031,2026-06-11 22:53,assistant_response
MSG000803,THR00220,USR0048,ORG016,2026-03-20 17:55,question
MSG000081,THR00029,USR0022,ORG008,2026-01-15 13:22,question
MSG002242,THR00573,USR0061,ORG020,2026-05-24 14:28,assistant_response
MSG001850,THR00478,USR0210,ORG062,2026-04-04 15:39,assistant_response
MSG001199,THR00319,USR0160,ORG048,2026-03-11 09:35,question
MSG002239,THR00572,USR0177,ORG053,2026-05-25 19:47,question
MSG002733,THR00692,USR0101,ORG033,2026-06-18 14:15,question
MSG002973,THR00739,USR0233,ORG068,2026-06-14 21:05,question
MSG005246,THR01253,USR0244,ORG073,2026-08-06 16:37,assistant_response
MSG002699,THR00683,USR0154,ORG047,2026-06-02 19:11,question
MSG000541,THR00144,USR0259,ORG077,2026-02-15 15:14,question
MSG003333,THR00818,USR0144,ORG044,2026-06-09 15:10,question
MSG004493,THR01091,USR0149,ORG046,2026-08-02 22:25,question
MSG000902,THR00245,USR0035,ORG013,2026-03-10 08:51,assistant_response
MSG004354,THR01058,USR0014,ORG005,2026-07-10 10:25,assistant_response
MSG001021,THR00277,USR0002,ORG001,2026-03-28 09:46,question
MSG002213,THR00564,USR0247,ORG074,2026-05-26 19:22,question
MSG000636,THR00170,USR0058,ORG019,2026-02-02 20:41,assistant_response
MSG002028,THR00517,USR0061,ORG020,2026-05-18 07:41,assistant_response
MSG000213,THR00061,USR0044,ORG016,2026-01-17 18:19,question
MSG003105,THR00770,USR0268,ORG080,2026-06-04 07:26,question
MSG004909,THR01176,USR0156,ORG047,2026-08-26 14:26,question
MSG002592,THR00663,USR0035,ORG013,2026-05-02 11:19,assistant_response
MSG001258,THR00331,USR0239,ORG071,2026-03-11 20:09,assistant_response
MSG003439,THR00847,USR0247,ORG074,2026-06-04 18:21,question
MSG001344,THR00352,USR0089,ORG029,2026-04-06 14:37,assistant_response
MSG004190,THR01021,USR0131,ORG041,2026-07-10 10:20,assistant_response
MSG004618,THR01119,USR0144,ORG044,2026-08-29 11:44,assistant_response
MSG003049,THR00761,USR0010,ORG004,2026-06-07 17:51,question
MSG001579,THR00409,USR0198,ORG059,2026-04-02 12:54,question
MSG002207,THR00563,USR0221,ORG065,2026-05-17 20:28,question
MSG000579,THR00155,USR0112,ORG036,2026-02-25 14:50,question
MSG001670,THR00436,USR0008,ORG004,2026-04-29 18:00,assistant_response
MSG004391,THR01066,USR0068,ORG022,2026-08-12 10:53,question
MSG001174,THR00309,USR0061,ORG020,2026-03-25 07:23,assistant_response
MSG003485,THR00856,USR0073,ORG024,2026-07-16 07:54,question
MSG002083,THR00529,USR0100,ORG032,2026-05-11 22:28,question
MSG000683,THR00188,USR0195,ORG057,2026-02-15 18:19,question
MSG003737,THR00918,USR0152,ORG046,2026-07-16 16:48,question
MSG003278,THR00808,USR0257,ORG077,2026-06-09 21:00,assistant_response
MSG001338,THR00351,USR0029,ORG011,2026-04-25 14:36,assistant_response
MSG003128,THR00773,USR0164,ORG049,2026-06-25 21:42,assistant_response
MSG002136,THR00544,USR0106,ORG034,2026-05-17 18:24,assistant_response
MSG002089,THR00531,USR0220,ORG064,2026-05-06 07:20,question
MSG004505,THR01093,USR0162,ORG048,2026-08-18 09:29,question
MSG000610,THR00164,USR0093,ORG030,2026-02-25 11:55,assistant_response
MSG003458,THR00850,USR0200,ORG059,2026-06-29 10:41,assistant_response
MSG001053,THR00281,USR0081,ORG026,2026-03-15 21:00,question
MSG002273,THR00583,USR0036,ORG014,2026-05-30 09:35,question
MSG002942,THR00733,USR0186,ORG055,2026-06-03 19:51,assistant_response
MSG001770,THR00459,USR0140,ORG043,2026-04-27 19:56,assistant_response
MSG004523,THR01097,USR0185,ORG055,2026-08-26 22:51,question
MSG001100,THR00293,USR0197,ORG058,2026-03-12 20:20,assistant_response
MSG001764,THR00458,USR0176,ORG053,2026-04-06 10:25,assistant_response
MSG002456,THR00626,USR0234,ORG069,2026-05-21 20:33,assistant_response
MSG001161,THR00306,USR0090,ORG029,2026-03-04 07:45,question
MSG001541,THR00401,USR0046,ORG016,2026-04-07 21:33,question
MSG000301,THR00091,USR0189,ORG056,2026-01-15 11:47,question
MSG001943,THR00499,USR0091,ORG029,2026-05-22 09:23,question
MSG000367,THR00105,USR0161,ORG048,2026-02-28 17:50,question
MSG000812,THR00221,USR0212,ORG062,2026-03-13 09:52,assistant_response
MSG001720,THR00447,USR0267,ORG080,2026-04-09 11:38,assistant_response
MSG004183,THR01021,USR0131,ORG041,2026-07-10 09:59,question
MSG005034,THR01201,USR0160,ORG048,2026-08-19 20:38,assistant_response
MSG002885,THR00719,USR0241,ORG072,2026-06-23 18:11,question
MSG004282,THR01041,USR0044,ORG016,2026-07-01 22:12,assistant_response
MSG002564,THR00655,USR0194,ORG057,2026-05-12 11:28,assistant_response
MSG004018,THR00987,USR0183,ORG054,2026-07-14 18:05,assistant_response
MSG004728,THR01141,USR0023,ORG008,2026-08-14 22:36,assistant_response
MSG001146,THR00303,USR0080,ORG026,2026-03-18 17:32,assistant_response
MSG003645,THR00895,USR0139,ORG043,2026-07-23 14:02,question
MSG004376,THR01062,USR0029,ORG011,2026-07-24 09:36,assistant_response
MSG002404,THR00615,USR0173,ORG052,2026-05-14 20:06,assistant_response
MSG004256,THR01035,USR0077,ORG025,2026-07-03 18:26,assistant_response
MSG000379,THR00108,USR0197,ORG058,2026-02-28 20:22,question
MSG002463,THR00629,USR0268,ORG080,2026-05-27 11:22,question
MSG002364,THR00602,USR0133,ORG042,2026-05-06 15:15,assistant_response
MSG000001,THR00001,USR0014,ORG005,2026-01-20 15:01,question
MSG003466,THR00852,USR0123,ORG039,2026-06-16 19:12,assistant_response
MSG001406,THR00364,USR0114,ORG036,2026-04-21 10:59,assistant_response
MSG004460,THR01082,USR0250,ORG076,2026-08-10 18:52,assistant_response
MSG002979,THR00741,USR0179,ORG054,2026-06-02 11:54,question
MSG002446,THR00625,USR0140,ORG043,2026-05-18 21:08,assistant_response
MSG004147,THR01015,USR0074,ORG024,2026-07-04 12:33,question
MSG005196,THR01242,USR0066,ORG022,2026-08-10 07:34,assistant_response
MSG000694,THR00189,USR0255,ORG077,2026-02-15 10:59,assistant_response
MSG000287,THR00086,USR0038,ORG014,2026-01-15 13:04,question
MSG002104,THR00535,USR0072,ORG024,2026-05-29 13:28,assistant_response
MSG004608,THR01116,USR0085,ORG028,2026-08-14 08:25,assistant_response
MSG000720,THR00195,USR0251,ORG076,2026-02-06 08:33,assistant_response
MSG001321,THR00348,USR0164,ORG049,2026-04-20 14:01,question
MSG001690,THR00440,USR0173,ORG052,2026-04-14 11:27,assistant_response
MSG004712,THR01138,USR0079,ORG025,2026-08-04 18:22,assistant_response
MSG001056,THR00281,USR0081,ORG026,2026-03-15 21:02,assistant_response
MSG000321,THR00097,USR0083,ORG027,2026-01-11 14:36,question
MSG001008,THR00274,USR0127,ORG040,2026-03-25 19:31,assistant_response
MSG002575,THR00660,USR0187,ORG055,2026-05-25 14:20,question
MSG003664,THR00900,USR0258,ORG077,2026-07-22 20:17,assistant_response
MSG004545,THR01103,USR0175,ORG052,2026-08-26 18:49,question
MSG000044,THR00017,USR0167,ORG050,2026-01-06 21:53,assistant_response
MSG001475,THR00386,USR0215,ORG063,2026-04-18 22:48,question
MSG001481,THR00387,USR0018,ORG007,2026-04-17 11:11,question
MSG004951,THR01184,USR0143,ORG044,2026-08-30 20:34,question
MSG001700,THR00443,USR0020,ORG008,2026-04-13 15:49,assistant_response
MSG001017,THR00276,USR0048,ORG016,2026-03-13 15:53,question
MSG004416,THR01074,USR0024,ORG009,2026-08-17 10:32,assistant_response
MSG004791,THR01156,USR0051,ORG017,2026-08-11 11:30,question
MSG004251,THR01035,USR0077,ORG025,2026-07-03 18:22,question
MSG000524,THR00141,USR0090,ORG029,2026-02-14 13:13,assistant_response
MSG004939,THR01181,USR0130,ORG041,2026-08-22 21:03,question
MSG004343,THR01055,USR0146,ORG045,2026-07-06 12:52,question
MSG004395,THR01068,USR0217,ORG064,2026-08-03 20:51,question
MSG004556,THR01105,USR0054,ORG018,2026-08-23 09:03,assistant_response
MSG004983,THR01189,USR0028,ORG011,2026-08-27 17:43,question
MSG000162,THR00050,USR0140,ORG043,2026-01-15 11:53,assistant_response
MSG003321,THR00816,USR0027,ORG010,2026-06-22 16:59,question
MSG001515,THR00396,USR0206,ORG061,2026-04-02 19:56,question
MSG004404,THR01070,USR0238,ORG071,2026-08-22 14:51,assistant_response
MSG000521,THR00141,USR0090,ORG029,2026-02-14 13:03,question
MSG002665,THR00680,USR0080,ORG026,2026-06-05 15:23,question
MSG000815,THR00223,USR0075,ORG024,2026-03-03 12:27,question
MSG001026,THR00277,USR0002,ORG001,2026-03-28 09:58,assistant_response
MSG004682,THR01134,USR0217,ORG064,2026-08-15 23:01,assistant_response
MSG002445,THR00625,USR0140,ORG043,2026-05-18 21:08,question
MSG003553,THR00877,USR0167,ORG050,2026-07-08 10:20,question
MSG003967,THR00975,USR0256,ORG077,2026-07-22 07:11,question
MSG003146,THR00778,USR0026,ORG010,2026-06-04 19:03,assistant_response
MSG001484,THR00387,USR0018,ORG007,2026-04-17 11:13,assistant_response
MSG004857,THR01169,USR0232,ORG068,2026-08-09 14:42,question
MSG000775,THR00210,USR0200,ORG059,2026-02-22 17:24,question
MSG002243,THR00573,USR0061,ORG020,2026-05-24 14:29,question
MSG003929,THR00965,USR0234,ORG069,2026-07-20 16:55,question
MSG005243,THR01252,USR0036,ORG014,2026-08-13 13:32,question
MSG004694,THR01135,USR0249,ORG075,2026-08-23 21:32,assistant_response
MSG004808,THR01159,USR0248,ORG075,2026-08-01 20:40,assistant_response
MSG000189,THR00056,USR0111,ORG036,2026-01-27 11:43,question
MSG001843,THR00477,USR0268,ORG080,2026-04-12 10:04,question
MSG004176,THR01020,USR0186,ORG055,2026-07-29 10:38,assistant_response
MSG004008,THR00986,USR0188,ORG055,2026-07-12 07:52,assistant_response
MSG001000,THR00271,USR0087,ORG029,2026-03-11 16:18,assistant_response
MSG000677,THR00185,USR0112,ORG036,2026-02-16 14:01,question
MSG000956,THR00260,USR0249,ORG075,2026-03-05 13:52,assistant_response
MSG000984,THR00267,USR0053,ORG018,2026-03-24 14:25,assistant_response
MSG000096,THR00033,USR0199,ORG059,2026-01-14 17:49,assistant_response
MSG003010,THR00750,USR0067,ORG022,2026-06-20 22:37,assistant_response
MSG003647,THR00896,USR0029,ORG011,2026-07-17 18:56,question
MSG002255,THR00577,USR0190,ORG056,2026-05-03 08:46,question
MSG003131,THR00774,USR0081,ORG026,2026-06-09 10:05,question
MSG005330,THR01272,USR0268,ORG080,2026-08-21 10:25,assistant_response
MSG000735,THR00200,USR0009,ORG004,2026-02-17 20:53,question
MSG003076,THR00765,USR0122,ORG039,2026-06-12 21:59,assistant_response
MSG001414,THR00368,USR0025,ORG009,2026-04-13 21:46,assistant_response
MSG004884,THR01172,USR0040,ORG015,2026-08-18 08:09,assistant_response
MSG002480,THR00634,USR0041,ORG015,2026-05-14 14:45,assistant_response
MSG005289,THR01260,USR0081,ORG026,2026-08-09 16:48,question
MSG003250,THR00802,USR0097,ORG031,2026-06-18 20:21,assistant_response
MSG005100,THR01218,USR0098,ORG031,2026-08-07 19:44,assistant_response
MSG000974,THR00265,USR0262,ORG078,2026-03-04 10:20,assistant_response
MSG000279,THR00085,USR0110,ORG036,2026-01-20 16:46,question
MSG002008,THR00511,USR0004,ORG002,2026-05-21 09:15,assistant_response
MSG003310,THR00814,USR0151,ORG046,2026-06-10 12:02,assistant_response
MSG001218,THR00323,USR0005,ORG002,2026-03-31 17:07,assistant_response
MSG003554,THR00877,USR0167,ORG050,2026-07-08 10:20,assistant_response
MSG004862,THR01169,USR0232,ORG068,2026-08-09 14:50,assistant_response
MSG002773,THR00700,USR0248,ORG075,2026-06-20 11:48,question
MSG004223,THR01029,USR0128,ORG041,2026-07-17 12:01,question
MSG000962,THR00262,USR0228,ORG066,2026-03-16 12:05,assistant_response
MSG000430,THR00117,USR0261,ORG078,2026-02-13 08:02,assistant_response
MSG001472,THR00386,USR0215,ORG063,2026-04-18 22:39,assistant_response
MSG003882,THR00955,USR0064,ORG021,2026-07-30 13:37,assistant_response
MSG002913,THR00727,USR0265,ORG079,2026-06-25 08:12,question
MSG000787,THR00214,USR0096,ORG031,2026-03-22 19:05,question
MSG000462,THR00125,USR0057,ORG019,2026-02-07 07:28,assistant_response
MSG001379,THR00359,USR0187,ORG055,2026-04-03 18:47,question
MSG003499,THR00859,USR0055,ORG018,2026-07-04 22:44,question
MSG003085,THR00767,USR0228,ORG066,2026-06-17 07:53,question
MSG001210,THR00321,USR0253,ORG076,2026-03-25 13:50,assistant_response
MSG000836,THR00228,USR0070,ORG023,2026-03-10 17:42,assistant_response
MSG004716,THR01139,USR0074,ORG024,2026-08-05 20:03,assistant_response
MSG002968,THR00738,USR0256,ORG077,2026-06-18 07:48,assistant_response
MSG000075,THR00027,USR0030,ORG011,2026-01-12 16:05,question
MSG001603,THR00415,USR0112,ORG036,2026-04-15 16:47,question
MSG001787,THR00463,USR0067,ORG022,2026-04-16 22:09,question
MSG001719,THR00447,USR0267,ORG080,2026-04-09 11:38,question
MSG001187,THR00314,USR0092,ORG030,2026-03-30 08:41,question
MSG002385,THR00610,USR0131,ORG041,2026-05-16 10:34,question
MSG003953,THR00971,USR0256,ORG077,2026-07-09 15:52,question
MSG003620,THR00889,USR0254,ORG076,2026-07-08 09:35,assistant_response
MSG001127,THR00298,USR0199,ORG059,2026-03-28 20:23,question
MSG004729,THR01142,USR0173,ORG052,2026-08-26 19:30,question
MSG001341,THR00351,USR0029,ORG011,2026-04-25 14:42,question
MSG003749,THR00919,USR0227,ORG066,2026-07-11 10:48,question
MSG002491,THR00638,USR0026,ORG010,2026-05-18 07:14,question
MSG000444,THR00121,USR0154,ORG047,2026-02-16 07:23,assistant_response
MSG004755,THR01146,USR0085,ORG028,2026-08-23 07:36,question
MSG002650,THR00676,USR0110,ORG036,2026-06-13 15:41,assistant_response
MSG001073,THR00286,USR0228,ORG066,2026-03-01 07:44,question
MSG000798,THR00217,USR0003,ORG002,2026-03-31 16:28,assistant_response
MSG003226,THR00798,USR0207,ORG061,2026-06-28 11:54,assistant_response
MSG004490,THR01090,USR0222,ORG065,2026-08-14 22:47,assistant_response
MSG005117,THR01223,USR0034,ORG013,2026-08-06 20:00,question
MSG002314,THR00595,USR0136,ORG043,2026-05-07 14:12,assistant_response
MSG002319,THR00595,USR0136,ORG043,2026-05-07 14:18,question
MSG004325,THR01050,USR0085,ORG028,2026-07-11 23:16,question
MSG000589,THR00158,USR0168,ORG050,2026-02-28 21:12,question
MSG003204,THR00792,USR0091,ORG029,2026-06-10 19:04,assistant_response
MSG003207,THR00793,USR0195,ORG057,2026-06-11 22:41,question
MSG005124,THR01225,USR0248,ORG075,2026-08-23 22:30,assistant_response
MSG003879,THR00954,USR0023,ORG008,2026-07-03 16:42,question
MSG003461,THR00852,USR0123,ORG039,2026-06-16 19:04,question
MSG002765,THR00698,USR0008,ORG004,2026-06-11 10:19,question
MSG003214,THR00795,USR0232,ORG068,2026-06-18 16:24,assistant_response
MSG004489,THR01090,USR0222,ORG065,2026-08-14 22:47,question
MSG000177,THR00054,USR0075,ORG024,2026-01-05 08:24,question
MSG001305,THR00342,USR0196,ORG058,2026-03-22 20:11,question
MSG002451,THR00625,USR0140,ORG043,2026-05-18 21:23,question
MSG003210,THR00793,USR0195,ORG057,2026-06-11 22:43,assistant_response
MSG003994,THR00982,USR0200,ORG059,2026-07-16 10:36,assistant_response
MSG001467,THR00385,USR0117,ORG038,2026-04-18 08:53,question
MSG000431,THR00118,USR0171,ORG051,2026-02-26 22:33,question
MSG001844,THR00477,USR0268,ORG080,2026-04-12 10:04,assistant_response
MSG001726,THR00449,USR0103,ORG033,2026-04-25 15:56,assistant_response
MSG001251,THR00329,USR0168,ORG050,2026-03-11 21:17,question
MSG005321,THR01271,USR0018,ORG007,2026-08-29 13:28,question
MSG000482,THR00131,USR0148,ORG045,2026-02-23 13:44,assistant_response
MSG003086,THR00767,USR0228,ORG066,2026-06-17 07:53,assistant_response
MSG002388,THR00611,USR0132,ORG042,2026-05-12 07:26,assistant_response
MSG004056,THR00995,USR0206,ORG061,2026-07-26 14:53,assistant_response
MSG001768,THR00459,USR0140,ORG043,2026-04-27 19:48,assistant_response
MSG003919,THR00963,USR0254,ORG076,2026-07-25 18:45,question
MSG004702,THR01137,USR0210,ORG062,2026-08-04 10:23,assistant_response
MSG002241,THR00573,USR0061,ORG020,2026-05-24 14:28,question
MSG001012,THR00276,USR0048,ORG016,2026-03-13 15:44,assistant_response
MSG004116,THR01011,USR0187,ORG055,2026-07-22 09:25,assistant_response
MSG002531,THR00646,USR0166,ORG050,2026-05-06 08:59,question
MSG002623,THR00670,USR0098,ORG031,2026-06-07 14:36,question
MSG004907,THR01176,USR0156,ORG047,2026-08-26 14:20,question
MSG000282,THR00085,USR0110,ORG036,2026-01-20 16:46,assistant_response
MSG001195,THR00317,USR0027,ORG010,2026-03-06 14:51,question
MSG002322,THR00596,USR0055,ORG018,2026-05-04 09:43,assistant_response
MSG004928,THR01180,USR0117,ORG038,2026-08-29 15:24,assistant_response
MSG005272,THR01258,USR0090,ORG029,2026-08-14 14:19,assistant_response
MSG003734,THR00917,USR0164,ORG049,2026-07-05 07:47,assistant_response
MSG004095,THR01007,USR0159,ORG048,2026-07-15 22:41,question
MSG001794,THR00464,USR0161,ORG048,2026-04-01 14:47,assistant_response
MSG002432,THR00623,USR0146,ORG045,2026-05-15 11:08,assistant_response
MSG001186,THR00314,USR0092,ORG030,2026-03-30 08:35,assistant_response
MSG002589,THR00663,USR0035,ORG013,2026-05-02 11:12,question
MSG003774,THR00927,USR0228,ORG066,2026-07-24 20:51,assistant_response
MSG004410,THR01072,USR0245,ORG074,2026-08-10 11:15,assistant_response
MSG000076,THR00027,USR0030,ORG011,2026-01-12 16:05,assistant_response
MSG003239,THR00801,USR0223,ORG065,2026-06-18 13:42,question
MSG000874,THR00236,USR0215,ORG063,2026-03-18 09:05,assistant_response
MSG001820,THR00470,USR0230,ORG067,2026-04-03 22:28,assistant_response
MSG004840,THR01165,USR0129,ORG041,2026-08-27 19:36,assistant_response
MSG004929,THR01180,USR0117,ORG038,2026-08-29 15:27,question
MSG004258,THR01036,USR0233,ORG068,2026-07-27 22:07,assistant_response
MSG001035,THR00278,USR0033,ORG013,2026-03-26 19:21,question
MSG002991,THR00746,USR0219,ORG064,2026-06-27 09:18,question
MSG002619,THR00668,USR0021,ORG008,2026-06-24 09:53,question
MSG003471,THR00854,USR0022,ORG008,2026-06-13 10:18,question
MSG003180,THR00786,USR0066,ORG022,2026-06-17 10:40,assistant_response
MSG001556,THR00403,USR0260,ORG078,2026-04-13 11:55,assistant_response
MSG004388,THR01064,USR0084,ORG027,2026-07-13 19:20,assistant_response
MSG004834,THR01164,USR0238,ORG071,2026-08-31 17:01,assistant_response
MSG000507,THR00138,USR0242,ORG072,2026-02-04 11:12,question
MSG002547,THR00651,USR0080,ORG026,2026-05-12 09:15,question
MSG000014,THR00007,USR0026,ORG010,2026-01-22 09:17,assistant_response
MSG004727,THR01141,USR0023,ORG008,2026-08-14 22:36,question
MSG003115,THR00771,USR0171,ORG051,2026-06-15 08:12,question
MSG002568,THR00657,USR0240,ORG071,2026-05-09 12:04,assistant_response
MSG001044,THR00279,USR0146,ORG045,2026-03-11 11:39,assistant_response
MSG003013,THR00751,USR0093,ORG030,2026-06-29 14:45,question
MSG004693,THR01135,USR0249,ORG075,2026-08-23 21:32,question
MSG000952,THR00258,USR0086,ORG028,2026-03-16 16:08,assistant_response
MSG001542,THR00401,USR0046,ORG016,2026-04-07 21:33,assistant_response
MSG004852,THR01168,USR0108,ORG035,2026-08-20 17:56,assistant_response
MSG002788,THR00703,USR0185,ORG055,2026-06-28 10:01,assistant_response
MSG000731,THR00200,USR0009,ORG004,2026-02-17 20:51,question
MSG000913,THR00247,USR0090,ORG029,2026-03-18 12:23,question
MSG000719,THR00195,USR0251,ORG076,2026-02-06 08:33,question
MSG002384,THR00610,USR0131,ORG041,2026-05-16 10:31,assistant_response
MSG005103,THR01220,USR0097,ORG031,2026-08-28 16:50,question
MSG002123,THR00540,USR0258,ORG077,2026-05-01 15:15,question
MSG001832,THR00474,USR0028,ORG011,2026-04-27 14:54,assistant_response
MSG001912,THR00493,USR0032,ORG012,2026-04-23 16:27,assistant_response
MSG003580,THR00882,USR0031,ORG012,2026-07-09 11:28,assistant_response
MSG004604,THR01114,USR0186,ORG055,2026-08-31 07:28,assistant_response
MSG003127,THR00773,USR0164,ORG049,2026-06-25 21:42,question
MSG003089,THR00768,USR0098,ORG031,2026-06-11 22:53,question
MSG002812,THR00706,USR0157,ORG047,2026-06-11 22:28,assistant_response
MSG003636,THR00893,USR0208,ORG061,2026-07-06 18:40,assistant_response
MSG004921,THR01179,USR0090,ORG029,2026-08-03 11:47,question
MSG004719,THR01139,USR0074,ORG024,2026-08-05 20:07,question
MSG001834,THR00475,USR0243,ORG073,2026-04-23 18:45,assistant_response
MSG002727,THR00690,USR0044,ORG016,2026-06-13 20:49,question
MSG000741,THR00202,USR0182,ORG054,2026-02-09 19:05,question
MSG004031,THR00992,USR0051,ORG017,2026-07-26 22:06,question
MSG004379,THR01062,USR0029,ORG011,2026-07-24 09:44,question
MSG001113,THR00294,USR0044,ORG016,2026-03-08 17:01,question
MSG001009,THR00275,USR0138,ORG043,2026-03-21 20:24,question
MSG003902,THR00960,USR0259,ORG077,2026-07-28 22:23,assistant_response
MSG002111,THR00538,USR0242,ORG072,2026-05-21 11:23,question
MSG001806,THR00467,USR0241,ORG072,2026-04-28 22:55,assistant_response
MSG002297,THR00592,USR0265,ORG079,2026-05-18 07:44,question
MSG003142,THR00776,USR0146,ORG045,2026-06-19 14:10,assistant_response
MSG002675,THR00681,USR0048,ORG016,2026-06-19 19:36,question
MSG001313,THR00346,USR0128,ORG041,2026-04-21 07:24,question
MSG000240,THR00071,USR0224,ORG065,2026-01-29 19:47,assistant_response
MSG003563,THR00878,USR0212,ORG062,2026-07-28 13:28,question
MSG000865,THR00235,USR0246,ORG074,2026-03-19 19:34,question
MSG000733,THR00200,USR0009,ORG004,2026-02-17 20:52,question
MSG001397,THR00361,USR0090,ORG029,2026-04-23 18:16,question
MSG001734,THR00452,USR0057,ORG019,2026-04-27 22:09,assistant_response
MSG001994,THR00508,USR0021,ORG008,2026-05-22 17:48,assistant_response
MSG001974,THR00505,USR0207,ORG061,2026-05-03 18:26,assistant_response
MSG004430,THR01077,USR0214,ORG063,2026-08-29 16:20,assistant_response
MSG003950,THR00970,USR0174,ORG052,2026-07-07 19:07,assistant_response
MSG000948,THR00257,USR0217,ORG064,2026-03-06 22:40,assistant_response
MSG003656,THR00898,USR0035,ORG013,2026-07-18 13:10,assistant_response
MSG001377,THR00359,USR0187,ORG055,2026-04-03 18:50,question
MSG003825,THR00938,USR0009,ORG004,2026-07-28 15:13,question
MSG004496,THR01091,USR0149,ORG046,2026-08-02 22:31,assistant_response
MSG002469,THR00632,USR0192,ORG057,2026-05-07 20:56,question
MSG000714,THR00194,USR0252,ORG076,2026-02-15 12:46,assistant_response
MSG004080,THR01002,USR0268,ORG080,2026-07-07 18:29,assistant_response
MSG001048,THR00280,USR0025,ORG009,2026-03-02 10:40,assistant_response
MSG000261,THR00079,USR0225,ORG065,2026-01-02 11:04,question
MSG004134,THR01014,USR0161,ORG048,2026-07-11 19:51,assistant_response
MSG004685,THR01135,USR0249,ORG075,2026-08-23 21:08,question
MSG005174,THR01239,USR0108,ORG035,2026-08-16 14:40,assistant_response
MSG001173,THR00309,USR0061,ORG020,2026-03-25 07:23,question
MSG001599,THR00414,USR0141,ORG044,2026-04-14 19:54,question
MSG004974,THR01187,USR0050,ORG017,2026-08-01 22:39,assistant_response
MSG002408,THR00617,USR0203,ORG060,2026-05-09 21:49,assistant_response
MSG005297,THR01262,USR0259,ORG077,2026-08-25 17:28,question
MSG000823,THR00226,USR0004,ORG002,2026-03-31 19:28,question
MSG003901,THR00960,USR0259,ORG077,2026-07-28 22:23,question
MSG003506,THR00862,USR0172,ORG051,2026-07-03 10:17,assistant_response
MSG002854,THR00713,USR0070,ORG023,2026-06-14 12:01,assistant_response
MSG000667,THR00184,USR0021,ORG008,2026-02-28 09:18,question
MSG005019,THR01198,USR0007,ORG003,2026-08-20 09:41,question
MSG003279,THR00809,USR0020,ORG008,2026-06-19 22:45,question
MSG003970,THR00976,USR0168,ORG050,2026-07-05 16:39,assistant_response
MSG004971,THR01187,USR0050,ORG017,2026-08-01 22:34,question
MSG001914,THR00494,USR0232,ORG068,2026-04-04 14:47,assistant_response
MSG003640,THR00894,USR0037,ORG014,2026-07-13 17:33,assistant_response
MSG002667,THR00680,USR0080,ORG026,2026-06-05 15:25,question
MSG000375,THR00107,USR0137,ORG043,2026-02-15 14:09,question
MSG002951,THR00735,USR0077,ORG025,2026-06-06 11:11,question
MSG000137,THR00042,USR0193,ORG057,2026-01-05 12:25,question
MSG002640,THR00675,USR0191,ORG056,2026-06-14 20:54,assistant_response
MSG005154,THR01236,USR0141,ORG044,2026-08-07 11:54,assistant_response
MSG001540,THR00401,USR0046,ORG016,2026-04-07 21:34,assistant_response
MSG003385,THR00828,USR0140,ORG043,2026-06-11 15:27,question
MSG004219,THR01028,USR0103,ORG033,2026-07-21 16:22,question
MSG003893,THR00957,USR0257,ORG077,2026-07-25 14:32,question
MSG005066,THR01207,USR0084,ORG027,2026-08-04 22:00,assistant_response
MSG003703,THR00911,USR0025,ORG009,2026-07-05 18:18,question
MSG003019,THR00753,USR0107,ORG034,2026-06-26 20:26,question
MSG002037,THR00518,USR0024,ORG009,2026-05-23 09:36,question
MSG002290,THR00588,USR0129,ORG041,2026-05-23 21:26,assistant_response
MSG004347,THR01056,USR0109,ORG035,2026-07-19 07:37,question
MSG001007,THR00274,USR0127,ORG040,2026-03-25 19:31,question
MSG004931,THR01180,USR0117,ORG038,2026-08-29 15:32,question
MSG000211,THR00061,USR0044,ORG016,2026-01-17 18:18,question
MSG001138,THR00301,USR0257,ORG077,2026-03-25 20:27,assistant_response
MSG003292,THR00811,USR0144,ORG044,2026-06-15 09:41,assistant_response
MSG003744,THR00918,USR0152,ORG046,2026-07-16 17:09,assistant_response
MSG000026,THR00011,USR0029,ORG011,2026-01-01 13:33,assistant_response
MSG000821,THR00226,USR0004,ORG002,2026-03-31 19:21,question
MSG002706,THR00684,USR0223,ORG065,2026-06-14 11:09,assistant_response
MSG002917,THR00729,USR0028,ORG011,2026-06-23 11:29,question
MSG000469,THR00129,USR0236,ORG070,2026-02-18 17:34,question
MSG005004,THR01193,USR0222,ORG065,2026-08-03 10:43,assistant_response
MSG003101,THR00769,USR0051,ORG017,2026-06-27 11:25,question
MSG003265,THR00806,USR0093,ORG030,2026-06-15 20:38,question
MSG002960,THR00736,USR0159,ORG048,2026-06-24 21:20,assistant_response
MSG001963,THR00504,USR0095,ORG031,2026-05-17 09:55,question
MSG002583,THR00661,USR0199,ORG059,2026-05-07 22:52,question
MSG002811,THR00706,USR0157,ORG047,2026-06-11 22:28,question
MSG003038,THR00759,USR0247,ORG074,2026-06-05 22:11,assistant_response
MSG002758,THR00697,USR0044,ORG016,2026-06-04 08:22,assistant_response
MSG003519,THR00865,USR0250,ORG076,2026-07-03 07:00,question
MSG004952,THR01184,USR0143,ORG044,2026-08-30 20:34,assistant_response
MSG002761,THR00697,USR0044,ORG016,2026-06-04 08:36,question
MSG003877,THR00953,USR0263,ORG079,2026-07-19 08:30,question
MSG003981,THR00979,USR0010,ORG004,2026-07-31 08:31,question
MSG002178,THR00555,USR0133,ORG042,2026-05-30 12:36,assistant_response
MSG004261,THR01037,USR0098,ORG031,2026-07-31 15:20,question
MSG004940,THR01181,USR0130,ORG041,2026-08-22 21:03,assistant_response
MSG003078,THR00765,USR0122,ORG039,2026-06-12 21:59,assistant_response
MSG005183,THR01241,USR0214,ORG063,2026-08-07 21:28,question
MSG004279,THR01041,USR0044,ORG016,2026-07-01 22:08,question
MSG001730,THR00450,USR0210,ORG062,2026-04-10 12:08,assistant_response
MSG005232,THR01251,USR0201,ORG059,2026-08-06 10:08,assistant_response
MSG000343,THR00101,USR0136,ORG043,2026-01-21 13:49,question
MSG004772,THR01149,USR0093,ORG030,2026-08-31 07:29,assistant_response
MSG000060,THR00023,USR0253,ORG076,2026-01-15 21:43,assistant_response
MSG002180,THR00555,USR0133,ORG042,2026-05-30 12:57,assistant_response
MSG000501,THR00137,USR0116,ORG037,2026-02-21 14:03,question
MSG000078,THR00028,USR0260,ORG078,2026-01-13 21:37,assistant_response
MSG000826,THR00226,USR0004,ORG002,2026-03-31 19:35,assistant_response
MSG003975,THR00977,USR0267,ORG080,2026-07-25 22:56,question
MSG003915,THR00962,USR0117,ORG038,2026-07-14 11:03,question
MSG001924,THR00496,USR0161,ORG048,2026-05-31 08:05,assistant_response
MSG004798,THR01156,USR0051,ORG017,2026-08-11 11:30,assistant_response
MSG000244,THR00073,USR0266,ORG079,2026-01-09 09:46,assistant_response
MSG002803,THR00705,USR0046,ORG016,2026-06-06 13:34,question
MSG000527,THR00142,USR0096,ORG031,2026-02-24 16:56,question
MSG002268,THR00581,USR0185,ORG055,2026-05-08 07:10,assistant_response
MSG001022,THR00277,USR0002,ORG001,2026-03-28 09:46,assistant_response
MSG005352,THR01278,USR0098,ORG031,2026-08-20 13:59,assistant_response
MSG000703,THR00191,USR0075,ORG024,2026-02-01 15:43,question
MSG002402,THR00615,USR0173,ORG052,2026-05-14 20:00,assistant_response
MSG000654,THR00178,USR0196,ORG058,2026-02-26 17:44,assistant_response
MSG001361,THR00355,USR0020,ORG008,2026-04-03 08:19,question
MSG000895,THR00243,USR0160,ORG048,2026-03-11 21:50,question
MSG005116,THR01223,USR0034,ORG013,2026-08-06 19:54,assistant_response
MSG005136,THR01229,USR0044,ORG016,2026-08-10 21:33,assistant_response
MSG003611,THR00888,USR0018,ORG007,2026-07-14 19:30,question
MSG005300,THR01263,USR0260,ORG078,2026-08-02 21:01,assistant_response
MSG002125,THR00540,USR0258,ORG077,2026-05-01 15:14,question
MSG001572,THR00407,USR0251,ORG076,2026-04-20 21:23,assistant_response
MSG001497,THR00391,USR0142,ORG044,2026-04-17 22:04,question
MSG000484,THR00131,USR0148,ORG045,2026-02-23 13:48,assistant_response
MSG001647,THR00431,USR0235,ORG069,2026-04-05 17:56,question
MSG001521,THR00396,USR0206,ORG061,2026-04-02 20:14,question
MSG001742,THR00452,USR0057,ORG019,2026-04-27 22:33,assistant_response
MSG004646,THR01126,USR0025,ORG009,2026-08-25 10:28,assistant_response
MSG003692,THR00908,USR0033,ORG013,2026-07-01 15:01,assistant_response
MSG000904,THR00245,USR0035,ORG013,2026-03-10 08:58,assistant_response
MSG004118,THR01011,USR0187,ORG055,2026-07-22 09:32,assistant_response
MSG001491,THR00389,USR0223,ORG065,2026-04-07 11:59,question
MSG003986,THR00979,USR0010,ORG004,2026-07-31 08:36,assistant_response
MSG001623,THR00422,USR0019,ORG007,2026-04-19 13:27,question
MSG001101,THR00293,USR0197,ORG058,2026-03-12 20:23,question
MSG001527,THR00399,USR0051,ORG017,2026-04-28 14:08,question
MSG003070,THR00764,USR0162,ORG048,2026-06-23 08:17,assistant_response
MSG005366,THR01282,USR0112,ORG036,2026-08-14 16:55,assistant_response
MSG001398,THR00361,USR0090,ORG029,2026-04-23 18:16,assistant_response
MSG003531,THR00869,USR0155,ORG047,2026-07-12 20:01,question
MSG002363,THR00602,USR0133,ORG042,2026-05-06 15:15,question
MSG003415,THR00838,USR0142,ORG044,2026-06-25 08:24,question
MSG004301,THR01046,USR0258,ORG077,2026-07-16 17:56,question
MSG003423,THR00841,USR0221,ORG065,2026-06-07 10:58,question
MSG000573,THR00153,USR0189,ORG056,2026-02-20 14:34,question
MSG000794,THR00215,USR0038,ORG014,2026-03-03 15:09,assistant_response
MSG000013,THR00007,USR0026,ORG010,2026-01-22 09:17,question
MSG004029,THR00991,USR0012,ORG004,2026-07-11 19:36,question
MSG001380,THR00359,USR0187,ORG055,2026-04-03 18:47,assistant_response
MSG000053,THR00021,USR0179,ORG054,2026-01-12 11:15,question
MSG002524,THR00645,USR0049,ORG017,2026-05-17 13:30,assistant_response
MSG003261,THR00805,USR0213,ORG063,2026-06-28 22:07,question
MSG001717,THR00447,USR0267,ORG080,2026-04-09 11:31,question
MSG002204,THR00562,USR0048,ORG016,2026-05-16 11:58,assistant_response
MSG001170,THR00309,USR0061,ORG020,2026-03-25 07:21,assistant_response
MSG002822,THR00707,USR0181,ORG054,2026-06-12 16:18,assistant_response
MSG004691,THR01135,USR0249,ORG075,2026-08-23 21:11,question
MSG005212,THR01245,USR0201,ORG059,2026-08-13 13:25,assistant_response
MSG000896,THR00243,USR0160,ORG048,2026-03-11 21:50,assistant_response
MSG000729,THR00199,USR0211,ORG062,2026-02-01 07:36,question
MSG003372,THR00825,USR0200,ORG059,2026-06-16 15:09,assistant_response
MSG002523,THR00645,USR0049,ORG017,2026-05-17 13:30,question
MSG005261,THR01256,USR0237,ORG070,2026-08-19 08:47,question
MSG003136,THR00774,USR0081,ORG026,2026-06-09 10:06,assistant_response
MSG004368,THR01061,USR0232,ORG068,2026-07-11 11:19,assistant_response
MSG005313,THR01268,USR0083,ORG027,2026-08-06 07:38,question
MSG002476,THR00634,USR0041,ORG015,2026-05-14 14:33,assistant_response
MSG002072,THR00526,USR0028,ORG011,2026-05-28 21:41,assistant_response
MSG003497,THR00859,USR0055,ORG018,2026-07-04 22:52,question
MSG001359,THR00355,USR0020,ORG008,2026-04-03 08:14,question
MSG003465,THR00852,USR0123,ORG039,2026-06-16 19:12,question
MSG001547,THR00402,USR0192,ORG057,2026-04-27 08:44,question
MSG004248,THR01035,USR0077,ORG025,2026-07-03 18:10,assistant_response
MSG000659,THR00181,USR0212,ORG062,2026-02-14 11:24,question
MSG004802,THR01157,USR0104,ORG033,2026-08-08 14:35,assistant_response
MSG003258,THR00805,USR0213,ORG063,2026-06-28 21:57,assistant_response
MSG003149,THR00780,USR0102,ORG033,2026-06-23 09:59,question
MSG000757,THR00206,USR0223,ORG065,2026-02-21 17:44,question
MSG000957,THR00261,USR0259,ORG077,2026-03-21 22:26,question
MSG000102,THR00036,USR0073,ORG024,2026-01-30 18:19,assistant_response
MSG001323,THR00348,USR0164,ORG049,2026-04-20 14:04,question
MSG004738,THR01142,USR0173,ORG052,2026-08-26 19:38,assistant_response
MSG004933,THR01181,USR0130,ORG041,2026-08-22 21:00,question
MSG002027,THR00517,USR0061,ORG020,2026-05-18 07:41,question
MSG002084,THR00529,USR0100,ORG032,2026-05-11 22:28,assistant_response
MSG001208,THR00321,USR0253,ORG076,2026-03-25 13:53,assistant_response
MSG003732,THR00916,USR0084,ORG027,2026-07-18 16:23,assistant_response
MSG004960,THR01186,USR0116,ORG037,2026-08-23 20:04,assistant_response
MSG002141,THR00546,USR0141,ORG044,2026-05-27 15:37,question
MSG001212,THR00321,USR0253,ORG076,2026-03-25 13:52,assistant_response
MSG000232,THR00068,USR0022,ORG008,2026-01-11 16:32,assistant_response
MSG005169,THR01238,USR0007,ORG003,2026-08-16 11:55,question
MSG002961,THR00737,USR0104,ORG033,2026-06-01 15:00,question
MSG000283,THR00085,USR0110,ORG036,2026-01-20 16:50,question
MSG003914,THR00962,USR0117,ORG038,2026-07-14 10:50,assistant_response
MSG001986,THR00508,USR0021,ORG008,2026-05-22 17:24,assistant_response
MSG002022,THR00515,USR0129,ORG041,2026-05-18 09:40,assistant_response
MSG005367,THR01283,USR0088,ORG029,2026-08-09 10:38,question
MSG003157,THR00782,USR0239,ORG071,2026-06-16 14:14,question
MSG000473,THR00130,USR0136,ORG043,2026-02-20 22:17,question
MSG003017,THR00752,USR0001,ORG001,2026-06-04 07:35,question
MSG005202,THR01243,USR0215,ORG063,2026-08-14 19:48,assistant_response
MSG004003,THR00985,USR0165,ORG049,2026-07-02 07:37,question
MSG004175,THR01020,USR0186,ORG055,2026-07-29 10:38,question
MSG002856,THR00714,USR0061,ORG020,2026-06-06 17:53,assistant_response
MSG002092,THR00532,USR0224,ORG065,2026-05-09 18:08,assistant_response
MSG003575,THR00882,USR0031,ORG012,2026-07-09 11:11,question
MSG001592,THR00412,USR0243,ORG073,2026-04-30 11:41,assistant_response
MSG001331,THR00349,USR0242,ORG072,2026-04-17 18:51,question
MSG004634,THR01123,USR0160,ORG048,2026-08-17 17:48,assistant_response
MSG003153,THR00780,USR0102,ORG033,2026-06-23 10:03,question
MSG001020,THR00276,USR0048,ORG016,2026-03-13 16:04,assistant_response
MSG000319,THR00097,USR0083,ORG027,2026-01-11 14:25,question
MSG003349,THR00822,USR0197,ORG058,2026-06-08 21:46,question
MSG000584,THR00156,USR0042,ORG015,2026-02-17 21:38,assistant_response
MSG004820,THR01162,USR0257,ORG077,2026-08-07 11:30,assistant_response
MSG005252,THR01254,USR0235,ORG069,2026-08-09 13:14,assistant_response
MSG002522,THR00644,USR0128,ORG041,2026-05-13 21:23,assistant_response
MSG004011,THR00986,USR0188,ORG055,2026-07-12 08:00,question
MSG003147,THR00779,USR0092,ORG030,2026-06-23 21:39,question
MSG003057,THR00761,USR0010,ORG004,2026-06-07 18:03,question
MSG003233,THR00799,USR0028,ORG011,2026-06-01 18:19,question
MSG003407,THR00834,USR0045,ORG016,2026-06-28 11:29,question
MSG003315,THR00815,USR0156,ORG047,2026-06-24 15:05,question
MSG004026,THR00989,USR0173,ORG052,2026-07-06 07:34,assistant_response
MSG003066,THR00763,USR0200,ORG059,2026-06-06 11:01,assistant_response
MSG004102,THR01007,USR0159,ORG048,2026-07-15 22:43,assistant_response
MSG000106,THR00036,USR0073,ORG024,2026-01-30 18:27,assistant_response
MSG000035,THR00014,USR0182,ORG054,2026-01-03 19:55,question
MSG001554,THR00403,USR0260,ORG078,2026-04-13 11:53,assistant_response
MSG001268,THR00333,USR0156,ORG047,2026-03-27 08:15,assistant_response
MSG001604,THR00415,USR0112,ORG036,2026-04-15 16:47,assistant_response
MSG003845,THR00945,USR0249,ORG075,2026-07-14 18:00,question
MSG001120,THR00297,USR0256,ORG077,2026-03-21 09:33,assistant_response
MSG002730,THR00690,USR0044,ORG016,2026-06-13 20:51,assistant_response
MSG000590,THR00158,USR0168,ORG050,2026-02-28 21:12,assistant_response
MSG003940,THR00966,USR0220,ORG064,2026-07-07 10:03,assistant_response
MSG004965,THR01186,USR0116,ORG037,2026-08-23 20:13,question
MSG004606,THR01115,USR0265,ORG079,2026-08-31 09:05,assistant_response
MSG003074,THR00765,USR0122,ORG039,2026-06-12 21:58,assistant_response
MSG002321,THR00596,USR0055,ORG018,2026-05-04 09:43,question
MSG003716,THR00912,USR0083,ORG027,2026-07-23 16:39,assistant_response
MSG002506,THR00640,USR0176,ORG053,2026-05-14 17:02,assistant_response
MSG003799,THR00932,USR0252,ORG076,2026-07-02 16:53,question
MSG003117,THR00772,USR0160,ORG048,2026-06-01 16:40,question
MSG002108,THR00536,USR0039,ORG015,2026-05-29 08:01,assistant_response
MSG001440,THR00375,USR0106,ORG034,2026-04-07 20:49,assistant_response
MSG004529,THR01097,USR0185,ORG055,2026-08-26 23:00,question
MSG001252,THR00329,USR0168,ORG050,2026-03-11 21:17,assistant_response
MSG004401,THR01070,USR0238,ORG071,2026-08-22 14:45,question
MSG004876,THR01170,USR0009,ORG004,2026-08-30 12:05,assistant_response
MSG002460,THR00627,USR0178,ORG053,2026-05-16 14:51,assistant_response
MSG000682,THR00187,USR0105,ORG034,2026-02-13 14:35,assistant_response
MSG003502,THR00860,USR0219,ORG064,2026-07-11 19:20,assistant_response
MSG003125,THR00772,USR0160,ORG048,2026-06-01 16:52,question
MSG000163,THR00051,USR0231,ORG068,2026-01-29 18:59,question
MSG003949,THR00970,USR0174,ORG052,2026-07-07 19:07,question
MSG001277,THR00335,USR0154,ORG047,2026-03-09 12:11,question
MSG003551,THR00876,USR0228,ORG066,2026-07-19 17:26,question
MSG004993,THR01192,USR0034,ORG013,2026-08-26 11:03,question
MSG004140,THR01015,USR0074,ORG024,2026-07-04 12:13,assistant_response
MSG003463,THR00852,USR0123,ORG039,2026-06-16 19:07,question
MSG003616,THR00888,USR0018,ORG007,2026-07-14 19:32,assistant_response
MSG003857,THR00947,USR0068,ORG022,2026-07-30 07:30,question
MSG001375,THR00359,USR0187,ORG055,2026-04-03 18:45,question
MSG003095,THR00768,USR0098,ORG031,2026-06-11 23:14,question
MSG003263,THR00806,USR0093,ORG030,2026-06-15 20:35,question
MSG002946,THR00734,USR0194,ORG057,2026-06-18 19:02,assistant_response
MSG000656,THR00179,USR0154,ORG047,2026-02-13 12:48,assistant_response
MSG003942,THR00966,USR0220,ORG064,2026-07-07 10:01,assistant_response
MSG002228,THR00569,USR0219,ORG064,2026-05-21 15:21,assistant_response
MSG001650,THR00432,USR0250,ORG076,2026-04-11 12:20,assistant_response
MSG005207,THR01243,USR0215,ORG063,2026-08-14 20:03,question
MSG003673,THR00903,USR0034,ORG013,2026-07-07 21:05,question
MSG004723,THR01139,USR0074,ORG024,2026-08-05 20:31,question
MSG002338,THR00598,USR0141,ORG044,2026-05-16 12:52,assistant_response
MSG002484,THR00636,USR0094,ORG031,2026-05-05 16:07,assistant_response
MSG002040,THR00518,USR0024,ORG009,2026-05-23 09:40,assistant_response
MSG004964,THR01186,USR0116,ORG037,2026-08-23 20:10,assistant_response
MSG001446,THR00378,USR0219,ORG064,2026-04-03 16:52,assistant_response
MSG003474,THR00854,USR0022,ORG008,2026-06-13 10:21,assistant_response
MSG002007,THR00511,USR0004,ORG002,2026-05-21 09:15,question
MSG001619,THR00421,USR0255,ORG077,2026-04-10 15:58,question
MSG001345,THR00353,USR0184,ORG055,2026-04-30 07:45,question
MSG002552,THR00653,USR0055,ORG018,2026-05-05 22:14,assistant_response
MSG003827,THR00939,USR0237,ORG070,2026-07-29 11:22,question
MSG003492,THR00858,USR0050,ORG017,2026-07-15 13:00,assistant_response
MSG000641,THR00173,USR0112,ORG036,2026-02-25 08:08,question
MSG004157,THR01016,USR0029,ORG011,2026-07-16 19:08,question
MSG001936,THR00498,USR0189,ORG056,2026-05-25 13:57,assistant_response
MSG001675,THR00438,USR0067,ORG022,2026-04-04 19:32,question
MSG004497,THR01092,USR0250,ORG076,2026-08-08 08:33,question
MSG004855,THR01168,USR0108,ORG035,2026-08-20 18:02,question
MSG001423,THR00372,USR0038,ORG014,2026-04-11 12:56,question
MSG000752,THR00206,USR0223,ORG065,2026-02-21 17:41,assistant_response
MSG001029,THR00277,USR0002,ORG001,2026-03-28 10:14,question
MSG001673,THR00437,USR0003,ORG002,2026-04-21 14:17,question
MSG001160,THR00305,USR0060,ORG020,2026-03-15 08:25,assistant_response
MSG005197,THR01242,USR0066,ORG022,2026-08-10 07:37,question
MSG000427,THR00116,USR0202,ORG060,2026-02-12 17:50,question
MSG001577,THR00408,USR0084,ORG027,2026-04-27 15:49,question
MSG000574,THR00153,USR0189,ORG056,2026-02-20 14:34,assistant_response
MSG004028,THR00990,USR0217,ORG064,2026-07-19 20:17,assistant_response
MSG000530,THR00143,USR0055,ORG018,2026-02-11 16:29,assistant_response
MSG000050,THR00019,USR0041,ORG015,2026-01-13 16:47,assistant_response
MSG005160,THR01237,USR0005,ORG002,2026-08-25 16:18,assistant_response
MSG003624,THR00889,USR0254,ORG076,2026-07-08 09:43,assistant_response
MSG001504,THR00392,USR0268,ORG080,2026-04-26 20:07,assistant_response
MSG002635,THR00674,USR0227,ORG066,2026-06-30 18:57,question
MSG004272,THR01039,USR0097,ORG031,2026-07-14 12:32,assistant_response
MSG003126,THR00772,USR0160,ORG048,2026-06-01 16:52,assistant_response
MSG004982,THR01189,USR0028,ORG011,2026-08-27 17:40,assistant_response
MSG001823,THR00472,USR0001,ORG001,2026-04-27 09:50,question
MSG002035,THR00518,USR0024,ORG009,2026-05-23 09:25,question
MSG000443,THR00121,USR0154,ORG047,2026-02-16 07:23,question
MSG004419,THR01075,USR0130,ORG041,2026-08-12 15:37,question
MSG001687,THR00440,USR0173,ORG052,2026-04-14 11:35,question
MSG001985,THR00508,USR0021,ORG008,2026-05-22 17:24,question